solid OpenSCAD_Model
  facet normal -1 0 0
    outer loop
      vertex 10 0 7.5
      vertex 10 0.04108578473794999 98.5
      vertex 10 0.04108578473794999 7.5
    endloop
  endfacet
  facet normal -1 0 0
    outer loop
      vertex 10 0.04108578473794999 6.716036525492598
      vertex 10 0.05478104631726666 99.34839461449064
      vertex 10 0.05478104631726666 6.651605385509363
    endloop
  endfacet
  facet normal -1 0 0
    outer loop
      vertex 10 0.04108578473794999 6.716036525492598
      vertex 10 0.04108578473794999 7.5
      vertex 10 0.05478104631726666 99.34839461449064
    endloop
  endfacet
  facet normal -1 0 0
    outer loop
      vertex 10 0 7.5
      vertex 10 0 98.5
      vertex 10 0.04108578473794999 98.5
    endloop
  endfacet
  facet normal -1 0 0
    outer loop
      vertex 10 0.04108578473794999 7.5
      vertex 10 0.04108578473794999 98.5
      vertex 10 0.05478104631726666 99.34839461449064
    endloop
  endfacet
  facet normal -1 0 0
    outer loop
      vertex 10 0.04108578473794999 98.5
      vertex 10 0.04108578473794999 99.2839634745074
      vertex 10 0.05478104631726666 99.34839461449064
    endloop
  endfacet
  facet normal 1 0 0
    outer loop
      vertex 59 16.945218953682733 6.651605385509363
      vertex 59 16.95891421526205 6.716036525492598
      vertex 59 16.945218953682733 99.34839461449064
    endloop
  endfacet
  facet normal 1 0 0
    outer loop
      vertex 59 16.95891421526205 6.716036525492598
      vertex 59 16.95891421526205 7.5
      vertex 59 16.945218953682733 99.34839461449064
    endloop
  endfacet
  facet normal 1 0 0
    outer loop
      vertex 59 16.95891421526205 7.5
      vertex 59 17 7.5
      vertex 59 16.95891421526205 98.5
    endloop
  endfacet
  facet normal 1 0 0
    outer loop
      vertex 59 17 7.5
      vertex 59 17 98.5
      vertex 59 16.95891421526205 98.5
    endloop
  endfacet
  facet normal 1 0 0
    outer loop
      vertex 59 16.95891421526205 7.5
      vertex 59 16.95891421526205 98.5
      vertex 59 16.945218953682733 99.34839461449064
    endloop
  endfacet
  facet normal 1 0 0
    outer loop
      vertex 59 16.95891421526205 98.5
      vertex 59 16.95891421526205 99.2839634745074
      vertex 59 16.945218953682733 99.34839461449064
    endloop
  endfacet
  facet normal 0.10452846326765308 -0.9945218953682733 0
    outer loop
      vertex 59.390905129884594 0.04108578473794999 6.716036525492598
      vertex 61.079116908177596 0.2185239926619431 5.881255389921478
      vertex 59.390905129884594 0.04108578473794999 7.5
    endloop
  endfacet
  facet normal 0.10452846326765304 -0.9945218953682733 0
    outer loop
      vertex 59 0 7.5
      vertex 59.390905129884594 0.04108578473794999 7.5
      vertex 59 0 98.5
    endloop
  endfacet
  facet normal 0.10452846326765311 -0.9945218953682734 2.2855277845477795e-19
    outer loop
      vertex 59.390905129884594 0.04108578473794999 7.5
      vertex 61.079116908177596 0.2185239926619431 5.881255389921478
      vertex 59 0 98.5
    endloop
  endfacet
  facet normal 0.3090169943749474 -0.9510565162951535 0
    outer loop
      vertex 61.079116908177596 0.2185239926619431 5.881255389921478
      vertex 61.53631336886221 0.3670761277863477 5.182372542187892
      vertex 61.079116908177596 0.2185239926619431 100.11874461007852
    endloop
  endfacet
  facet normal 0.309016994374949 -0.9510565162951531 8.371428800614535e-18
    outer loop
      vertex 61.53631336886221 0.3670761277863477 5.182372542187892
      vertex 63.067366430758 0.8645454235739916 4.065038209960612
      vertex 61.079116908177596 0.2185239926619431 100.11874461007852
    endloop
  endfacet
  facet normal 0.4999999999999936 -0.8660254037844424 0
    outer loop
      vertex 63.067366430758 0.8645454235739916 4.065038209960612
      vertex 63.310310888443276 1.0048094716167109 3.75
      vertex 63.067366430758 0.8645454235739916 101.93496179003938
    endloop
  endfacet
  facet normal 0.4999999999999979 -0.8660254037844399 1.4239577492290447e-17
    outer loop
      vertex 63.310310888443276 1.0048094716167109 3.75
      vertex 64.87785252292474 1.9098300562505255 2.504346029655764
      vertex 63.067366430758 0.8645454235739916 101.93496179003938
    endloop
  endfacet
  facet normal 0.6691306063590117 -0.7431448254772559 -3.481587787300487e-21
    outer loop
      vertex 64.89627064618178 1.926413808919543 2.4815204523085654
      vertex 64.87785252292474 1.9098300562505255 103.49565397034424
      vertex 64.87785252292474 1.9098300562505255 2.504346029655764
    endloop
  endfacet
  facet normal 0.6691306063588562 -0.7431448254773959 0
    outer loop
      vertex 64.89627064618178 1.926413808919543 2.4815204523085654
      vertex 66.04198255488441 2.9580174451155896 1.5526603661652842
      vertex 64.89627064618178 1.926413808919543 103.51847954769144
    endloop
  endfacet
  facet normal 0.6691306063588677 -0.7431448254773857 -1.2723211801994801e-19
    outer loop
      vertex 66.04198255488441 2.9580174451155896 1.5526603661652842
      vertex 66.43144825477394 3.3086939364114176 1.903336857461106
      vertex 66.43144825477394 3.3086939364114176 104.09666314253889
    endloop
  endfacet
  facet normal 0.8090169943749439 -0.587785252292478 0
    outer loop
      vertex 66.43144825477394 3.3086939364114176 1.903336857461106
      vertex 67.07358619108047 4.192520982392378 2.4815204523085654
      vertex 66.43144825477394 3.3086939364114176 104.09666314253889
    endloop
  endfacet
  facet normal 0.8090169943749526 -0.587785252292466 5.455268588996463e-20
    outer loop
      vertex 67.07358619108047 4.192520982392378 2.4815204523085654
      vertex 67.66025403784438 5 3.2889994699161846
      vertex 67.66025403784438 5 102.71100053008382
    endloop
  endfacet
  facet normal 0.913545457642601 -0.4067366430757999 0
    outer loop
      vertex 67.66025403784438 5 3.2889994699161846
      vertex 67.99519052838329 5.75227967467281 3.75
      vertex 67.66025403784438 5 102.71100053008382
    endloop
  endfacet
  facet normal 0.9135454576425993 -0.40673664307580387 2.3341197703853777e-19
    outer loop
      vertex 67.99519052838329 5.75227967467281 3.75
      vertex 68.51056516295154 6.9098300562505255 4.907550381577728
      vertex 68.51056516295154 6.9098300562505255 101.09244961842228
    endloop
  endfacet
  facet normal 0.978147600733805 -0.2079116908177622 -6.486340757444275e-20
    outer loop
      vertex 68.51056516295154 6.9098300562505255 4.907550381577728
      vertex 68.63292387221365 7.485482524001988 5.182372542187892
      vertex 68.63292387221365 7.485482524001988 100.81762745781211
    endloop
  endfacet
  facet normal 0.9781476007338046 -0.207911690817764 1.1845247131007014e-20
    outer loop
      vertex 68.63292387221365 7.485482524001988 5.182372542187892
      vertex 68.84440250558191 8.48041127005763 6.177301288243534
      vertex 68.84440250558191 8.48041127005763 99.82269871175646
    endloop
  endfacet
  facet normal 0.10452846326765299 -0.9945218953682734 -1.3727647746351198e-18
    outer loop
      vertex 61.079116908177596 0.2185239926619431 5.881255389921478
      vertex 59.390905129884594 0.04108578473794999 98.5
      vertex 59 0 98.5
    endloop
  endfacet
  facet normal 0.10452846326765192 -0.9945218953682735 -1.1132502700551348e-17
    outer loop
      vertex 61.079116908177596 0.2185239926619431 5.881255389921478
      vertex 59.390905129884594 0.04108578473794999 99.2839634745074
      vertex 59.390905129884594 0.04108578473794999 98.5
    endloop
  endfacet
  facet normal 0.10452846326765308 -0.9945218953682733 0
    outer loop
      vertex 61.079116908177596 0.2185239926619431 5.881255389921478
      vertex 61.079116908177596 0.2185239926619431 100.11874461007852
      vertex 59.390905129884594 0.04108578473794999 99.2839634745074
    endloop
  endfacet
  facet normal 0.30901699437494745 -0.9510565162951535 -2.5716945681553195e-17
    outer loop
      vertex 63.067366430758 0.8645454235739916 4.065038209960612
      vertex 61.53631336886221 0.3670761277863477 100.81762745781211
      vertex 61.079116908177596 0.2185239926619431 100.11874461007852
    endloop
  endfacet
  facet normal 0.30901699437494895 -0.9510565162951532 0
    outer loop
      vertex 63.067366430758 0.8645454235739916 4.065038209960612
      vertex 63.067366430758 0.8645454235739916 101.93496179003938
      vertex 61.53631336886221 0.3670761277863477 100.81762745781211
    endloop
  endfacet
  facet normal 0.49999999999999367 -0.8660254037844423 -8.714642192458907e-17
    outer loop
      vertex 64.87785252292474 1.9098300562505255 2.504346029655764
      vertex 63.310310888443276 1.0048094716167109 102.25
      vertex 63.067366430758 0.8645454235739916 101.93496179003938
    endloop
  endfacet
  facet normal 0.49999999999999784 -0.8660254037844398 0
    outer loop
      vertex 64.87785252292474 1.9098300562505255 2.504346029655764
      vertex 64.87785252292474 1.9098300562505255 103.49565397034424
      vertex 63.310310888443276 1.0048094716167109 102.25
    endloop
  endfacet
  facet normal 0.6691306063590118 -0.7431448254772559 0
    outer loop
      vertex 64.89627064618178 1.926413808919543 2.4815204523085654
      vertex 64.89627064618178 1.926413808919543 103.51847954769144
      vertex 64.87785252292474 1.9098300562505255 103.49565397034424
    endloop
  endfacet
  facet normal 0.6691306063588591 -0.7431448254773934 5.831138926650858e-17
    outer loop
      vertex 66.04198255488441 2.9580174451155896 1.5526603661652842
      vertex 66.43144825477394 3.3086939364114176 104.09666314253889
      vertex 64.89627064618178 1.926413808919543 103.51847954769144
    endloop
  endfacet
  facet normal 0.8090169943749438 -0.587785252292478 0
    outer loop
      vertex 67.07358619108047 4.192520982392378 2.4815204523085654
      vertex 67.07358619108047 4.192520982392378 103.51847954769144
      vertex 66.43144825477394 3.3086939364114176 104.09666314253889
    endloop
  endfacet
  facet normal 0.6691306063588617 -0.7431448254773912 -1.2015121742162153e-14
    outer loop
      vertex 64.89627064618178 1.926413808919543 103.51847954769144
      vertex 66.43144825477394 3.3086939364114176 104.09666314253889
      vertex 66.04198255488441 2.9580174451155896 104.44733963383472
    endloop
  endfacet
  facet normal 0.8090169943749527 -0.5877852522924661 0
    outer loop
      vertex 67.07358619108047 4.192520982392378 2.4815204523085654
      vertex 67.66025403784438 5 102.71100053008382
      vertex 67.07358619108047 4.192520982392378 103.51847954769144
    endloop
  endfacet
  facet normal 0.9135454576426012 -0.40673664307579993 0
    outer loop
      vertex 67.99519052838329 5.75227967467281 3.75
      vertex 67.99519052838329 5.75227967467281 102.25
      vertex 67.66025403784438 5 102.71100053008382
    endloop
  endfacet
  facet normal 0.9135454576425993 -0.4067366430758039 0
    outer loop
      vertex 67.99519052838329 5.75227967467281 3.75
      vertex 68.51056516295154 6.9098300562505255 101.09244961842228
      vertex 67.99519052838329 5.75227967467281 102.25
    endloop
  endfacet
  facet normal 0.978147600733805 -0.20791169081776223 0
    outer loop
      vertex 68.51056516295154 6.9098300562505255 4.907550381577728
      vertex 68.63292387221365 7.485482524001988 100.81762745781211
      vertex 68.51056516295154 6.9098300562505255 101.09244961842228
    endloop
  endfacet
  facet normal 0.9781476007338046 -0.20791169081776398 0
    outer loop
      vertex 68.63292387221365 7.485482524001988 5.182372542187892
      vertex 68.84440250558191 8.48041127005763 99.82269871175646
      vertex 68.63292387221365 7.485482524001988 100.81762745781211
    endloop
  endfacet
  facet normal -0.40673664307579976 -0.9135454576426012 0
    outer loop
      vertex 5.752279674672799 1.0048094716167109 3.75
      vertex 6.909830056250527 0.48943483704846535 4.907550381577721
      vertex 5.752279674672799 1.0048094716167109 102.25
    endloop
  endfacet
  facet normal -0.20791169081775956 -0.9781476007338055 -9.312824583517075e-20
    outer loop
      vertex 6.909830056250527 0.48943483704846535 4.907550381577721
      vertex 7.4854825240020055 0.3670761277863477 5.182372542187892
      vertex 7.4854825240020055 0.3670761277863477 100.81762745781211
    endloop
  endfacet
  facet normal -0.20791169081776004 -0.9781476007338056 1.2639325390717236e-19
    outer loop
      vertex 7.4854825240020055 0.3670761277863477 5.182372542187892
      vertex 8.954715367323466 0.05478104631726666 6.651605385509363
      vertex 8.954715367323466 0.05478104631726666 99.34839461449064
    endloop
  endfacet
  facet normal -0.40673664307580015 -0.9135454576426009 0
    outer loop
      vertex 5.752279674672799 1.0048094716167109 3.75
      vertex 5.752279674672799 1.0048094716167109 102.25
      vertex 5 1.3397459621556145 3.2889994699161917
    endloop
  endfacet
  facet normal -0.5877852522924721 -0.8090169943749481 0
    outer loop
      vertex 4.192520982392374 1.926413808919543 2.4815204523085654
      vertex 5 1.3397459621556145 3.2889994699161917
      vertex 4.192520982392374 1.926413808919543 103.51847954769144
    endloop
  endfacet
  facet normal -0.5877852522924728 -0.8090169943749476 0
    outer loop
      vertex 4.192520982392374 1.926413808919543 2.4815204523085654
      vertex 4.192520982392374 1.926413808919543 103.51847954769144
      vertex 3.308693936411416 2.568551745226058 1.903336857461106
    endloop
  endfacet
  facet normal -0.7431448254773915 -0.6691306063588613 8.188171498890408e-21
    outer loop
      vertex 1.9264138089195413 4.103729353818229 2.4815204523085654
      vertex 1.9098300562505273 4.122147477075268 103.49565397034424
      vertex 1.9098300562505273 4.122147477075268 2.504346029655764
    endloop
  endfacet
  facet normal -0.7431448254773936 -0.6691306063588589 3.982391004036144e-17
    outer loop
      vertex 3.308693936411416 2.568551745226058 1.903336857461106
      vertex 1.9098300562505273 4.122147477075268 103.49565397034424
      vertex 2.9580174451155905 2.9580174451155914 1.5526603661652842
    endloop
  endfacet
  facet normal -0.7431448254773955 -0.6691306063588569 -1.9839432147529398e-18
    outer loop
      vertex 2.9580174451155905 2.9580174451155914 1.5526603661652842
      vertex 1.9098300562505273 4.122147477075268 103.49565397034424
      vertex 1.9264138089195413 4.103729353818229 2.4815204523085654
    endloop
  endfacet
  facet normal 0 -1 0
    outer loop
      vertex 8.954715367323466 0.05478104631726666 6.651605385509363
      vertex 10 0.05478104631726666 6.651605385509363
      vertex 8.954715367323466 0.05478104631726666 99.34839461449064
    endloop
  endfacet
  facet normal -0.8660254037844388 -0.49999999999999983 3.668387134092744e-18
    outer loop
      vertex 1.9098300562505273 4.122147477075268 2.504346029655764
      vertex 0.8645454235739933 5.932633569241998 101.93496179003938
      vertex 1.00480947161671 5.68968911155673 3.75
    endloop
  endfacet
  facet normal -0.8660254037844394 -0.4999999999999988 -1.1981829804252808e-19
    outer loop
      vertex 1.00480947161671 5.68968911155673 3.75
      vertex 0.8645454235739933 5.932633569241998 101.93496179003938
      vertex 0.8645454235739933 5.932633569241998 4.065038209960612
    endloop
  endfacet
  facet normal -0.9510565162951532 -0.3090169943749487 8.690879852520202e-19
    outer loop
      vertex 0.8645454235739933 5.932633569241998 4.065038209960612
      vertex 0.2185239926619431 7.9208830918224065 100.11874461007852
      vertex 0.3670761277863477 7.4636866311377945 5.182372542187892
    endloop
  endfacet
  facet normal -0.9510565162951533 -0.3090169943749485 -1.920717481042832e-20
    outer loop
      vertex 0.3670761277863477 7.4636866311377945 5.182372542187892
      vertex 0.2185239926619431 7.9208830918224065 100.11874461007852
      vertex 0.2185239926619431 7.9208830918224065 5.881255389921485
    endloop
  endfacet
  facet normal -0.9945218953682734 -0.10452846326765293 5.78413521103205e-20
    outer loop
      vertex 0.2185239926619431 7.9208830918224065 5.881255389921485
      vertex 0.155597494418096 8.519588729942368 99.82269871175646
      vertex 0.155597494418096 8.519588729942368 6.177301288243534
    endloop
  endfacet
  facet normal -0.20791169081776004 -0.9781476007338056 0
    outer loop
      vertex 7.4854825240020055 0.3670761277863477 5.182372542187892
      vertex 8.954715367323466 0.05478104631726666 99.34839461449064
      vertex 7.4854825240020055 0.3670761277863477 100.81762745781211
    endloop
  endfacet
  facet normal -0.4067366430757997 -0.9135454576426011 0
    outer loop
      vertex 6.909830056250527 0.48943483704846535 4.907550381577721
      vertex 6.909830056250527 0.48943483704846535 101.09244961842228
      vertex 5.752279674672799 1.0048094716167109 102.25
    endloop
  endfacet
  facet normal -0.2079116908177596 -0.9781476007338056 0
    outer loop
      vertex 6.909830056250527 0.48943483704846535 4.907550381577721
      vertex 7.4854825240020055 0.3670761277863477 100.81762745781211
      vertex 6.909830056250527 0.48943483704846535 101.09244961842228
    endloop
  endfacet
  facet normal -0.4067366430758002 -0.913545457642601 0
    outer loop
      vertex 5 1.3397459621556145 3.2889994699161917
      vertex 5.752279674672799 1.0048094716167109 102.25
      vertex 5 1.3397459621556145 102.71100053008381
    endloop
  endfacet
  facet normal -0.5877852522924721 -0.8090169943749481 0
    outer loop
      vertex 5 1.3397459621556145 3.2889994699161917
      vertex 5 1.3397459621556145 102.71100053008381
      vertex 4.192520982392374 1.926413808919543 103.51847954769144
    endloop
  endfacet
  facet normal -0.5877852522924729 -0.8090169943749477 0
    outer loop
      vertex 3.308693936411416 2.568551745226058 1.903336857461106
      vertex 4.192520982392374 1.926413808919543 103.51847954769144
      vertex 3.308693936411416 2.568551745226058 104.09666314253889
    endloop
  endfacet
  facet normal -0.743144825477395 -0.6691306063588575 0
    outer loop
      vertex 3.308693936411416 2.568551745226058 1.903336857461106
      vertex 3.308693936411416 2.568551745226058 104.09666314253889
      vertex 1.9264138089195413 4.103729353818229 103.51847954769144
    endloop
  endfacet
  facet normal -0.7431448254773946 -0.6691306063588579 1.063277243572827e-16
    outer loop
      vertex 3.308693936411416 2.568551745226058 1.903336857461106
      vertex 1.9264138089195413 4.103729353818229 103.51847954769144
      vertex 1.9098300562505273 4.122147477075268 103.49565397034424
    endloop
  endfacet
  facet normal 0 -1 0
    outer loop
      vertex 10 0.05478104631726666 6.651605385509363
      vertex 10 0.05478104631726666 99.34839461449064
      vertex 8.954715367323466 0.05478104631726666 99.34839461449064
    endloop
  endfacet
  facet normal -0.7431448254773945 -0.6691306063588578 -2.134568955313199e-15
    outer loop
      vertex 3.308693936411416 2.568551745226058 104.09666314253889
      vertex 2.9580174451155905 2.9580174451155914 104.44733963383472
      vertex 1.9264138089195413 4.103729353818229 103.51847954769144
    endloop
  endfacet
  facet normal -0.8660254037844387 -0.49999999999999983 0
    outer loop
      vertex 1.9098300562505273 4.122147477075268 2.504346029655764
      vertex 1.9098300562505273 4.122147477075268 103.49565397034424
      vertex 1.00480947161671 5.68968911155673 102.25
    endloop
  endfacet
  facet normal -0.8660254037844393 -0.499999999999999 -2.2281523392788823e-17
    outer loop
      vertex 1.9098300562505273 4.122147477075268 2.504346029655764
      vertex 1.00480947161671 5.68968911155673 102.25
      vertex 0.8645454235739933 5.932633569241998 101.93496179003938
    endloop
  endfacet
  facet normal -0.9510565162951532 -0.3090169943749487 0
    outer loop
      vertex 0.8645454235739933 5.932633569241998 4.065038209960612
      vertex 0.8645454235739933 5.932633569241998 101.93496179003938
      vertex 0.3670761277863477 7.4636866311377945 100.81762745781211
    endloop
  endfacet
  facet normal -0.9510565162951533 -0.30901699437494856 -2.592373618095265e-18
    outer loop
      vertex 0.8645454235739933 5.932633569241998 4.065038209960612
      vertex 0.3670761277863477 7.4636866311377945 100.81762745781211
      vertex 0.2185239926619431 7.9208830918224065 100.11874461007852
    endloop
  endfacet
  facet normal -0.9945218953682734 -0.10452846326765293 0
    outer loop
      vertex 0.2185239926619431 7.9208830918224065 5.881255389921485
      vertex 0.2185239926619431 7.9208830918224065 100.11874461007852
      vertex 0.155597494418096 8.519588729942368 99.82269871175646
    endloop
  endfacet
  facet normal -0.9781476007338057 0.2079116908177591 -9.537692299574198e-20
    outer loop
      vertex 0.155597494418096 8.519588729942368 6.177301288243534
      vertex 0.3670761277863477 9.514517475998002 100.81762745781211
      vertex 0.3670761277863477 9.514517475998002 5.182372542187892
    endloop
  endfacet
  facet normal -0.9781476007338058 0.20791169081775854 0
    outer loop
      vertex 0.3670761277863477 9.514517475998002 5.182372542187892
      vertex 0.3670761277863477 9.514517475998002 100.81762745781211
      vertex 0.4894348370484636 10.090169943749475 4.907550381577728
    endloop
  endfacet
  facet normal -0.9135454576425999 0.4067366430758024 -5.14846274573173e-21
    outer loop
      vertex 0.4894348370484636 10.090169943749475 4.907550381577728
      vertex 1.00480947161671 11.247720325327196 102.25
      vertex 1.00480947161671 11.247720325327196 3.75
    endloop
  endfacet
  facet normal -0.9135454576426 0.4067366430758023 0
    outer loop
      vertex 1.00480947161671 11.247720325327196 3.75
      vertex 1.00480947161671 11.247720325327196 102.25
      vertex 1.339745962155618 12 3.2889994699161846
    endloop
  endfacet
  facet normal -0.8090169943749482 0.5877852522924719 1.6226329834504112e-19
    outer loop
      vertex 1.339745962155618 12 3.2889994699161846
      vertex 1.9264138089195413 12.80747901760762 103.51847954769144
      vertex 1.9264138089195413 12.80747901760762 2.4815204523085654
    endloop
  endfacet
  facet normal -0.6691306063588588 0.7431448254773936 -1.4792361546928287e-15
    outer loop
      vertex 2.56855174522606 13.691306063588582 1.903336857461106
      vertex 4.103729353818224 15.073586191080457 2.4815204523085654
      vertex 2.958017445115594 14.041982554884408 1.5526603661652842
    endloop
  endfacet
  facet normal -0.10452846326765226 0.9945218953682734 1.477871037748089e-17
    outer loop
      vertex 7.920883091822407 16.781476007338057 5.881255389921485
      vertex 9.609094870115406 16.95891421526205 7.5
      vertex 9.609094870115406 16.95891421526205 6.716036525492598
    endloop
  endfacet
  facet normal -0.8090169943749478 0.5877852522924726 0
    outer loop
      vertex 1.9264138089195413 12.80747901760762 2.4815204523085654
      vertex 1.9264138089195413 12.80747901760762 103.51847954769144
      vertex 2.56855174522606 13.691306063588582 1.903336857461106
    endloop
  endfacet
  facet normal -0.6691306063588591 0.7431448254773934 -3.559614743681549e-18
    outer loop
      vertex 2.56855174522606 13.691306063588582 1.903336857461106
      vertex 4.122147477075266 15.090169943749475 103.49565397034424
      vertex 4.103729353818224 15.073586191080457 2.4815204523085654
    endloop
  endfacet
  facet normal -0.6691306063588692 0.7431448254773844 -1.0723477144892773e-20
    outer loop
      vertex 4.103729353818224 15.073586191080457 2.4815204523085654
      vertex 4.122147477075266 15.090169943749475 103.49565397034424
      vertex 4.122147477075266 15.090169943749475 2.504346029655764
    endloop
  endfacet
  facet normal -0.49999999999999994 0.8660254037844387 2.629100382556193e-17
    outer loop
      vertex 4.122147477075266 15.090169943749475 2.504346029655764
      vertex 5.932633569241997 16.135454576426007 101.93496179003938
      vertex 5.689689111556724 15.99519052838329 3.75
    endloop
  endfacet
  facet normal -0.4999999999999919 0.8660254037844433 6.143427615178975e-20
    outer loop
      vertex 5.689689111556724 15.99519052838329 3.75
      vertex 5.932633569241997 16.135454576426007 101.93496179003938
      vertex 5.932633569241997 16.135454576426007 4.065038209960612
    endloop
  endfacet
  facet normal -0.3090169943749486 0.9510565162951532 6.6132841921184085e-18
    outer loop
      vertex 5.932633569241997 16.135454576426007 4.065038209960612
      vertex 7.920883091822407 16.781476007338057 100.11874461007852
      vertex 7.463686631137794 16.632923872213652 5.182372542187892
    endloop
  endfacet
  facet normal -0.30901699437494734 0.9510565162951535 2.3702153926050628e-20
    outer loop
      vertex 7.463686631137794 16.632923872213652 5.182372542187892
      vertex 7.920883091822407 16.781476007338057 100.11874461007852
      vertex 7.920883091822407 16.781476007338057 5.881255389921485
    endloop
  endfacet
  facet normal -0.10452846326765225 0.9945218953682735 -2.2779241088784057e-17
    outer loop
      vertex 7.920883091822407 16.781476007338057 5.881255389921485
      vertex 10 17 98.5
      vertex 9.609094870115406 16.95891421526205 7.5
    endloop
  endfacet
  facet normal -0.10452846326765752 0.994521895368273 -1.477736212226654e-21
    outer loop
      vertex 9.609094870115406 16.95891421526205 7.5
      vertex 10 17 98.5
      vertex 10 17 7.5
    endloop
  endfacet
  facet normal -0.9781476007338057 0.20791169081775907 0
    outer loop
      vertex 0.155597494418096 8.519588729942368 6.177301288243534
      vertex 0.155597494418096 8.519588729942368 99.82269871175646
      vertex 0.3670761277863477 9.514517475998002 100.81762745781211
    endloop
  endfacet
  facet normal -0.9781476007338059 0.20791169081775857 0
    outer loop
      vertex 0.4894348370484636 10.090169943749475 4.907550381577728
      vertex 0.3670761277863477 9.514517475998002 100.81762745781211
      vertex 0.4894348370484636 10.090169943749475 101.09244961842228
    endloop
  endfacet
  facet normal -0.9135454576426 0.4067366430758024 0
    outer loop
      vertex 0.4894348370484636 10.090169943749475 4.907550381577728
      vertex 0.4894348370484636 10.090169943749475 101.09244961842228
      vertex 1.00480947161671 11.247720325327196 102.25
    endloop
  endfacet
  facet normal -0.9135454576426 0.4067366430758023 0
    outer loop
      vertex 1.339745962155618 12 3.2889994699161846
      vertex 1.00480947161671 11.247720325327196 102.25
      vertex 1.339745962155618 12 102.71100053008382
    endloop
  endfacet
  facet normal -0.8090169943749482 0.587785252292472 0
    outer loop
      vertex 1.339745962155618 12 3.2889994699161846
      vertex 1.339745962155618 12 102.71100053008382
      vertex 1.9264138089195413 12.80747901760762 103.51847954769144
    endloop
  endfacet
  facet normal -0.8090169943749478 0.5877852522924726 0
    outer loop
      vertex 2.56855174522606 13.691306063588582 1.903336857461106
      vertex 1.9264138089195413 12.80747901760762 103.51847954769144
      vertex 2.56855174522606 13.691306063588582 104.09666314253889
    endloop
  endfacet
  facet normal -0.6691306063588591 0.7431448254773934 0
    outer loop
      vertex 2.56855174522606 13.691306063588582 1.903336857461106
      vertex 2.56855174522606 13.691306063588582 104.09666314253889
      vertex 4.103729353818224 15.073586191080457 103.51847954769144
    endloop
  endfacet
  facet normal -0.6691306063588691 0.7431448254773843 3.2647781451748714e-16
    outer loop
      vertex 2.56855174522606 13.691306063588582 1.903336857461106
      vertex 4.103729353818224 15.073586191080457 103.51847954769144
      vertex 4.122147477075266 15.090169943749475 103.49565397034424
    endloop
  endfacet
  facet normal -0.49999999999999994 0.8660254037844386 0
    outer loop
      vertex 4.122147477075266 15.090169943749475 2.504346029655764
      vertex 4.122147477075266 15.090169943749475 103.49565397034424
      vertex 5.689689111556724 15.99519052838329 102.25
    endloop
  endfacet
  facet normal -0.4999999999999922 0.8660254037844431 -1.6483364500669345e-16
    outer loop
      vertex 4.122147477075266 15.090169943749475 2.504346029655764
      vertex 5.689689111556724 15.99519052838329 102.25
      vertex 5.932633569241997 16.135454576426007 101.93496179003938
    endloop
  endfacet
  facet normal -0.3090169943749487 0.9510565162951532 0
    outer loop
      vertex 5.932633569241997 16.135454576426007 4.065038209960612
      vertex 5.932633569241997 16.135454576426007 101.93496179003938
      vertex 7.463686631137794 16.632923872213652 100.81762745781211
    endloop
  endfacet
  facet normal -0.30901699437494745 0.9510565162951536 -2.1423436920108683e-17
    outer loop
      vertex 5.932633569241997 16.135454576426007 4.065038209960612
      vertex 7.463686631137794 16.632923872213652 100.81762745781211
      vertex 7.920883091822407 16.781476007338057 100.11874461007852
    endloop
  endfacet
  facet normal -0.10452846326765229 0.9945218953682735 0
    outer loop
      vertex 7.920883091822407 16.781476007338057 5.881255389921485
      vertex 7.920883091822407 16.781476007338057 100.11874461007852
      vertex 9.609094870115406 16.95891421526205 99.2839634745074
    endloop
  endfacet
  facet normal -0.10452846326765426 0.9945218953682733 1.4778710377481007e-17
    outer loop
      vertex 7.920883091822407 16.781476007338057 5.881255389921485
      vertex 9.609094870115406 16.95891421526205 99.2839634745074
      vertex 9.609094870115406 16.95891421526205 98.5
    endloop
  endfacet
  facet normal -0.10452846326765751 0.994521895368273 9.62390618575341e-17
    outer loop
      vertex 7.920883091822407 16.781476007338057 5.881255389921485
      vertex 9.609094870115406 16.95891421526205 98.5
      vertex 10 17 98.5
    endloop
  endfacet
  facet normal -0.6691306063588588 0.7431448254773937 1.5456375591286237e-15
    outer loop
      vertex 2.56855174522606 13.691306063588582 104.09666314253889
      vertex 2.958017445115594 14.041982554884408 104.44733963383472
      vertex 4.103729353818224 15.073586191080457 103.51847954769144
    endloop
  endfacet
  facet normal 0.9945218953682722 0.10452846326766442 4.167953668124652e-20
    outer loop
      vertex 68.84440250558191 8.48041127005763 6.177301288243534
      vertex 68.78147600733806 9.079116908177593 5.881255389921485
      vertex 68.78147600733806 9.079116908177593 100.11874461007852
    endloop
  endfacet
  facet normal 0.9510565162951532 0.3090169943749485 0
    outer loop
      vertex 68.78147600733806 9.079116908177593 5.881255389921485
      vertex 68.63292387221365 9.536313368862205 5.182372542187892
      vertex 68.78147600733806 9.079116908177593 100.11874461007852
    endloop
  endfacet
  facet normal 0.9510565162951546 0.3090169943749443 -2.2184911210786613e-17
    outer loop
      vertex 68.63292387221365 9.536313368862205 5.182372542187892
      vertex 68.13545457642601 11.067366430758003 4.065038209960612
      vertex 68.78147600733806 9.079116908177593 100.11874461007852
    endloop
  endfacet
  facet normal 0.8660254037844276 0.5000000000000191 0
    outer loop
      vertex 68.13545457642601 11.067366430758003 4.065038209960612
      vertex 67.99519052838329 11.31031088844327 3.75
      vertex 68.13545457642601 11.067366430758003 101.93496179003938
    endloop
  endfacet
  facet normal 0.8660254037844388 0.4999999999999998 -6.385072479344513e-17
    outer loop
      vertex 67.99519052838329 11.31031088844327 3.75
      vertex 67.09016994374947 12.877852522924732 2.504346029655764
      vertex 68.13545457642601 11.067366430758003 101.93496179003938
    endloop
  endfacet
  facet normal 0.7431448254773922 0.6691306063588607 5.9646932571208065e-15
    outer loop
      vertex 67.07358619108047 12.89627064618177 2.4815204523085654
      vertex 66.04198255488441 14.04198255488441 1.5526603661652842
      vertex 65.69130606358858 14.431448254773942 1.903336857461106
    endloop
  endfacet
  facet normal 0 1 0
    outer loop
      vertex 59 16.945218953682733 6.651605385509363
      vertex 60.045284632676534 16.945218953682733 99.34839461449064
      vertex 60.045284632676534 16.945218953682733 6.651605385509363
    endloop
  endfacet
  facet normal 0.7431448254773931 0.6691306063588595 0
    outer loop
      vertex 67.07358619108047 12.89627064618177 2.4815204523085654
      vertex 65.69130606358858 14.431448254773942 1.903336857461106
      vertex 67.07358619108047 12.89627064618177 103.51847954769144
    endloop
  endfacet
  facet normal 0.7431448254775339 0.6691306063587029 0
    outer loop
      vertex 67.09016994374947 12.877852522924732 2.504346029655764
      vertex 67.07358619108047 12.89627064618177 2.4815204523085654
      vertex 67.09016994374947 12.877852522924732 103.49565397034424
    endloop
  endfacet
  facet normal 0.5877852522924697 0.8090169943749499 0
    outer loop
      vertex 65.69130606358858 14.431448254773942 1.903336857461106
      vertex 64.80747901760762 15.073586191080457 2.4815204523085654
      vertex 65.69130606358858 14.431448254773942 104.09666314253889
    endloop
  endfacet
  facet normal 0.4067366430758011 0.9135454576426004 0
    outer loop
      vertex 64 15.660254037844386 3.2889994699161917
      vertex 63.2477203253272 15.99519052838329 3.75
      vertex 64 15.660254037844386 102.71100053008381
    endloop
  endfacet
  facet normal 0.20791169081776048 0.9781476007338056 1.1744171860169066e-19
    outer loop
      vertex 60.045284632676534 16.945218953682733 6.651605385509363
      vertex 61.51451747599799 16.632923872213652 100.81762745781211
      vertex 61.51451747599799 16.632923872213652 5.182372542187892
    endloop
  endfacet
  facet normal 0.20791169081775548 0.9781476007338065 0
    outer loop
      vertex 62.09016994374947 16.510565162951536 4.907550381577721
      vertex 61.51451747599799 16.632923872213652 5.182372542187892
      vertex 62.09016994374947 16.510565162951536 101.09244961842228
    endloop
  endfacet
  facet normal 0.40673664307580026 0.9135454576426009 7.525900966967348e-18
    outer loop
      vertex 62.09016994374947 16.510565162951536 4.907550381577721
      vertex 64 15.660254037844386 102.71100053008381
      vertex 63.2477203253272 15.99519052838329 3.75
    endloop
  endfacet
  facet normal 0.5877852522924755 0.8090169943749457 -7.623684202167983e-17
    outer loop
      vertex 64 15.660254037844386 3.2889994699161917
      vertex 65.69130606358858 14.431448254773942 104.09666314253889
      vertex 64.80747901760762 15.073586191080457 2.4815204523085654
    endloop
  endfacet
  facet normal 0.9945218953682722 0.10452846326766443 0
    outer loop
      vertex 68.84440250558191 8.48041127005763 6.177301288243534
      vertex 68.78147600733806 9.079116908177593 100.11874461007852
      vertex 68.84440250558191 8.48041127005763 99.82269871175646
    endloop
  endfacet
  facet normal 0.9510565162951533 0.30901699437494845 7.032901401788e-17
    outer loop
      vertex 68.13545457642601 11.067366430758003 4.065038209960612
      vertex 68.63292387221365 9.536313368862205 100.81762745781211
      vertex 68.78147600733806 9.079116908177593 100.11874461007852
    endloop
  endfacet
  facet normal 0.9510565162951544 0.3090169943749443 0
    outer loop
      vertex 68.13545457642601 11.067366430758003 4.065038209960612
      vertex 68.13545457642601 11.067366430758003 101.93496179003938
      vertex 68.63292387221365 9.536313368862205 100.81762745781211
    endloop
  endfacet
  facet normal 0.8660254037844277 0.5000000000000189 3.9471830314893507e-16
    outer loop
      vertex 67.09016994374947 12.877852522924732 2.504346029655764
      vertex 67.99519052838329 11.31031088844327 102.25
      vertex 68.13545457642601 11.067366430758003 101.93496179003938
    endloop
  endfacet
  facet normal 0.8660254037844387 0.49999999999999983 0
    outer loop
      vertex 67.09016994374947 12.877852522924732 2.504346029655764
      vertex 67.09016994374947 12.877852522924732 103.49565397034424
      vertex 67.99519052838329 11.31031088844327 102.25
    endloop
  endfacet
  facet normal 0 1 0
    outer loop
      vertex 59 16.945218953682733 6.651605385509363
      vertex 59 16.945218953682733 99.34839461449064
      vertex 60.045284632676534 16.945218953682733 99.34839461449064
    endloop
  endfacet
  facet normal 0.7431448254773945 0.669130606358858 -3.8421489031424384e-17
    outer loop
      vertex 65.69130606358858 14.431448254773942 1.903336857461106
      vertex 66.04198255488441 14.04198255488441 104.44733963383472
      vertex 67.07358619108047 12.89627064618177 103.51847954769144
    endloop
  endfacet
  facet normal 0.743144825477534 0.6691306063587029 0
    outer loop
      vertex 67.07358619108047 12.89627064618177 2.4815204523085654
      vertex 67.07358619108047 12.89627064618177 103.51847954769144
      vertex 67.09016994374947 12.877852522924732 103.49565397034424
    endloop
  endfacet
  facet normal 0.7431448254773895 0.6691306063588636 0
    outer loop
      vertex 65.69130606358858 14.431448254773942 1.903336857461106
      vertex 65.69130606358858 14.431448254773942 104.09666314253889
      vertex 66.04198255488441 14.04198255488441 104.44733963383472
    endloop
  endfacet
  facet normal 0.5877852522924756 0.8090169943749458 0
    outer loop
      vertex 64 15.660254037844386 3.2889994699161917
      vertex 64 15.660254037844386 102.71100053008381
      vertex 64.80747901760762 15.073586191080457 103.51847954769144
    endloop
  endfacet
  facet normal 0.20791169081776048 0.9781476007338054 0
    outer loop
      vertex 60.045284632676534 16.945218953682733 6.651605385509363
      vertex 60.045284632676534 16.945218953682733 99.34839461449064
      vertex 61.51451747599799 16.632923872213652 100.81762745781211
    endloop
  endfacet
  facet normal 0.20791169081775548 0.9781476007338065 0
    outer loop
      vertex 61.51451747599799 16.632923872213652 5.182372542187892
      vertex 61.51451747599799 16.632923872213652 100.81762745781211
      vertex 62.09016994374947 16.510565162951536 101.09244961842228
    endloop
  endfacet
  facet normal 0.4067366430758003 0.9135454576426009 0
    outer loop
      vertex 62.09016994374947 16.510565162951536 4.907550381577721
      vertex 62.09016994374947 16.510565162951536 101.09244961842228
      vertex 63.2477203253272 15.99519052838329 102.25
    endloop
  endfacet
  facet normal 0.40673664307580104 0.9135454576426006 -1.2315629861391531e-17
    outer loop
      vertex 62.09016994374947 16.510565162951536 4.907550381577721
      vertex 63.2477203253272 15.99519052838329 102.25
      vertex 64 15.660254037844386 102.71100053008381
    endloop
  endfacet
  facet normal 0.5877852522924698 0.8090169943749499 7.108232074547007e-17
    outer loop
      vertex 64 15.660254037844386 3.2889994699161917
      vertex 64.80747901760762 15.073586191080457 103.51847954769144
      vertex 65.69130606358858 14.431448254773942 104.09666314253889
    endloop
  endfacet
  facet normal 0 0 -1
    outer loop
      vertex 10 0 7.5
      vertex 10 0.04108578473794999 7.5
      vertex 59 0 7.5
    endloop
  endfacet
  facet normal 0 0 -1
    outer loop
      vertex 10 0.04108578473794999 7.5
      vertex 59.390905129884594 0.04108578473794999 7.5
      vertex 59 0 7.5
    endloop
  endfacet
  facet normal 0 0 1
    outer loop
      vertex 10 0 98.5
      vertex 59 0 98.5
      vertex 10 0.04108578473794999 98.5
    endloop
  endfacet
  facet normal 0 0 1
    outer loop
      vertex 10 0.04108578473794999 98.5
      vertex 59 0 98.5
      vertex 59.390905129884594 0.04108578473794999 98.5
    endloop
  endfacet
  facet normal 0 0 -1
    outer loop
      vertex 9.609094870115406 16.95891421526205 7.5
      vertex 10 17 7.5
      vertex 59 16.95891421526205 7.5
    endloop
  endfacet
  facet normal 0 0 -1
    outer loop
      vertex 10 17 7.5
      vertex 59 17 7.5
      vertex 59 16.95891421526205 7.5
    endloop
  endfacet
  facet normal 0 0 1
    outer loop
      vertex 9.609094870115406 16.95891421526205 98.5
      vertex 59 16.95891421526205 98.5
      vertex 10 17 98.5
    endloop
  endfacet
  facet normal 0 0 1
    outer loop
      vertex 10 17 98.5
      vertex 59 16.95891421526205 98.5
      vertex 59 17 98.5
    endloop
  endfacet
  facet normal -1.021494973649912e-14 -0.6691306063588603 -0.7431448254773922
    outer loop
      vertex 3.308693936411416 2.568551745226058 1.903336857461106
      vertex 2.9580174451155905 2.9580174451155914 1.5526603661652842
      vertex 3.0916106078064516 3.0916106078064516 1.432372542187892
    endloop
  endfacet
  facet normal 1.2599715684391551e-17 -0.9781476007338058 -0.20791169081775854
    outer loop
      vertex 7.4854825240020055 0.3670761277863477 5.182372542187892
      vertex 10 0.05478104631726666 6.651605385509363
      vertex 8.954715367323466 0.05478104631726666 6.651605385509363
    endloop
  endfacet
  facet normal -9.424233550083706e-18 -0.9781476007338059 -0.20791169081775857
    outer loop
      vertex 7.4854825240020055 0.3670761277863477 5.182372542187892
      vertex 59.390905129884594 0.04108578473794999 6.716036525492598
      vertex 10 0.05478104631726666 6.651605385509363
    endloop
  endfacet
  facet normal 0 -0.9135454576426001 -0.40673664307580176
    outer loop
      vertex 5.752279674672799 1.0048094716167109 3.75
      vertex 63.310310888443276 1.0048094716167109 3.75
      vertex 6.909830056250527 0.48943483704846535 4.907550381577721
    endloop
  endfacet
  facet normal -9.533640015352612e-17 -0.8090169943749457 -0.5877852522924755
    outer loop
      vertex 5.752279674672799 1.0048094716167109 3.75
      vertex 5 1.3397459621556145 3.2889994699161917
      vertex 64.87785252292474 1.9098300562505255 2.504346029655764
    endloop
  endfacet
  facet normal -2.7386514785501656e-17 -0.8090169943749482 -0.587785252292472
    outer loop
      vertex 4.192520982392374 1.926413808919543 2.4815204523085654
      vertex 64.87785252292474 1.9098300562505255 2.504346029655764
      vertex 5 1.3397459621556145 3.2889994699161917
    endloop
  endfacet
  facet normal 4.8320274848970535e-17 -0.6691306063588611 -0.7431448254773916
    outer loop
      vertex 4.192520982392374 1.926413808919543 2.4815204523085654
      vertex 3.308693936411416 2.568551745226058 1.903336857461106
      vertex 65.90838939219356 3.0916106078064516 1.432372542187892
    endloop
  endfacet
  facet normal -3.7821201628768905e-20 -0.6691306063588579 -0.7431448254773944
    outer loop
      vertex 3.308693936411416 2.568551745226058 1.903336857461106
      vertex 3.0916106078064516 3.0916106078064516 1.432372542187892
      vertex 65.90838939219356 3.0916106078064516 1.432372542187892
    endloop
  endfacet
  facet normal 3.6268569826524163e-19 -0.5000000000000006 -0.8660254037844384
    outer loop
      vertex 3.0916106078064516 3.0916106078064516 1.432372542187892
      vertex 4.4494751769315 4.449475176931498 0.6484090676804897
      vertex 64.5505248230685 4.449475176931498 0.6484090676804897
    endloop
  endfacet
  facet normal 4.1668315180835136e-17 -0.913545457642601 -0.40673664307580015
    outer loop
      vertex 6.909830056250527 0.48943483704846535 4.907550381577721
      vertex 63.310310888443276 1.0048094716167109 3.75
      vertex 7.4854825240020055 0.3670761277863477 5.182372542187892
    endloop
  endfacet
  facet normal 0 -0.9781476007338045 -0.20791169081776534
    outer loop
      vertex 10 0.04108578473794999 6.716036525492598
      vertex 10 0.05478104631726666 6.651605385509363
      vertex 59.390905129884594 0.04108578473794999 6.716036525492598
    endloop
  endfacet
  facet normal 0 -1 0
    outer loop
      vertex 10 0.04108578473794999 6.716036525492598
      vertex 59.390905129884594 0.04108578473794999 6.716036525492598
      vertex 10 0.04108578473794999 7.5
    endloop
  endfacet
  facet normal 2.1853036836857695e-19 -0.3090169943749456 -0.9510565162951542
    outer loop
      vertex 4.4494751769315 4.449475176931498 0.6484090676804897
      vertex 5.940662318866806 5.940662318866805 0.16389299449645733
      vertex 63.059337681133194 5.940662318866805 0.16389299449645733
    endloop
  endfacet
  facet normal 2.3767973240021417e-19 -0.1045284632676532 -0.9945218953682733
    outer loop
      vertex 5.940662318866806 5.940662318866805 0.16389299449645733
      vertex 7.5 7.5 0
      vertex 61.5 7.5 0
    endloop
  endfacet
  facet normal -1.103626275019163e-17 -0.9781476007338058 -0.2079116908177585
    outer loop
      vertex 7.4854825240020055 0.3670761277863477 5.182372542187892
      vertex 61.079116908177596 0.2185239926619431 5.881255389921478
      vertex 59.390905129884594 0.04108578473794999 6.716036525492598
    endloop
  endfacet
  facet normal 0 -1 0
    outer loop
      vertex 10 0.04108578473794999 7.5
      vertex 59.390905129884594 0.04108578473794999 6.716036525492598
      vertex 59.390905129884594 0.04108578473794999 7.5
    endloop
  endfacet
  facet normal 0 -0.9781476007338056 -0.20791169081775926
    outer loop
      vertex 7.4854825240020055 0.3670761277863477 5.182372542187892
      vertex 61.53631336886221 0.3670761277863477 5.182372542187892
      vertex 61.079116908177596 0.2185239926619431 5.881255389921478
    endloop
  endfacet
  facet normal 0 -0.9135454576426006 -0.40673664307580076
    outer loop
      vertex 7.4854825240020055 0.3670761277863477 5.182372542187892
      vertex 63.067366430758 0.8645454235739916 4.065038209960612
      vertex 61.53631336886221 0.3670761277863477 5.182372542187892
    endloop
  endfacet
  facet normal -7.20759241270997e-17 -0.9135454576425993 -0.4067366430758038
    outer loop
      vertex 7.4854825240020055 0.3670761277863477 5.182372542187892
      vertex 63.310310888443276 1.0048094716167109 3.75
      vertex 63.067366430758 0.8645454235739916 4.065038209960612
    endloop
  endfacet
  facet normal 0 -0.8090169943749478 -0.5877852522924725
    outer loop
      vertex 5.752279674672799 1.0048094716167109 3.75
      vertex 64.87785252292474 1.9098300562505255 2.504346029655764
      vertex 63.310310888443276 1.0048094716167109 3.75
    endloop
  endfacet
  facet normal 0 -0.8090169943749137 -0.5877852522925198
    outer loop
      vertex 4.192520982392374 1.926413808919543 2.4815204523085654
      vertex 64.89627064618178 1.926413808919543 2.4815204523085654
      vertex 64.87785252292474 1.9098300562505255 2.504346029655764
    endloop
  endfacet
  facet normal 0 -0.6691306063588597 -0.7431448254773928
    outer loop
      vertex 4.192520982392374 1.926413808919543 2.4815204523085654
      vertex 65.90838939219356 3.0916106078064516 1.432372542187892
      vertex 64.89627064618178 1.926413808919543 2.4815204523085654
    endloop
  endfacet
  facet normal 0 -0.5000000000000007 -0.8660254037844384
    outer loop
      vertex 3.0916106078064516 3.0916106078064516 1.432372542187892
      vertex 64.5505248230685 4.449475176931498 0.6484090676804897
      vertex 65.90838939219356 3.0916106078064516 1.432372542187892
    endloop
  endfacet
  facet normal 0 -0.3090169943749456 -0.9510565162951543
    outer loop
      vertex 4.4494751769315 4.449475176931498 0.6484090676804897
      vertex 63.059337681133194 5.940662318866805 0.16389299449645733
      vertex 64.5505248230685 4.449475176931498 0.6484090676804897
    endloop
  endfacet
  facet normal 0 -0.10452846326765322 -0.9945218953682734
    outer loop
      vertex 5.940662318866806 5.940662318866805 0.16389299449645733
      vertex 61.5 7.5 0
      vertex 63.059337681133194 5.940662318866805 0.16389299449645733
    endloop
  endfacet
  facet normal 1.5212731386288345e-15 -0.6691306063588605 -0.7431448254773922
    outer loop
      vertex 64.89627064618178 1.926413808919543 2.4815204523085654
      vertex 65.90838939219356 3.0916106078064516 1.432372542187892
      vertex 66.04198255488441 2.9580174451155896 1.5526603661652842
    endloop
  endfacet
  facet normal -3.228869670091176e-15 -0.6691306063588642 0.7431448254773888
    outer loop
      vertex 3.308693936411416 2.568551745226058 104.09666314253889
      vertex 3.0916106078064516 3.0916106078064516 104.56762745781211
      vertex 2.9580174451155905 2.9580174451155914 104.44733963383472
    endloop
  endfacet
  facet normal -1.167235081927245e-17 -0.9781476007338056 0.2079116908177595
    outer loop
      vertex 7.4854825240020055 0.3670761277863477 100.81762745781211
      vertex 8.954715367323466 0.05478104631726666 99.34839461449064
      vertex 10 0.05478104631726666 99.34839461449064
    endloop
  endfacet
  facet normal 2.1925020420017944e-17 -0.9781476007338057 0.2079116908177596
    outer loop
      vertex 7.4854825240020055 0.3670761277863477 100.81762745781211
      vertex 10 0.05478104631726666 99.34839461449064
      vertex 59.390905129884594 0.04108578473794999 99.2839634745074
    endloop
  endfacet
  facet normal 0 -0.913545457642601 0.4067366430758
    outer loop
      vertex 7.4854825240020055 0.3670761277863477 100.81762745781211
      vertex 61.53631336886221 0.3670761277863477 100.81762745781211
      vertex 6.909830056250527 0.48943483704846535 101.09244961842228
    endloop
  endfacet
  facet normal 9.874858045140153e-18 -0.9135454576426002 0.40673664307580176
    outer loop
      vertex 5.752279674672799 1.0048094716167109 102.25
      vertex 6.909830056250527 0.48943483704846535 101.09244961842228
      vertex 61.53631336886221 0.3670761277863477 100.81762745781211
    endloop
  endfacet
  facet normal 0 -0.8090169943749457 0.5877852522924756
    outer loop
      vertex 5.752279674672799 1.0048094716167109 102.25
      vertex 63.310310888443276 1.0048094716167109 102.25
      vertex 5 1.3397459621556145 102.71100053008381
    endloop
  endfacet
  facet normal -8.275612576046716e-17 -0.8090169943749507 0.5877852522924687
    outer loop
      vertex 4.192520982392374 1.926413808919543 103.51847954769144
      vertex 5 1.3397459621556145 102.71100053008381
      vertex 63.310310888443276 1.0048094716167109 102.25
    endloop
  endfacet
  facet normal 0 -0.6691306063588521 0.7431448254773998
    outer loop
      vertex 4.192520982392374 1.926413808919543 103.51847954769144
      vertex 64.89627064618178 1.926413808919543 103.51847954769144
      vertex 3.308693936411416 2.568551745226058 104.09666314253889
    endloop
  endfacet
  facet normal -2.1743204995982232e-16 -0.6691306063588636 0.7431448254773894
    outer loop
      vertex 3.308693936411416 2.568551745226058 104.09666314253889
      vertex 64.89627064618178 1.926413808919543 103.51847954769144
      vertex 3.0916106078064516 3.0916106078064516 104.56762745781211
    endloop
  endfacet
  facet normal 0 -0.5000000000000007 0.8660254037844384
    outer loop
      vertex 3.0916106078064516 3.0916106078064516 104.56762745781211
      vertex 65.90838939219356 3.0916106078064516 104.56762745781211
      vertex 4.4494751769315 4.449475176931498 105.35159093231951
    endloop
  endfacet
  facet normal 0 -1 0
    outer loop
      vertex 10 0.04108578473794999 98.5
      vertex 59.390905129884594 0.04108578473794999 98.5
      vertex 10 0.04108578473794999 99.2839634745074
    endloop
  endfacet
  facet normal 0 -0.978147600733809 0.20791169081774338
    outer loop
      vertex 10 0.04108578473794999 99.2839634745074
      vertex 59.390905129884594 0.04108578473794999 99.2839634745074
      vertex 10 0.05478104631726666 99.34839461449064
    endloop
  endfacet
  facet normal 0 -0.3090169943749497 0.9510565162951529
    outer loop
      vertex 4.4494751769315 4.449475176931498 105.35159093231951
      vertex 64.5505248230685 4.449475176931498 105.35159093231951
      vertex 5.940662318866806 5.940662318866805 105.83610700550355
    endloop
  endfacet
  facet normal 0 -0.10452846326764871 0.9945218953682737
    outer loop
      vertex 5.940662318866806 5.940662318866805 105.83610700550355
      vertex 63.059337681133194 5.940662318866805 105.83610700550355
      vertex 7.5 7.5 106
    endloop
  endfacet
  facet normal 0 -1 0
    outer loop
      vertex 10 0.04108578473794999 99.2839634745074
      vertex 59.390905129884594 0.04108578473794999 98.5
      vertex 59.390905129884594 0.04108578473794999 99.2839634745074
    endloop
  endfacet
  facet normal -1.1047337105023208e-17 -0.9781476007338058 0.20791169081775848
    outer loop
      vertex 7.4854825240020055 0.3670761277863477 100.81762745781211
      vertex 59.390905129884594 0.04108578473794999 99.2839634745074
      vertex 61.079116908177596 0.2185239926619431 100.11874461007852
    endloop
  endfacet
  facet normal 0 -0.9781476007338056 0.20791169081775926
    outer loop
      vertex 7.4854825240020055 0.3670761277863477 100.81762745781211
      vertex 61.079116908177596 0.2185239926619431 100.11874461007852
      vertex 61.53631336886221 0.3670761277863477 100.81762745781211
    endloop
  endfacet
  facet normal 4.481657519451928e-17 -0.9135454576425998 0.4067366430758029
    outer loop
      vertex 5.752279674672799 1.0048094716167109 102.25
      vertex 61.53631336886221 0.3670761277863477 100.81762745781211
      vertex 63.067366430758 0.8645454235739916 101.93496179003938
    endloop
  endfacet
  facet normal 0 -0.9135454576426028 0.4067366430757961
    outer loop
      vertex 5.752279674672799 1.0048094716167109 102.25
      vertex 63.067366430758 0.8645454235739916 101.93496179003938
      vertex 63.310310888443276 1.0048094716167109 102.25
    endloop
  endfacet
  facet normal 0 -0.8090169943749488 0.5877852522924711
    outer loop
      vertex 4.192520982392374 1.926413808919543 103.51847954769144
      vertex 63.310310888443276 1.0048094716167109 102.25
      vertex 64.89627064618178 1.926413808919543 103.51847954769144
    endloop
  endfacet
  facet normal 0 -0.6691306063588572 0.7431448254773952
    outer loop
      vertex 3.0916106078064516 3.0916106078064516 104.56762745781211
      vertex 64.89627064618178 1.926413808919543 103.51847954769144
      vertex 65.90838939219356 3.0916106078064516 104.56762745781211
    endloop
  endfacet
  facet normal 0 -0.5000000000000006 0.8660254037844384
    outer loop
      vertex 4.4494751769315 4.449475176931498 105.35159093231951
      vertex 65.90838939219356 3.0916106078064516 104.56762745781211
      vertex 64.5505248230685 4.449475176931498 105.35159093231951
    endloop
  endfacet
  facet normal 0 -0.3090169943749497 0.9510565162951529
    outer loop
      vertex 5.940662318866806 5.940662318866805 105.83610700550355
      vertex 64.5505248230685 4.449475176931498 105.35159093231951
      vertex 63.059337681133194 5.940662318866805 105.83610700550355
    endloop
  endfacet
  facet normal 0 -0.10452846326764871 0.9945218953682737
    outer loop
      vertex 7.5 7.5 106
      vertex 63.059337681133194 5.940662318866805 105.83610700550355
      vertex 61.5 7.5 106
    endloop
  endfacet
  facet normal 2.394427801033564e-13 -0.80901699437509 0.5877852522922767
    outer loop
      vertex 63.310310888443276 1.0048094716167109 102.25
      vertex 64.87785252292474 1.9098300562505255 103.49565397034424
      vertex 64.89627064618178 1.926413808919543 103.51847954769144
    endloop
  endfacet
  facet normal 3.7677091320656165e-15 -0.6691306063588588 0.7431448254773936
    outer loop
      vertex 64.89627064618178 1.926413808919543 103.51847954769144
      vertex 66.04198255488441 2.9580174451155896 104.44733963383472
      vertex 65.90838939219356 3.0916106078064516 104.56762745781211
    endloop
  endfacet
  facet normal -8.43857397911228e-15 0.6691306063588637 -0.7431448254773891
    outer loop
      vertex 3.0916106078064516 13.908389392193548 1.432372542187892
      vertex 2.958017445115594 14.041982554884408 1.5526603661652842
      vertex 4.103729353818224 15.073586191080457 2.4815204523085654
    endloop
  endfacet
  facet normal -2.2470243695620445e-19 0.10452846326765322 -0.9945218953682734
    outer loop
      vertex 7.5 9.5 0
      vertex 5.940662318866806 11.059337681133195 0.16389299449645733
      vertex 63.059337681133194 11.059337681133195 0.16389299449645733
    endloop
  endfacet
  facet normal -2.0768630899349902e-19 0.3090169943749456 -0.9510565162951543
    outer loop
      vertex 5.940662318866806 11.059337681133195 0.16389299449645733
      vertex 4.4494751769315 12.550524823068502 0.6484090676804897
      vertex 64.5505248230685 12.550524823068502 0.6484090676804897
    endloop
  endfacet
  facet normal -3.470058729404463e-19 0.5000000000000007 -0.8660254037844384
    outer loop
      vertex 4.4494751769315 12.550524823068502 0.6484090676804897
      vertex 3.0916106078064516 13.908389392193548 1.432372542187892
      vertex 65.90838939219356 13.908389392193548 1.432372542187892
    endloop
  endfacet
  facet normal -6.007219198441584e-19 0.6691306063588598 -0.7431448254773929
    outer loop
      vertex 3.0916106078064516 13.908389392193548 1.432372542187892
      vertex 4.103729353818224 15.073586191080457 2.4815204523085654
      vertex 64.80747901760762 15.073586191080457 2.4815204523085654
    endloop
  endfacet
  facet normal 1.5325468894749864e-15 0.809016994374913 -0.5877852522925207
    outer loop
      vertex 4.103729353818224 15.073586191080457 2.4815204523085654
      vertex 4.122147477075266 15.090169943749475 2.504346029655764
      vertex 63.2477203253272 15.99519052838329 3.75
    endloop
  endfacet
  facet normal 1.0592138572808173e-18 0.8090169943749476 -0.5877852522924729
    outer loop
      vertex 4.122147477075266 15.090169943749475 2.504346029655764
      vertex 5.689689111556724 15.99519052838329 3.75
      vertex 63.2477203253272 15.99519052838329 3.75
    endloop
  endfacet
  facet normal -1.151183730704321e-16 0.9135454576426021 -0.4067366430757972
    outer loop
      vertex 5.689689111556724 15.99519052838329 3.75
      vertex 5.932633569241997 16.135454576426007 4.065038209960612
      vertex 61.51451747599799 16.632923872213652 5.182372542187892
    endloop
  endfacet
  facet normal 5.194741392911259e-19 0.9135454576426001 -0.40673664307580204
    outer loop
      vertex 5.932633569241997 16.135454576426007 4.065038209960612
      vertex 7.463686631137794 16.632923872213652 5.182372542187892
      vertex 61.51451747599799 16.632923872213652 5.182372542187892
    endloop
  endfacet
  facet normal 0 0.978147600733806 -0.20791169081775723
    outer loop
      vertex 7.463686631137794 16.632923872213652 5.182372542187892
      vertex 7.920883091822407 16.781476007338057 5.881255389921485
      vertex 61.51451747599799 16.632923872213652 5.182372542187892
    endloop
  endfacet
  facet normal -1.197953873121167e-17 0.9781476007338059 -0.20791169081775815
    outer loop
      vertex 7.920883091822407 16.781476007338057 5.881255389921485
      vertex 9.609094870115406 16.95891421526205 6.716036525492598
      vertex 61.51451747599799 16.632923872213652 5.182372542187892
    endloop
  endfacet
  facet normal 0 1 0
    outer loop
      vertex 9.609094870115406 16.95891421526205 6.716036525492598
      vertex 9.609094870115406 16.95891421526205 7.5
      vertex 59 16.95891421526205 7.5
    endloop
  endfacet
  facet normal 0 0.1045284632676532 -0.9945218953682733
    outer loop
      vertex 7.5 9.5 0
      vertex 63.059337681133194 11.059337681133195 0.16389299449645733
      vertex 61.5 9.5 0
    endloop
  endfacet
  facet normal 0 0.3090169943749456 -0.9510565162951542
    outer loop
      vertex 5.940662318866806 11.059337681133195 0.16389299449645733
      vertex 64.5505248230685 12.550524823068502 0.6484090676804897
      vertex 63.059337681133194 11.059337681133195 0.16389299449645733
    endloop
  endfacet
  facet normal 0 0.9781476007338099 -0.20791169081773955
    outer loop
      vertex 9.609094870115406 16.95891421526205 6.716036525492598
      vertex 59 16.95891421526205 6.716036525492598
      vertex 59 16.945218953682733 6.651605385509363
    endloop
  endfacet
  facet normal 0 1 0
    outer loop
      vertex 9.609094870115406 16.95891421526205 6.716036525492598
      vertex 59 16.95891421526205 7.5
      vertex 59 16.95891421526205 6.716036525492598
    endloop
  endfacet
  facet normal 0 0.5000000000000006 -0.8660254037844384
    outer loop
      vertex 4.4494751769315 12.550524823068502 0.6484090676804897
      vertex 65.90838939219356 13.908389392193548 1.432372542187892
      vertex 64.5505248230685 12.550524823068502 0.6484090676804897
    endloop
  endfacet
  facet normal 0 0.6691306063588579 -0.7431448254773944
    outer loop
      vertex 3.0916106078064516 13.908389392193548 1.432372542187892
      vertex 65.69130606358858 14.431448254773942 1.903336857461106
      vertex 65.90838939219356 13.908389392193548 1.432372542187892
    endloop
  endfacet
  facet normal -4.728731410488013e-17 0.6691306063588611 -0.7431448254773916
    outer loop
      vertex 3.0916106078064516 13.908389392193548 1.432372542187892
      vertex 64.80747901760762 15.073586191080457 2.4815204523085654
      vertex 65.69130606358858 14.431448254773942 1.903336857461106
    endloop
  endfacet
  facet normal 0 0.8090169943749481 -0.5877852522924721
    outer loop
      vertex 4.103729353818224 15.073586191080457 2.4815204523085654
      vertex 64 15.660254037844386 3.2889994699161917
      vertex 64.80747901760762 15.073586191080457 2.4815204523085654
    endloop
  endfacet
  facet normal 9.201631605582817e-17 0.8090169943749449 -0.5877852522924766
    outer loop
      vertex 4.103729353818224 15.073586191080457 2.4815204523085654
      vertex 63.2477203253272 15.99519052838329 3.75
      vertex 64 15.660254037844386 3.2889994699161917
    endloop
  endfacet
  facet normal 0 0.9135454576426 -0.40673664307580243
    outer loop
      vertex 5.689689111556724 15.99519052838329 3.75
      vertex 62.09016994374947 16.510565162951536 4.907550381577721
      vertex 63.2477203253272 15.99519052838329 3.75
    endloop
  endfacet
  facet normal -1.7381341399155287e-16 0.9135454576426032 -0.4067366430757953
    outer loop
      vertex 5.689689111556724 15.99519052838329 3.75
      vertex 61.51451747599799 16.632923872213652 5.182372542187892
      vertex 62.09016994374947 16.510565162951536 4.907550381577721
    endloop
  endfacet
  facet normal -2.6004071012904136e-17 0.9781476007338058 -0.20791169081775857
    outer loop
      vertex 9.609094870115406 16.95891421526205 6.716036525492598
      vertex 59 16.945218953682733 6.651605385509363
      vertex 61.51451747599799 16.632923872213652 5.182372542187892
    endloop
  endfacet
  facet normal 0 0.9781476007338058 -0.20791169081775857
    outer loop
      vertex 59 16.945218953682733 6.651605385509363
      vertex 60.045284632676534 16.945218953682733 6.651605385509363
      vertex 61.51451747599799 16.632923872213652 5.182372542187892
    endloop
  endfacet
  facet normal 7.184708501873177e-15 0.6691306063588596 -0.743144825477393
    outer loop
      vertex 65.90838939219356 13.908389392193548 1.432372542187892
      vertex 65.69130606358858 14.431448254773942 1.903336857461106
      vertex 66.04198255488441 14.04198255488441 1.5526603661652842
    endloop
  endfacet
  facet normal -1.0877367921730386e-14 0.6691306063588625 0.7431448254773905
    outer loop
      vertex 3.0916106078064516 13.908389392193548 104.56762745781211
      vertex 4.103729353818224 15.073586191080457 103.51847954769144
      vertex 2.958017445115594 14.041982554884408 104.44733963383472
    endloop
  endfacet
  facet normal -2.619250790314719e-20 0.10452846326764874 0.9945218953682737
    outer loop
      vertex 7.5 9.5 106
      vertex 63.059337681133194 11.059337681133195 105.83610700550355
      vertex 5.940662318866806 11.059337681133195 105.83610700550355
    endloop
  endfacet
  facet normal -3.0596217470319625e-19 0.3090169943749497 0.9510565162951529
    outer loop
      vertex 5.940662318866806 11.059337681133195 105.83610700550355
      vertex 64.5505248230685 12.550524823068502 105.35159093231951
      vertex 4.4494751769315 12.550524823068502 105.35159093231951
    endloop
  endfacet
  facet normal 3.470058729404463e-19 0.5000000000000007 0.8660254037844384
    outer loop
      vertex 4.4494751769315 12.550524823068502 105.35159093231951
      vertex 65.90838939219356 13.908389392193548 104.56762745781211
      vertex 3.0916106078064516 13.908389392193548 104.56762745781211
    endloop
  endfacet
  facet normal 9.591214899556388e-17 0.6691306063588571 0.7431448254773952
    outer loop
      vertex 3.0916106078064516 13.908389392193548 104.56762745781211
      vertex 65.69130606358858 14.431448254773942 104.09666314253889
      vertex 4.103729353818224 15.073586191080457 103.51847954769144
    endloop
  endfacet
  facet normal 4.077488703416077e-21 0.8090169943750006 0.5877852522924
    outer loop
      vertex 4.122147477075266 15.090169943749475 103.49565397034424
      vertex 4.103729353818224 15.073586191080457 103.51847954769144
      vertex 64.80747901760762 15.073586191080457 103.51847954769144
    endloop
  endfacet
  facet normal -4.1900500147580606e-17 0.8090169943749477 0.5877852522924728
    outer loop
      vertex 4.122147477075266 15.090169943749475 103.49565397034424
      vertex 64.80747901760762 15.073586191080457 103.51847954769144
      vertex 5.689689111556724 15.99519052838329 102.25
    endloop
  endfacet
  facet normal 0 0.9135454576426055 0.40673664307578955
    outer loop
      vertex 5.689689111556724 15.99519052838329 102.25
      vertex 63.2477203253272 15.99519052838329 102.25
      vertex 5.932633569241997 16.135454576426007 101.93496179003938
    endloop
  endfacet
  facet normal -9.46674066449294e-17 0.9135454576425992 0.40673664307580404
    outer loop
      vertex 5.932633569241997 16.135454576426007 101.93496179003938
      vertex 63.2477203253272 15.99519052838329 102.25
      vertex 7.463686631137794 16.632923872213652 100.81762745781211
    endloop
  endfacet
  facet normal 0 0.9781476007338056 0.20791169081775926
    outer loop
      vertex 7.463686631137794 16.632923872213652 100.81762745781211
      vertex 61.51451747599799 16.632923872213652 100.81762745781211
      vertex 7.920883091822407 16.781476007338057 100.11874461007852
    endloop
  endfacet
  facet normal -5.261968201437643e-17 0.9781476007338062 0.20791169081775634
    outer loop
      vertex 7.920883091822407 16.781476007338057 100.11874461007852
      vertex 59 16.945218953682733 99.34839461449064
      vertex 9.609094870115406 16.95891421526205 99.2839634745074
    endloop
  endfacet
  facet normal 0 1 0
    outer loop
      vertex 9.609094870115406 16.95891421526205 98.5
      vertex 9.609094870115406 16.95891421526205 99.2839634745074
      vertex 59 16.95891421526205 99.2839634745074
    endloop
  endfacet
  facet normal 0 0.10452846326764871 0.9945218953682737
    outer loop
      vertex 7.5 9.5 106
      vertex 61.5 9.5 106
      vertex 63.059337681133194 11.059337681133195 105.83610700550355
    endloop
  endfacet
  facet normal 0 0.3090169943749497 0.9510565162951529
    outer loop
      vertex 5.940662318866806 11.059337681133195 105.83610700550355
      vertex 63.059337681133194 11.059337681133195 105.83610700550355
      vertex 64.5505248230685 12.550524823068502 105.35159093231951
    endloop
  endfacet
  facet normal 0 1 0
    outer loop
      vertex 9.609094870115406 16.95891421526205 98.5
      vertex 59 16.95891421526205 99.2839634745074
      vertex 59 16.95891421526205 98.5
    endloop
  endfacet
  facet normal 0 0.9781476007338146 0.2079116908177176
    outer loop
      vertex 9.609094870115406 16.95891421526205 99.2839634745074
      vertex 59 16.945218953682733 99.34839461449064
      vertex 59 16.95891421526205 99.2839634745074
    endloop
  endfacet
  facet normal -1.4675624021781984e-17 0.978147600733806 0.20791169081775815
    outer loop
      vertex 7.920883091822407 16.781476007338057 100.11874461007852
      vertex 60.045284632676534 16.945218953682733 99.34839461449064
      vertex 59 16.945218953682733 99.34839461449064
    endloop
  endfacet
  facet normal 0 0.5000000000000006 0.8660254037844384
    outer loop
      vertex 4.4494751769315 12.550524823068502 105.35159093231951
      vertex 64.5505248230685 12.550524823068502 105.35159093231951
      vertex 65.90838939219356 13.908389392193548 104.56762745781211
    endloop
  endfacet
  facet normal 0 0.6691306063588636 0.7431448254773895
    outer loop
      vertex 3.0916106078064516 13.908389392193548 104.56762745781211
      vertex 65.90838939219356 13.908389392193548 104.56762745781211
      vertex 66.04198255488441 14.04198255488441 104.44733963383472
    endloop
  endfacet
  facet normal 1.1503611381741978e-19 0.6691306063588636 0.7431448254773896
    outer loop
      vertex 3.0916106078064516 13.908389392193548 104.56762745781211
      vertex 66.04198255488441 14.04198255488441 104.44733963383472
      vertex 65.69130606358858 14.431448254773942 104.09666314253889
    endloop
  endfacet
  facet normal 0 0.6691306063588521 0.7431448254773998
    outer loop
      vertex 4.103729353818224 15.073586191080457 103.51847954769144
      vertex 65.69130606358858 14.431448254773942 104.09666314253889
      vertex 64.80747901760762 15.073586191080457 103.51847954769144
    endloop
  endfacet
  facet normal 0 0.8090169943749449 0.5877852522924767
    outer loop
      vertex 5.689689111556724 15.99519052838329 102.25
      vertex 64 15.660254037844386 102.71100053008381
      vertex 63.2477203253272 15.99519052838329 102.25
    endloop
  endfacet
  facet normal 9.616529709824025e-17 0.8090169943749507 0.5877852522924687
    outer loop
      vertex 5.689689111556724 15.99519052838329 102.25
      vertex 64.80747901760762 15.073586191080457 103.51847954769144
      vertex 64 15.660254037844386 102.71100053008381
    endloop
  endfacet
  facet normal -4.38366485152824e-17 0.9135454576426 0.40673664307580243
    outer loop
      vertex 7.463686631137794 16.632923872213652 100.81762745781211
      vertex 63.2477203253272 15.99519052838329 102.25
      vertex 62.09016994374947 16.510565162951536 101.09244961842228
    endloop
  endfacet
  facet normal 0 0.9135454576426032 0.4067366430757951
    outer loop
      vertex 7.463686631137794 16.632923872213652 100.81762745781211
      vertex 62.09016994374947 16.510565162951536 101.09244961842228
      vertex 61.51451747599799 16.632923872213652 100.81762745781211
    endloop
  endfacet
  facet normal -3.15377586668861e-18 0.9781476007338057 0.20791169081775954
    outer loop
      vertex 7.920883091822407 16.781476007338057 100.11874461007852
      vertex 61.51451747599799 16.632923872213652 100.81762745781211
      vertex 60.045284632676534 16.945218953682733 99.34839461449064
    endloop
  endfacet
  facet normal -0.8090169943749734 0 -0.5877852522924374
    outer loop
      vertex 1.9264138089195413 4.103729353818229 2.4815204523085654
      vertex 1.9098300562505273 4.122147477075268 2.504346029655764
      vertex 1.9264138089195413 12.80747901760762 2.4815204523085654
    endloop
  endfacet
  facet normal -0.8090169943749469 -1.0066924060780005e-17 -0.5877852522924736
    outer loop
      vertex 1.9098300562505273 4.122147477075268 2.504346029655764
      vertex 1.00480947161671 5.68968911155673 3.75
      vertex 1.00480947161671 11.247720325327196 3.75
    endloop
  endfacet
  facet normal -0.6691306063588636 -1.9541858377167897e-19 -0.7431448254773895
    outer loop
      vertex 2.9580174451155905 2.9580174451155914 1.5526603661652842
      vertex 3.0916106078064516 13.908389392193548 1.432372542187892
      vertex 3.0916106078064516 3.0916106078064516 1.432372542187892
    endloop
  endfacet
  facet normal -0.6691306063588586 4.0469943508844485e-18 -0.7431448254773939
    outer loop
      vertex 2.9580174451155905 2.9580174451155914 1.5526603661652842
      vertex 1.9264138089195413 4.103729353818229 2.4815204523085654
      vertex 1.9264138089195413 12.80747901760762 2.4815204523085654
    endloop
  endfacet
  facet normal -0.5000000000000001 -2.0590620811824185e-18 -0.8660254037844386
    outer loop
      vertex 3.0916106078064516 3.0916106078064516 1.432372542187892
      vertex 4.4494751769315 12.550524823068502 0.6484090676804897
      vertex 4.4494751769315 4.449475176931498 0.6484090676804897
    endloop
  endfacet
  facet normal -0.9135454576426022 0 -0.4067366430757974
    outer loop
      vertex 1.00480947161671 5.68968911155673 3.75
      vertex 0.8645454235739933 5.932633569241998 4.065038209960612
      vertex 1.00480947161671 11.247720325327196 3.75
    endloop
  endfacet
  facet normal -0.9135454576426 -1.3691040829365866e-17 -0.40673664307580204
    outer loop
      vertex 0.8645454235739933 5.932633569241998 4.065038209960612
      vertex 0.3670761277863477 7.4636866311377945 5.182372542187892
      vertex 0.3670761277863477 9.514517475998002 5.182372542187892
    endloop
  endfacet
  facet normal -0.978147600733806 -9.097576396409332e-17 -0.2079116908177572
    outer loop
      vertex 0.3670761277863477 7.4636866311377945 5.182372542187892
      vertex 0.2185239926619431 7.9208830918224065 5.881255389921485
      vertex 0.155597494418096 8.519588729942368 6.177301288243534
    endloop
  endfacet
  facet normal -0.3090169943749456 2.4385537828119885e-18 -0.9510565162951542
    outer loop
      vertex 4.4494751769315 4.449475176931498 0.6484090676804897
      vertex 5.940662318866806 11.059337681133195 0.16389299449645733
      vertex 5.940662318866806 5.940662318866805 0.16389299449645733
    endloop
  endfacet
  facet normal -0.10452846326765333 -6.955229956273196e-18 -0.9945218953682733
    outer loop
      vertex 5.940662318866806 5.940662318866805 0.16389299449645733
      vertex 7.5 9.5 0
      vertex 7.5 7.5 0
    endloop
  endfacet
  facet normal -0.9135454576425996 4.2069262933449195e-16 -0.40673664307580304
    outer loop
      vertex 0.8645454235739933 5.932633569241998 4.065038209960612
      vertex 0.3670761277863477 9.514517475998002 5.182372542187892
      vertex 0.4894348370484636 10.090169943749475 4.907550381577728
    endloop
  endfacet
  facet normal -0.978147600733806 0 -0.20791169081775732
    outer loop
      vertex 0.3670761277863477 7.4636866311377945 5.182372542187892
      vertex 0.155597494418096 8.519588729942368 6.177301288243534
      vertex 0.3670761277863477 9.514517475998002 5.182372542187892
    endloop
  endfacet
  facet normal -0.8090169943749466 2.2287042462367936e-16 -0.5877852522924746
    outer loop
      vertex 1.9098300562505273 4.122147477075268 2.504346029655764
      vertex 1.00480947161671 11.247720325327196 3.75
      vertex 1.339745962155618 12 3.2889994699161846
    endloop
  endfacet
  facet normal -0.9135454576426009 -2.2343436444164427e-16 -0.4067366430758005
    outer loop
      vertex 0.8645454235739933 5.932633569241998 4.065038209960612
      vertex 0.4894348370484636 10.090169943749475 4.907550381577728
      vertex 1.00480947161671 11.247720325327196 3.75
    endloop
  endfacet
  facet normal -0.8090169943749481 -1.3958109864943238e-16 -0.587785252292472
    outer loop
      vertex 1.9098300562505273 4.122147477075268 2.504346029655764
      vertex 1.339745962155618 12 3.2889994699161846
      vertex 1.9264138089195413 12.80747901760762 2.4815204523085654
    endloop
  endfacet
  facet normal -0.669130606358859 -8.421955038728197e-17 -0.7431448254773936
    outer loop
      vertex 2.9580174451155905 2.9580174451155914 1.5526603661652842
      vertex 1.9264138089195413 12.80747901760762 2.4815204523085654
      vertex 2.56855174522606 13.691306063588582 1.903336857461106
    endloop
  endfacet
  facet normal -0.5000000000000001 0 -0.8660254037844386
    outer loop
      vertex 3.0916106078064516 3.0916106078064516 1.432372542187892
      vertex 3.0916106078064516 13.908389392193548 1.432372542187892
      vertex 4.4494751769315 12.550524823068502 0.6484090676804897
    endloop
  endfacet
  facet normal -0.6691306063588592 -9.582825055223592e-17 -0.7431448254773934
    outer loop
      vertex 2.9580174451155905 2.9580174451155914 1.5526603661652842
      vertex 2.56855174522606 13.691306063588582 1.903336857461106
      vertex 3.0916106078064516 13.908389392193548 1.432372542187892
    endloop
  endfacet
  facet normal -0.3090169943749457 0 -0.9510565162951543
    outer loop
      vertex 4.4494751769315 4.449475176931498 0.6484090676804897
      vertex 4.4494751769315 12.550524823068502 0.6484090676804897
      vertex 5.940662318866806 11.059337681133195 0.16389299449645733
    endloop
  endfacet
  facet normal -0.10452846326765333 0 -0.9945218953682735
    outer loop
      vertex 5.940662318866806 5.940662318866805 0.16389299449645733
      vertex 5.940662318866806 11.059337681133195 0.16389299449645733
      vertex 7.5 9.5 0
    endloop
  endfacet
  facet normal -0.6691306063588632 1.8112063934145117e-14 -0.7431448254773896
    outer loop
      vertex 2.56855174522606 13.691306063588582 1.903336857461106
      vertex 2.958017445115594 14.041982554884408 1.5526603661652842
      vertex 3.0916106078064516 13.908389392193548 1.432372542187892
    endloop
  endfacet
  facet normal -0.6691306063588599 -6.680083374552776e-15 0.7431448254773928
    outer loop
      vertex 2.9580174451155905 2.9580174451155914 104.44733963383472
      vertex 3.0916106078064516 3.0916106078064516 104.56762745781211
      vertex 1.9264138089195413 4.103729353818229 103.51847954769144
    endloop
  endfacet
  facet normal -0.8090169943750605 0 0.5877852522923176
    outer loop
      vertex 1.9264138089195413 4.103729353818229 103.51847954769144
      vertex 1.9264138089195413 12.80747901760762 103.51847954769144
      vertex 1.9098300562505273 4.122147477075268 103.49565397034424
    endloop
  endfacet
  facet normal -0.6691306063588562 7.593863508984261e-16 0.743144825477396
    outer loop
      vertex 3.0916106078064516 3.0916106078064516 104.56762745781211
      vertex 2.56855174522606 13.691306063588582 104.09666314253889
      vertex 1.9264138089195413 4.103729353818229 103.51847954769144
    endloop
  endfacet
  facet normal -0.5000000000000001 0 0.8660254037844386
    outer loop
      vertex 3.0916106078064516 3.0916106078064516 104.56762745781211
      vertex 4.4494751769315 4.449475176931498 105.35159093231951
      vertex 3.0916106078064516 13.908389392193548 104.56762745781211
    endloop
  endfacet
  facet normal -0.9135454576426055 0 0.40673664307578966
    outer loop
      vertex 1.00480947161671 5.68968911155673 102.25
      vertex 1.00480947161671 11.247720325327196 102.25
      vertex 0.8645454235739933 5.932633569241998 101.93496179003938
    endloop
  endfacet
  facet normal -0.8090169943749473 -6.248614585250152e-16 0.5877852522924731
    outer loop
      vertex 1.9098300562505273 4.122147477075268 103.49565397034424
      vertex 1.9264138089195413 12.80747901760762 103.51847954769144
      vertex 1.00480947161671 5.68968911155673 102.25
    endloop
  endfacet
  facet normal -0.9781476007338057 0 0.2079116908177593
    outer loop
      vertex 0.3670761277863477 7.4636866311377945 100.81762745781211
      vertex 0.3670761277863477 9.514517475998002 100.81762745781211
      vertex 0.2185239926619431 7.9208830918224065 100.11874461007852
    endloop
  endfacet
  facet normal -0.9135454576425995 -9.52987492220886e-16 0.4067366430758031
    outer loop
      vertex 0.8645454235739933 5.932633569241998 101.93496179003938
      vertex 1.00480947161671 11.247720325327196 102.25
      vertex 0.3670761277863477 7.4636866311377945 100.81762745781211
    endloop
  endfacet
  facet normal -0.3090169943749497 0 0.951056516295153
    outer loop
      vertex 4.4494751769315 4.449475176931498 105.35159093231951
      vertex 5.940662318866806 5.940662318866805 105.83610700550355
      vertex 4.4494751769315 12.550524823068502 105.35159093231951
    endloop
  endfacet
  facet normal -0.10452846326764885 0 0.9945218953682738
    outer loop
      vertex 5.940662318866806 5.940662318866805 105.83610700550355
      vertex 7.5 7.5 106
      vertex 5.940662318866806 11.059337681133195 105.83610700550355
    endloop
  endfacet
  facet normal -0.9781476007338069 2.7810075637318085e-15 0.20791169081775318
    outer loop
      vertex 0.2185239926619431 7.9208830918224065 100.11874461007852
      vertex 0.3670761277863477 9.514517475998002 100.81762745781211
      vertex 0.155597494418096 8.519588729942368 99.82269871175646
    endloop
  endfacet
  facet normal -0.9135454576426006 0 0.40673664307580093
    outer loop
      vertex 0.3670761277863477 7.4636866311377945 100.81762745781211
      vertex 1.00480947161671 11.247720325327196 102.25
      vertex 0.3670761277863477 9.514517475998002 100.81762745781211
    endloop
  endfacet
  facet normal -0.8090169943749506 0 0.5877852522924688
    outer loop
      vertex 1.00480947161671 5.68968911155673 102.25
      vertex 1.339745962155618 12 102.71100053008382
      vertex 1.00480947161671 11.247720325327196 102.25
    endloop
  endfacet
  facet normal -0.9135454576425969 -7.965031171369013e-15 0.4067366430758089
    outer loop
      vertex 0.3670761277863477 9.514517475998002 100.81762745781211
      vertex 1.00480947161671 11.247720325327196 102.25
      vertex 0.4894348370484636 10.090169943749475 101.09244961842228
    endloop
  endfacet
  facet normal -0.8090169943749481 -3.8013409033272884e-16 0.5877852522924722
    outer loop
      vertex 1.00480947161671 5.68968911155673 102.25
      vertex 1.9264138089195413 12.80747901760762 103.51847954769144
      vertex 1.339745962155618 12 102.71100053008382
    endloop
  endfacet
  facet normal -0.66913060635885 0 0.7431448254774016
    outer loop
      vertex 1.9264138089195413 4.103729353818229 103.51847954769144
      vertex 2.56855174522606 13.691306063588582 104.09666314253889
      vertex 1.9264138089195413 12.80747901760762 103.51847954769144
    endloop
  endfacet
  facet normal -0.6691306063588648 0 0.7431448254773884
    outer loop
      vertex 3.0916106078064516 3.0916106078064516 104.56762745781211
      vertex 3.0916106078064516 13.908389392193548 104.56762745781211
      vertex 2.56855174522606 13.691306063588582 104.09666314253889
    endloop
  endfacet
  facet normal -0.5000000000000001 0 0.8660254037844386
    outer loop
      vertex 4.4494751769315 4.449475176931498 105.35159093231951
      vertex 4.4494751769315 12.550524823068502 105.35159093231951
      vertex 3.0916106078064516 13.908389392193548 104.56762745781211
    endloop
  endfacet
  facet normal -0.10452846326764885 0 0.9945218953682738
    outer loop
      vertex 7.5 7.5 106
      vertex 7.5 9.5 106
      vertex 5.940662318866806 11.059337681133195 105.83610700550355
    endloop
  endfacet
  facet normal -0.3090169943749497 0 0.9510565162951529
    outer loop
      vertex 5.940662318866806 5.940662318866805 105.83610700550355
      vertex 5.940662318866806 11.059337681133195 105.83610700550355
      vertex 4.4494751769315 12.550524823068502 105.35159093231951
    endloop
  endfacet
  facet normal -0.6691306063588672 1.1002240380035932e-14 0.7431448254773861
    outer loop
      vertex 2.56855174522606 13.691306063588582 104.09666314253889
      vertex 3.0916106078064516 13.908389392193548 104.56762745781211
      vertex 2.958017445115594 14.041982554884408 104.44733963383472
    endloop
  endfacet
  facet normal 0.6691306063588727 -2.3105870175593875e-14 -0.7431448254773814
    outer loop
      vertex 66.04198255488441 2.9580174451155896 1.5526603661652842
      vertex 67.07358619108047 4.192520982392378 2.4815204523085654
      vertex 66.43144825477394 3.3086939364114176 1.903336857461106
    endloop
  endfacet
  facet normal 0.8090169943749601 -1.78167795787708e-14 -0.5877852522924556
    outer loop
      vertex 67.07358619108047 4.192520982392378 2.4815204523085654
      vertex 67.99519052838329 5.75227967467281 3.75
      vertex 67.66025403784438 5 3.2889994699161846
    endloop
  endfacet
  facet normal 0.3090169943749457 0 -0.9510565162951543
    outer loop
      vertex 64.5505248230685 4.449475176931498 0.6484090676804897
      vertex 63.059337681133194 5.940662318866805 0.16389299449645733
      vertex 64.5505248230685 12.550524823068502 0.6484090676804897
    endloop
  endfacet
  facet normal 0.10452846326765333 0 -0.9945218953682735
    outer loop
      vertex 63.059337681133194 5.940662318866805 0.16389299449645733
      vertex 61.5 7.5 0
      vertex 63.059337681133194 11.059337681133195 0.16389299449645733
    endloop
  endfacet
  facet normal 0.6691306063588719 -2.731890126538054e-15 -0.7431448254773819
    outer loop
      vertex 66.04198255488441 2.9580174451155896 1.5526603661652842
      vertex 65.90838939219356 3.0916106078064516 1.432372542187892
      vertex 67.07358619108047 12.89627064618177 2.4815204523085654
    endloop
  endfacet
  facet normal 0.4999999999999981 0 -0.8660254037844397
    outer loop
      vertex 65.90838939219356 3.0916106078064516 1.432372542187892
      vertex 64.5505248230685 4.449475176931498 0.6484090676804897
      vertex 65.90838939219356 13.908389392193548 1.432372542187892
    endloop
  endfacet
  facet normal 0.6691306063588573 2.6013977921589206e-18 -0.7431448254773951
    outer loop
      vertex 66.04198255488441 2.9580174451155896 1.5526603661652842
      vertex 67.07358619108047 12.89627064618177 2.4815204523085654
      vertex 67.07358619108047 4.192520982392378 2.4815204523085654
    endloop
  endfacet
  facet normal 0.8090169943749497 -7.401526633807897e-18 -0.58778525229247
    outer loop
      vertex 67.07358619108047 4.192520982392378 2.4815204523085654
      vertex 67.99519052838329 11.31031088844327 3.75
      vertex 67.99519052838329 5.75227967467281 3.75
    endloop
  endfacet
  facet normal 0.9135454576426013 -1.0762583576137348e-15 -0.4067366430757994
    outer loop
      vertex 67.99519052838329 5.75227967467281 3.75
      vertex 68.13545457642601 11.067366430758003 4.065038209960612
      vertex 68.51056516295154 6.9098300562505255 4.907550381577728
    endloop
  endfacet
  facet normal 0.9781476007338036 5.485308094009034e-15 -0.20791169081776928
    outer loop
      vertex 68.63292387221365 7.485482524001988 5.182372542187892
      vertex 68.78147600733806 9.079116908177593 5.881255389921485
      vertex 68.84440250558191 8.48041127005763 6.177301288243534
    endloop
  endfacet
  facet normal 0.10452846326765333 0 -0.9945218953682734
    outer loop
      vertex 61.5 7.5 0
      vertex 61.5 9.5 0
      vertex 63.059337681133194 11.059337681133195 0.16389299449645733
    endloop
  endfacet
  facet normal 0.3090169943749456 0 -0.9510565162951541
    outer loop
      vertex 63.059337681133194 5.940662318866805 0.16389299449645733
      vertex 63.059337681133194 11.059337681133195 0.16389299449645733
      vertex 64.5505248230685 12.550524823068502 0.6484090676804897
    endloop
  endfacet
  facet normal 0.9135454576426004 -1.5213803156316788e-15 -0.4067366430758012
    outer loop
      vertex 68.51056516295154 6.9098300562505255 4.907550381577728
      vertex 68.13545457642601 11.067366430758003 4.065038209960612
      vertex 68.63292387221365 7.485482524001988 5.182372542187892
    endloop
  endfacet
  facet normal 0.978147600733806 0 -0.20791169081775723
    outer loop
      vertex 68.63292387221365 7.485482524001988 5.182372542187892
      vertex 68.63292387221365 9.536313368862205 5.182372542187892
      vertex 68.78147600733806 9.079116908177593 5.881255389921485
    endloop
  endfacet
  facet normal 0.8090169943749475 8.050238142438336e-16 -0.587785252292473
    outer loop
      vertex 67.07358619108047 4.192520982392378 2.4815204523085654
      vertex 67.09016994374947 12.877852522924732 2.504346029655764
      vertex 67.99519052838329 11.31031088844327 3.75
    endloop
  endfacet
  facet normal 0.9135454576425945 0 -0.40673664307581453
    outer loop
      vertex 67.99519052838329 5.75227967467281 3.75
      vertex 67.99519052838329 11.31031088844327 3.75
      vertex 68.13545457642601 11.067366430758003 4.065038209960612
    endloop
  endfacet
  facet normal 0.9135454576426022 0 -0.4067366430757971
    outer loop
      vertex 68.63292387221365 7.485482524001988 5.182372542187892
      vertex 68.13545457642601 11.067366430758003 4.065038209960612
      vertex 68.63292387221365 9.536313368862205 5.182372542187892
    endloop
  endfacet
  facet normal 0.6691306063588591 0 -0.7431448254773934
    outer loop
      vertex 65.90838939219356 3.0916106078064516 1.432372542187892
      vertex 65.90838939219356 13.908389392193548 1.432372542187892
      vertex 67.07358619108047 12.89627064618177 2.4815204523085654
    endloop
  endfacet
  facet normal 0.49999999999999817 0 -0.8660254037844398
    outer loop
      vertex 64.5505248230685 4.449475176931498 0.6484090676804897
      vertex 64.5505248230685 12.550524823068502 0.6484090676804897
      vertex 65.90838939219356 13.908389392193548 1.432372542187892
    endloop
  endfacet
  facet normal 0.8090169943750932 0 -0.5877852522922724
    outer loop
      vertex 67.07358619108047 4.192520982392378 2.4815204523085654
      vertex 67.07358619108047 12.89627064618177 2.4815204523085654
      vertex 67.09016994374947 12.877852522924732 2.504346029655764
    endloop
  endfacet
  facet normal 0.6691306063588656 1.3631507111966262e-14 -0.7431448254773877
    outer loop
      vertex 67.07358619108047 12.89627064618177 2.4815204523085654
      vertex 65.90838939219356 13.908389392193548 1.432372542187892
      vertex 66.04198255488441 14.04198255488441 1.5526603661652842
    endloop
  endfacet
  facet normal 0.6691306063588709 -4.5710062889957406e-15 0.7431448254773829
    outer loop
      vertex 66.04198255488441 2.9580174451155896 104.44733963383472
      vertex 66.43144825477394 3.3086939364114176 104.09666314253889
      vertex 65.90838939219356 3.0916106078064516 104.56762745781211
    endloop
  endfacet
  facet normal 0.30901699437494967 -3.592462219275206e-18 0.9510565162951528
    outer loop
      vertex 64.5505248230685 4.449475176931498 105.35159093231951
      vertex 63.059337681133194 11.059337681133195 105.83610700550355
      vertex 63.059337681133194 5.940662318866805 105.83610700550355
    endloop
  endfacet
  facet normal 0.10452846326764885 3.581461265966244e-18 0.9945218953682737
    outer loop
      vertex 63.059337681133194 5.940662318866805 105.83610700550355
      vertex 61.5 9.5 106
      vertex 61.5 7.5 106
    endloop
  endfacet
  facet normal 0.49999999999999817 -3.576981899409477e-18 0.8660254037844398
    outer loop
      vertex 65.90838939219356 3.0916106078064516 104.56762745781211
      vertex 64.5505248230685 12.550524823068502 105.35159093231951
      vertex 64.5505248230685 4.449475176931498 105.35159093231951
    endloop
  endfacet
  facet normal 0.6691306063588705 -2.9750648166502637e-15 0.7431448254773831
    outer loop
      vertex 65.90838939219356 3.0916106078064516 104.56762745781211
      vertex 66.43144825477394 3.3086939364114176 104.09666314253889
      vertex 67.07358619108047 12.89627064618177 103.51847954769144
    endloop
  endfacet
  facet normal 0.669130606358846 -1.0034358141784332e-18 0.7431448254774053
    outer loop
      vertex 66.43144825477394 3.3086939364114176 104.09666314253889
      vertex 67.07358619108047 4.192520982392378 103.51847954769144
      vertex 67.07358619108047 12.89627064618177 103.51847954769144
    endloop
  endfacet
  facet normal 0.8090169943749518 -1.7740638593661822e-16 0.5877852522924673
    outer loop
      vertex 67.07358619108047 4.192520982392378 103.51847954769144
      vertex 67.66025403784438 5 102.71100053008382
      vertex 67.99519052838329 11.31031088844327 102.25
    endloop
  endfacet
  facet normal 0.8090169943749506 3.503718197536718e-18 0.5877852522924688
    outer loop
      vertex 67.66025403784438 5 102.71100053008382
      vertex 67.99519052838329 5.75227967467281 102.25
      vertex 67.99519052838329 11.31031088844327 102.25
    endloop
  endfacet
  facet normal 0.9135454576426 -3.4016365782198425e-16 0.40673664307580204
    outer loop
      vertex 67.99519052838329 5.75227967467281 102.25
      vertex 68.51056516295154 6.9098300562505255 101.09244961842228
      vertex 68.13545457642601 11.067366430758003 101.93496179003938
    endloop
  endfacet
  facet normal 0.9135454576426032 4.095313895785715e-18 0.40673664307579505
    outer loop
      vertex 68.51056516295154 6.9098300562505255 101.09244961842228
      vertex 68.63292387221365 7.485482524001988 100.81762745781211
      vertex 68.63292387221365 9.536313368862205 100.81762745781211
    endloop
  endfacet
  facet normal 0.10452846326764885 0 0.9945218953682738
    outer loop
      vertex 63.059337681133194 5.940662318866805 105.83610700550355
      vertex 63.059337681133194 11.059337681133195 105.83610700550355
      vertex 61.5 9.5 106
    endloop
  endfacet
  facet normal 0.3090169943749497 0 0.951056516295153
    outer loop
      vertex 64.5505248230685 4.449475176931498 105.35159093231951
      vertex 64.5505248230685 12.550524823068502 105.35159093231951
      vertex 63.059337681133194 11.059337681133195 105.83610700550355
    endloop
  endfacet
  facet normal 0.9781476007338048 0 0.2079116908177625
    outer loop
      vertex 68.63292387221365 7.485482524001988 100.81762745781211
      vertex 68.84440250558191 8.48041127005763 99.82269871175646
      vertex 68.63292387221365 9.536313368862205 100.81762745781211
    endloop
  endfacet
  facet normal 0.9781476007338068 8.396251044214731e-15 0.207911690817754
    outer loop
      vertex 68.84440250558191 8.48041127005763 99.82269871175646
      vertex 68.78147600733806 9.079116908177593 100.11874461007852
      vertex 68.63292387221365 9.536313368862205 100.81762745781211
    endloop
  endfacet
  facet normal 0.9135454576426015 4.616140698915113e-16 0.40673664307579876
    outer loop
      vertex 68.51056516295154 6.9098300562505255 101.09244961842228
      vertex 68.63292387221365 9.536313368862205 100.81762745781211
      vertex 68.13545457642601 11.067366430758003 101.93496179003938
    endloop
  endfacet
  facet normal 0.9135454576425979 0 0.4067366430758068
    outer loop
      vertex 67.99519052838329 5.75227967467281 102.25
      vertex 68.13545457642601 11.067366430758003 101.93496179003938
      vertex 67.99519052838329 11.31031088844327 102.25
    endloop
  endfacet
  facet normal 0.8090169943749513 0 0.5877852522924679
    outer loop
      vertex 67.07358619108047 4.192520982392378 103.51847954769144
      vertex 67.99519052838329 11.31031088844327 102.25
      vertex 67.07358619108047 12.89627064618177 103.51847954769144
    endloop
  endfacet
  facet normal 0.4999999999999981 0 0.8660254037844397
    outer loop
      vertex 65.90838939219356 3.0916106078064516 104.56762745781211
      vertex 65.90838939219356 13.908389392193548 104.56762745781211
      vertex 64.5505248230685 12.550524823068502 105.35159093231951
    endloop
  endfacet
  facet normal 0.6691306063588567 0 0.7431448254773957
    outer loop
      vertex 65.90838939219356 3.0916106078064516 104.56762745781211
      vertex 67.07358619108047 12.89627064618177 103.51847954769144
      vertex 65.90838939219356 13.908389392193548 104.56762745781211
    endloop
  endfacet
  facet normal 0.8090169943756017 1.081375208043097e-12 0.5877852522915726
    outer loop
      vertex 67.99519052838329 11.31031088844327 102.25
      vertex 67.09016994374947 12.877852522924732 103.49565397034424
      vertex 67.07358619108047 12.89627064618177 103.51847954769144
    endloop
  endfacet
  facet normal 0.6691306063588645 1.6188892238903e-14 0.7431448254773887
    outer loop
      vertex 67.07358619108047 12.89627064618177 103.51847954769144
      vertex 66.04198255488441 14.04198255488441 104.44733963383472
      vertex 65.90838939219356 13.908389392193548 104.56762745781211
    endloop
  endfacet
  facet normal 0 -1 0
    outer loop
      vertex 10 0 7.5
      vertex 44.5 0 74
      vertex 24.5 0 74
    endloop
  endfacet
  facet normal 0 -1 0
    outer loop
      vertex 10 0 7.5
      vertex 24.5 0 74
      vertex 10 0 98.5
    endloop
  endfacet
  facet normal 0 -1 0
    outer loop
      vertex 10 0 98.5
      vertex 24.5 0 74
      vertex 24.5 0 94
    endloop
  endfacet
  facet normal 0 -1 0
    outer loop
      vertex 10 0 98.5
      vertex 24.5 0 94
      vertex 59 0 98.5
    endloop
  endfacet
  facet normal 0 0 1
    outer loop
      vertex 7.5 7.5 106
      vertex 61.5 7.5 106
      vertex 7.5 9.5 106
    endloop
  endfacet
  facet normal 0 0 -1
    outer loop
      vertex 7.5 7.5 0
      vertex 7.5 9.5 0
      vertex 61.5 9.5 0
    endloop
  endfacet
  facet normal 0 1 0
    outer loop
      vertex 10 17 7.5
      vertex 10 17 98.5
      vertex 59 17 7.5
    endloop
  endfacet
  facet normal 0 -1 0
    outer loop
      vertex 10 0 7.5
      vertex 59 0 7.5
      vertex 59 0 98.5
    endloop
  endfacet
  facet normal 0 0 -1
    outer loop
      vertex 7.5 7.5 0
      vertex 61.5 9.5 0
      vertex 61.5 7.5 0
    endloop
  endfacet
  facet normal 0 -1 0
    outer loop
      vertex 10 0 7.5
      vertex 59 0 98.5
      vertex 44.5 0 74
    endloop
  endfacet
  facet normal 0 -1 0
    outer loop
      vertex 59 0 98.5
      vertex 24.5 0 94
      vertex 44.5 0 94
    endloop
  endfacet
  facet normal 0 -1 0
    outer loop
      vertex 59 0 98.5
      vertex 44.5 0 94
      vertex 44.5 0 74
    endloop
  endfacet
  facet normal 0 0 1
    outer loop
      vertex 7.5 9.5 106
      vertex 61.5 7.5 106
      vertex 61.5 9.5 106
    endloop
  endfacet
  facet normal 0 1 0
    outer loop
      vertex 10 17 98.5
      vertex 59 17 98.5
      vertex 59 17 7.5
    endloop
  endfacet
  facet normal 0 0 -1
    outer loop
      vertex -0.05 7.5 85.5
      vertex -0.05 9.5 85.5
      vertex 0.05 7.5 85.5
    endloop
  endfacet
  facet normal 0 -1 0
    outer loop
      vertex -0.05 7.5 85.5
      vertex 0.05 7.5 85.5
      vertex 0.05 7.5 96.5
    endloop
  endfacet
  facet normal -1 0 0
    outer loop
      vertex -0.05 7.5 85.5
      vertex -0.05 7.5 96.5
      vertex -0.05 9.5 85.5
    endloop
  endfacet
  facet normal 1 0 0
    outer loop
      vertex 0.05 7.5 85.5
      vertex 0.05 9.5 85.5
      vertex 0.05 7.5 96.5
    endloop
  endfacet
  facet normal 0 -1 0
    outer loop
      vertex -0.05 7.5 85.5
      vertex 0.05 7.5 96.5
      vertex -0.05 7.5 96.5
    endloop
  endfacet
  facet normal 0 0 1
    outer loop
      vertex -0.05 7.5 96.5
      vertex 0.05 7.5 96.5
      vertex 0.05 9.5 96.5
    endloop
  endfacet
  facet normal 0 0 -1
    outer loop
      vertex 0.05 7.5 85.5
      vertex -0.05 9.5 85.5
      vertex 0.05 9.5 85.5
    endloop
  endfacet
  facet normal 0 1 0
    outer loop
      vertex -0.05 9.5 85.5
      vertex -0.05 9.5 96.5
      vertex 0.05 9.5 85.5
    endloop
  endfacet
  facet normal -1 0 0
    outer loop
      vertex -0.05 9.5 85.5
      vertex -0.05 7.5 96.5
      vertex -0.05 9.5 96.5
    endloop
  endfacet
  facet normal 1 0 0
    outer loop
      vertex 0.05 9.5 85.5
      vertex 0.05 9.5 96.5
      vertex 0.05 7.5 96.5
    endloop
  endfacet
  facet normal 0 0 1
    outer loop
      vertex -0.05 7.5 96.5
      vertex 0.05 9.5 96.5
      vertex -0.05 9.5 96.5
    endloop
  endfacet
  facet normal 0 1 0
    outer loop
      vertex 0.05 9.5 85.5
      vertex -0.05 9.5 96.5
      vertex 0.05 9.5 96.5
    endloop
  endfacet
  facet normal 0 0 -1
    outer loop
      vertex 24.5 -0.1 74
      vertex 24.5 0 74
      vertex 44.5 0 74
    endloop
  endfacet
  facet normal -1 0 0
    outer loop
      vertex 24.5 -0.1 74
      vertex 24.5 -0.1 94
      vertex 24.5 0 74
    endloop
  endfacet
  facet normal -1 0 0
    outer loop
      vertex 24.5 -0.1 94
      vertex 24.5 0 94
      vertex 24.5 0 74
    endloop
  endfacet
  facet normal 0 -1 0
    outer loop
      vertex 24.5 -0.1 74
      vertex 44.5 -0.1 74
      vertex 24.5 -0.1 94
    endloop
  endfacet
  facet normal 0 0 1
    outer loop
      vertex 24.5 -0.1 94
      vertex 44.5 -0.1 94
      vertex 24.5 0 94
    endloop
  endfacet
  facet normal 0 0 -1
    outer loop
      vertex 24.5 -0.1 74
      vertex 44.5 0 74
      vertex 44.5 -0.1 74
    endloop
  endfacet
  facet normal 0 -1 0
    outer loop
      vertex 44.5 -0.1 74
      vertex 44.5 -0.1 94
      vertex 24.5 -0.1 94
    endloop
  endfacet
  facet normal 0 0 1
    outer loop
      vertex 44.5 -0.1 94
      vertex 44.5 0 94
      vertex 24.5 0 94
    endloop
  endfacet
  facet normal 1 0 0
    outer loop
      vertex 44.5 -0.1 74
      vertex 44.5 0 74
      vertex 44.5 0 94
    endloop
  endfacet
  facet normal 1 0 0
    outer loop
      vertex 44.5 -0.1 74
      vertex 44.5 0 94
      vertex 44.5 -0.1 94
    endloop
  endfacet
endsolid OpenSCAD_Model
