solid OpenSCAD_Model
  facet normal 0 -1 0
    outer loop
      vertex 69.93426274441927 12 6.600060473522774
      vertex 69.95891421526204 12 6.716036525492598
      vertex 69.93426274441927 12 102.39993952647723
    endloop
  endfacet
  facet normal 0 -1 0
    outer loop
      vertex 69.95891421526204 12 7.5
      vertex 70 12 7.5
      vertex 69.95891421526204 12 101.5
    endloop
  endfacet
  facet normal 0 -1 0
    outer loop
      vertex 69.95891421526204 12 6.716036525492598
      vertex 69.95891421526204 12 7.5
      vertex 69.93426274441927 12 102.39993952647723
    endloop
  endfacet
  facet normal 0 -1 0
    outer loop
      vertex 70 12 7.5
      vertex 70 12 101.5
      vertex 69.95891421526204 12 101.5
    endloop
  endfacet
  facet normal 0 -1 0
    outer loop
      vertex 69.95891421526204 12 7.5
      vertex 69.95891421526204 12 101.5
      vertex 69.93426274441927 12 102.39993952647723
    endloop
  endfacet
  facet normal 0 -1 0
    outer loop
      vertex 69.95891421526204 12 101.5
      vertex 69.95891421526204 12 102.2839634745074
      vertex 69.93426274441927 12 102.39993952647723
    endloop
  endfacet
  facet normal 1 0 0
    outer loop
      vertex 58 29.43426274441928 6.600060473522767
      vertex 58 29.45891421526205 6.716036525492598
      vertex 58 29.43426274441928 102.39993952647723
    endloop
  endfacet
  facet normal 1 0 0
    outer loop
      vertex 58 29.45891421526205 6.716036525492598
      vertex 58 29.45891421526205 7.5
      vertex 58 29.43426274441928 102.39993952647723
    endloop
  endfacet
  facet normal 1 0 0
    outer loop
      vertex 58 29.45891421526205 7.5
      vertex 58 29.5 7.5
      vertex 58 29.45891421526205 101.5
    endloop
  endfacet
  facet normal 1 0 0
    outer loop
      vertex 58 29.5 7.5
      vertex 58 29.5 101.5
      vertex 58 29.45891421526205 101.5
    endloop
  endfacet
  facet normal 1 0 0
    outer loop
      vertex 58 29.45891421526205 7.5
      vertex 58 29.45891421526205 101.5
      vertex 58 29.43426274441928 102.39993952647723
    endloop
  endfacet
  facet normal 1 0 0
    outer loop
      vertex 58 29.45891421526205 101.5
      vertex 58 29.45891421526205 102.2839634745074
      vertex 58 29.43426274441928 102.39993952647723
    endloop
  endfacet
  facet normal -1 0 0
    outer loop
      vertex 12 0.04108578473794999 6.716036525492598
      vertex 12 0.06573725558072141 102.39993952647723
      vertex 12 0.06573725558072141 6.600060473522767
    endloop
  endfacet
  facet normal -1 0 0
    outer loop
      vertex 12 0 7.5
      vertex 12 0.04108578473794999 101.5
      vertex 12 0.04108578473794999 7.5
    endloop
  endfacet
  facet normal -1 0 0
    outer loop
      vertex 12 0.04108578473794999 6.716036525492598
      vertex 12 0.04108578473794999 7.5
      vertex 12 0.06573725558072141 102.39993952647723
    endloop
  endfacet
  facet normal -1 0 0
    outer loop
      vertex 12 0 7.5
      vertex 12 0 101.5
      vertex 12 0.04108578473794999 101.5
    endloop
  endfacet
  facet normal -1 0 0
    outer loop
      vertex 12 0.04108578473794999 7.5
      vertex 12 0.04108578473794999 101.5
      vertex 12 0.06573725558072141 102.39993952647723
    endloop
  endfacet
  facet normal -1 0 0
    outer loop
      vertex 12 0.04108578473794999 101.5
      vertex 12 0.04108578473794999 102.2839634745074
      vertex 12 0.06573725558072141 102.39993952647723
    endloop
  endfacet
  facet normal 0 1 0
    outer loop
      vertex 0.06573725558072141 17.5 6.600060473522774
      vertex 0.04108578473795177 17.5 6.716036525492598
      vertex 0.06573725558072141 17.5 102.39993952647723
    endloop
  endfacet
  facet normal 0 1 0
    outer loop
      vertex 0.04108578473795177 17.5 7.5
      vertex 0 17.5 7.5
      vertex 0.04108578473795177 17.5 101.5
    endloop
  endfacet
  facet normal 0 1 0
    outer loop
      vertex 0.04108578473795177 17.5 6.716036525492598
      vertex 0.04108578473795177 17.5 7.5
      vertex 0.06573725558072141 17.5 102.39993952647723
    endloop
  endfacet
  facet normal 0 1 0
    outer loop
      vertex 0 17.5 7.5
      vertex 0 17.5 101.5
      vertex 0.04108578473795177 17.5 101.5
    endloop
  endfacet
  facet normal 0 1 0
    outer loop
      vertex 0.04108578473795177 17.5 7.5
      vertex 0.04108578473795177 17.5 101.5
      vertex 0.06573725558072141 17.5 102.39993952647723
    endloop
  endfacet
  facet normal 0 1 0
    outer loop
      vertex 0.04108578473795177 17.5 101.5
      vertex 0.04108578473795177 17.5 102.2839634745074
      vertex 0.06573725558072141 17.5 102.39993952647723
    endloop
  endfacet
  facet normal 0.1045284632676531 -0.9945218953682734 0
    outer loop
      vertex 58.390905129884594 0.04108578473794999 6.716036525492598
      vertex 60.494940289813115 0.26222879119433173 5.675640478817314
      vertex 58.390905129884594 0.04108578473794999 7.5
    endloop
  endfacet
  facet normal 0.10452846326765304 -0.9945218953682733 -1.4898626291653245e-20
    outer loop
      vertex 58 0 7.5
      vertex 58.390905129884594 0.04108578473794999 7.5
      vertex 58.390905129884594 0.04108578473794999 101.5
    endloop
  endfacet
  facet normal 0.10452846326765311 -0.9945218953682734 -1.0823884888257333e-19
    outer loop
      vertex 60.494940289813115 0.26222879119433173 5.675640478817314
      vertex 58.390905129884594 0.04108578473794999 101.5
      vertex 58.390905129884594 0.04108578473794999 7.5
    endloop
  endfacet
  facet normal 0.30901699437495395 -0.9510565162951515 -2.7393507811111036e-20
    outer loop
      vertex 60.494940289813115 0.26222879119433173 5.675640478817314
      vertex 60.81762721155903 0.3670761277863477 5.182372542187892
      vertex 60.81762721155903 0.3670761277863477 103.81762745781211
    endloop
  endfacet
  facet normal 0.30901699437494695 -0.9510565162951536 -6.794664390047067e-18
    outer loop
      vertex 60.81762721155903 0.3670761277863477 5.182372542187892
      vertex 62.78036862497346 1.00480947161671 3.75
      vertex 62.880839716909605 1.0374545082887892 105.29493203826857
    endloop
  endfacet
  facet normal 0.30901699437494085 -0.9510565162951556 -1.7167467069419358e-20
    outer loop
      vertex 62.78036862497346 1.00480947161671 3.75
      vertex 62.880839716909605 1.0374545082887892 3.70506796173143
      vertex 62.880839716909605 1.0374545082887892 105.29493203826857
    endloop
  endfacet
  facet normal 0.4999999999999989 -0.8660254037844393 -7.097784465939951e-20
    outer loop
      vertex 64.42056239146297 1.926413808919543 2.4815204523085654
      vertex 65.05342302750968 2.2917960675006306 2.152528788967473
      vertex 65.05342302750968 2.2917960675006306 106.84747121103253
    endloop
  endfacet
  facet normal 0.5000000000000003 -0.8660254037844384 -1.1283728709137664e-17
    outer loop
      vertex 62.880839716909605 1.0374545082887892 3.70506796173143
      vertex 64.42056239146297 1.926413808919543 2.4815204523085654
      vertex 65.05342302750968 2.2917960675006306 106.84747121103253
    endloop
  endfacet
  facet normal 0.6691306063588569 -0.7431448254773955 9.233262997268828e-18
    outer loop
      vertex 65.05342302750968 2.2917960675006306 2.152528788967473
      vertex 65.94170706551569 3.0916106078064516 1.432372542187892
      vertex 66.90838939219356 3.962015284298449 107.56762745781211
    endloop
  endfacet
  facet normal 0.6691306063588649 -0.7431448254773881 -1.2398178729683276e-16
    outer loop
      vertex 65.94170706551569 3.0916106078064516 1.432372542187892
      vertex 66.45037906586128 3.5496209341387086 1.1679401569883368
      vertex 66.90838939219356 3.962015284298449 107.56762745781211
    endloop
  endfacet
  facet normal 0.669130606358849 -0.7431448254774025 -1.755333181933937e-19
    outer loop
      vertex 66.45037906586128 3.5496209341387086 1.1679401569883368
      vertex 66.90838939219356 3.962015284298449 1.432372542187892
      vertex 66.90838939219356 3.962015284298449 107.56762745781211
    endloop
  endfacet
  facet normal 0.6691306063592827 -0.743144825477012 4.845887924595266e-22
    outer loop
      vertex 66.91773790572873 3.970432723693701 1.4407899815831442
      vertex 66.90838939219356 3.962015284298449 107.56762745781211
      vertex 66.90838939219356 3.962015284298449 1.432372542187892
    endloop
  endfacet
  facet normal 0.8090169943749451 -0.5877852522924764 7.329191666011433e-17
    outer loop
      vertex 66.91773790572873 3.970432723693701 1.4407899815831442
      vertex 68.07358619108047 5.561321406459426 2.4815204523085654
      vertex 68.39230484541326 6 106.07980095415087
    endloop
  endfacet
  facet normal 0.8090169943749534 -0.5877852522924649 1.2946986946089383e-19
    outer loop
      vertex 68.07358619108047 5.561321406459426 2.4815204523085654
      vertex 68.39230484541326 6 2.920199045849138
      vertex 68.39230484541326 6 106.07980095415087
    endloop
  endfacet
  facet normal 0.9135454576426009 -0.40673664307580043 -1.766945340182113e-18
    outer loop
      vertex 68.39230484541326 6 2.920199045849138
      vertex 68.99519052838329 7.354103414411036 3.75
      vertex 69.41267819554184 8.29179606750063 104.31230734691042
    endloop
  endfacet
  facet normal 0.9135454576426008 -0.4067366430758006 -3.7276055067080636e-20
    outer loop
      vertex 68.99519052838329 7.354103414411036 3.75
      vertex 69.41267819554184 8.29179606750063 4.6876926530895915
      vertex 69.41267819554184 8.29179606750063 104.31230734691042
    endloop
  endfacet
  facet normal 0.9781476007338059 -0.20791169081775826 6.59889206966622e-17
    outer loop
      vertex 69.41267819554184 8.29179606750063 4.6876926530895915
      vertex 69.63292387221365 9.327970509453284 5.182372542187892
      vertex 69.93426274441927 10.745658440788159 102.39993952647723
    endloop
  endfacet
  facet normal 0.9781476007338068 -0.2079116908177539 -7.414670733702392e-20
    outer loop
      vertex 69.63292387221365 9.327970509453284 5.182372542187892
      vertex 69.93426274441927 10.745658440788159 6.600060473522774
      vertex 69.93426274441927 10.745658440788159 102.39993952647723
    endloop
  endfacet
  facet normal 1 0 0
    outer loop
      vertex 69.93426274441927 10.745658440788159 6.600060473522774
      vertex 69.93426274441927 12 6.600060473522774
      vertex 69.93426274441927 12 102.39993952647723
    endloop
  endfacet
  facet normal 0.10452846326765304 -0.9945218953682733 0
    outer loop
      vertex 58 0 7.5
      vertex 58.390905129884594 0.04108578473794999 101.5
      vertex 58 0 101.5
    endloop
  endfacet
  facet normal 0.10452846326765224 -0.9945218953682734 -1.297822172309105e-17
    outer loop
      vertex 60.494940289813115 0.26222879119433173 5.675640478817314
      vertex 58.390905129884594 0.04108578473794999 102.2839634745074
      vertex 58.390905129884594 0.04108578473794999 101.5
    endloop
  endfacet
  facet normal 0.10452846326765311 -0.9945218953682734 0
    outer loop
      vertex 60.494940289813115 0.26222879119433173 5.675640478817314
      vertex 60.494940289813115 0.26222879119433173 103.32435952118269
      vertex 58.390905129884594 0.04108578473794999 102.2839634745074
    endloop
  endfacet
  facet normal 0.30901699437495395 -0.9510565162951515 0
    outer loop
      vertex 60.494940289813115 0.26222879119433173 5.675640478817314
      vertex 60.81762721155903 0.3670761277863477 103.81762745781211
      vertex 60.494940289813115 0.26222879119433173 103.32435952118269
    endloop
  endfacet
  facet normal 0.309016994374947 -0.9510565162951538 0
    outer loop
      vertex 60.81762721155903 0.3670761277863477 5.182372542187892
      vertex 62.78036862497346 1.00480947161671 105.25
      vertex 60.81762721155903 0.3670761277863477 103.81762745781211
    endloop
  endfacet
  facet normal 0.30901699437494057 -0.9510565162951558 1.2554831557048409e-16
    outer loop
      vertex 60.81762721155903 0.3670761277863477 5.182372542187892
      vertex 62.880839716909605 1.0374545082887892 105.29493203826857
      vertex 62.78036862497346 1.00480947161671 105.25
    endloop
  endfacet
  facet normal 0.5000000000000004 -0.8660254037844384 0
    outer loop
      vertex 62.880839716909605 1.0374545082887892 3.70506796173143
      vertex 64.42056239146297 1.926413808919543 106.51847954769144
      vertex 62.880839716909605 1.0374545082887892 105.29493203826857
    endloop
  endfacet
  facet normal 0.4999999999999988 -0.8660254037844394 2.8165762882998806e-17
    outer loop
      vertex 62.880839716909605 1.0374545082887892 3.70506796173143
      vertex 65.05342302750968 2.2917960675006306 106.84747121103253
      vertex 64.42056239146297 1.926413808919543 106.51847954769144
    endloop
  endfacet
  facet normal 0.6691306063588569 -0.7431448254773955 0
    outer loop
      vertex 65.05342302750968 2.2917960675006306 2.152528788967473
      vertex 65.94170706551569 3.0916106078064516 107.56762745781211
      vertex 65.05342302750968 2.2917960675006306 106.84747121103253
    endloop
  endfacet
  facet normal 0.6691306063588649 -0.7431448254773882 -1.2287933061580633e-16
    outer loop
      vertex 65.05342302750968 2.2917960675006306 2.152528788967473
      vertex 66.45037906586128 3.5496209341387086 107.83205984301166
      vertex 65.94170706551569 3.0916106078064516 107.56762745781211
    endloop
  endfacet
  facet normal 0.6691306063588489 -0.7431448254774025 2.584837478673712e-16
    outer loop
      vertex 65.05342302750968 2.2917960675006306 2.152528788967473
      vertex 66.90838939219356 3.962015284298449 107.56762745781211
      vertex 66.45037906586128 3.5496209341387086 107.83205984301166
    endloop
  endfacet
  facet normal 0.6691306063592828 -0.7431448254770122 0
    outer loop
      vertex 66.91773790572873 3.970432723693701 1.4407899815831442
      vertex 66.91773790572873 3.970432723693701 107.55921001841685
      vertex 66.90838939219356 3.962015284298449 107.56762745781211
    endloop
  endfacet
  facet normal 0.8090169943749451 -0.5877852522924762 0
    outer loop
      vertex 66.91773790572873 3.970432723693701 1.4407899815831442
      vertex 68.07358619108047 5.561321406459426 106.51847954769144
      vertex 66.91773790572873 3.970432723693701 107.55921001841685
    endloop
  endfacet
  facet normal 0.8090169943749534 -0.5877852522924647 -2.6412674232423736e-16
    outer loop
      vertex 66.91773790572873 3.970432723693701 1.4407899815831442
      vertex 68.39230484541326 6 106.07980095415087
      vertex 68.07358619108047 5.561321406459426 106.51847954769144
    endloop
  endfacet
  facet normal 0.9135454576426009 -0.4067366430758004 0
    outer loop
      vertex 68.39230484541326 6 2.920199045849138
      vertex 68.99519052838329 7.354103414411036 105.25
      vertex 68.39230484541326 6 106.07980095415087
    endloop
  endfacet
  facet normal 0.9135454576426008 -0.4067366430758006 1.8794960684318527e-18
    outer loop
      vertex 68.39230484541326 6 2.920199045849138
      vertex 69.41267819554184 8.29179606750063 104.31230734691042
      vertex 68.99519052838329 7.354103414411036 105.25
    endloop
  endfacet
  facet normal 0.9781476007338059 -0.2079116908177582 0
    outer loop
      vertex 69.41267819554184 8.29179606750063 4.6876926530895915
      vertex 69.63292387221365 9.327970509453284 103.81762745781211
      vertex 69.41267819554184 8.29179606750063 104.31230734691042
    endloop
  endfacet
  facet normal 0.9781476007338068 -0.2079116908177539 -4.691537799973925e-17
    outer loop
      vertex 69.41267819554184 8.29179606750063 4.6876926530895915
      vertex 69.93426274441927 10.745658440788159 102.39993952647723
      vertex 69.63292387221365 9.327970509453284 103.81762745781211
    endloop
  endfacet
  facet normal 1 0 0
    outer loop
      vertex 69.93426274441927 10.745658440788159 6.600060473522774
      vertex 69.93426274441927 12 102.39993952647723
      vertex 69.93426274441927 10.745658440788159 102.39993952647723
    endloop
  endfacet
  facet normal 0.9945218953682736 0.10452846326764981 0
    outer loop
      vertex 69.95891421526204 17.890905129884608 6.716036525492598
      vertex 69.73777120880567 19.994940289813112 5.675640478817314
      vertex 69.95891421526204 17.890905129884608 7.5
    endloop
  endfacet
  facet normal 0.9945218953682714 0.10452846326767164 1.4475429059530756e-20
    outer loop
      vertex 70 17.5 7.5
      vertex 69.95891421526204 17.890905129884608 7.5
      vertex 69.95891421526204 17.890905129884608 101.5
    endloop
  endfacet
  facet normal 0.9945218953682737 0.10452846326764982 0
    outer loop
      vertex 69.95891421526204 17.890905129884608 7.5
      vertex 69.73777120880567 19.994940289813112 5.675640478817314
      vertex 69.95891421526204 17.890905129884608 101.5
    endloop
  endfacet
  facet normal 0.9510565162951534 0.3090169943749478 -4.801037374422131e-20
    outer loop
      vertex 69.73777120880567 19.994940289813112 5.675640478817314
      vertex 69.63292387221365 20.31762721155903 5.182372542187892
      vertex 69.63292387221365 20.31762721155903 103.81762745781211
    endloop
  endfacet
  facet normal 0.9510565162951535 0.3090169943749475 0
    outer loop
      vertex 69.63292387221365 20.31762721155903 5.182372542187892
      vertex 68.99519052838329 22.280368624973462 3.75
      vertex 69.63292387221365 20.31762721155903 103.81762745781211
    endloop
  endfacet
  facet normal 0.9510565162951524 0.3090169943749508 7.052096885174519e-17
    outer loop
      vertex 68.99519052838329 22.280368624973462 3.75
      vertex 68.96254549171121 22.380839716909602 3.70506796173143
      vertex 69.63292387221365 20.31762721155903 103.81762745781211
    endloop
  endfacet
  facet normal 0 1 0
    outer loop
      vertex 58 29.43426274441928 6.600060473522767
      vertex 58 29.43426274441928 102.39993952647723
      vertex 59.25434155921184 29.43426274441928 6.60006047352276
    endloop
  endfacet
  facet normal 0.20791169081775682 0.9781476007338061 -2.6787639483368103e-17
    outer loop
      vertex 60.67202949054671 29.132923872213652 5.182372542187892
      vertex 59.25434155921184 29.43426274441928 102.39993952647723
      vertex 61.70820393249937 28.912678195541844 4.6876926530895915
    endloop
  endfacet
  facet normal 0.20791169081775857 0.9781476007338058 0
    outer loop
      vertex 59.25434155921184 29.43426274441928 6.60006047352276
      vertex 59.25434155921184 29.43426274441928 102.39993952647723
      vertex 60.67202949054671 29.132923872213652 5.182372542187892
    endloop
  endfacet
  facet normal 0.866025403784441 0.4999999999999958 -5.847993911955551e-19
    outer loop
      vertex 68.96254549171121 22.380839716909602 3.70506796173143
      vertex 68.07358619108047 23.920562391462965 2.4815204523085654
      vertex 68.07358619108047 23.920562391462965 106.51847954769144
    endloop
  endfacet
  facet normal 0.7431448254773969 0.6691306063588552 -3.6964517163585344e-19
    outer loop
      vertex 67.70820393249937 24.553423027509677 2.152528788967473
      vertex 66.90838939219356 25.441707065515683 1.432372542187892
      vertex 66.90838939219356 25.441707065515683 107.56762745781211
    endloop
  endfacet
  facet normal 0.7431448254773848 0.6691306063588687 0
    outer loop
      vertex 66.90838939219356 25.441707065515683 1.432372542187892
      vertex 66.45037906586128 25.95037906586129 1.1679401569883368
      vertex 66.90838939219356 25.441707065515683 107.56762745781211
    endloop
  endfacet
  facet normal 0.8660254037844349 0.5000000000000064 0
    outer loop
      vertex 68.07358619108047 23.920562391462965 2.4815204523085654
      vertex 67.70820393249937 24.553423027509677 2.152528788967473
      vertex 68.07358619108047 23.920562391462965 106.51847954769144
    endloop
  endfacet
  facet normal 0.5877852522924732 0.8090169943749473 -1.1644946056547387e-17
    outer loop
      vertex 64.43867859354057 27.57358619108046 2.4815204523085654
      vertex 64 27.892304845413264 106.07980095415087
      vertex 66.0295672763063 26.417737905728732 1.4407899815831442
    endloop
  endfacet
  facet normal 0.40673664307579876 0.9135454576426014 -5.88504480173548e-17
    outer loop
      vertex 62.64589658558896 28.49519052838329 3.75
      vertex 61.70820393249937 28.912678195541844 104.31230734691042
      vertex 64 27.892304845413264 2.920199045849145
    endloop
  endfacet
  facet normal 0.40673664307580404 0.9135454576425992 -2.461864546845907e-19
    outer loop
      vertex 62.64589658558896 28.49519052838329 3.75
      vertex 61.70820393249937 28.912678195541844 4.6876926530895915
      vertex 61.70820393249937 28.912678195541844 104.31230734691042
    endloop
  endfacet
  facet normal 0.587785252292475 0.8090169943749461 -8.169929237217575e-20
    outer loop
      vertex 64.43867859354057 27.57358619108046 2.4815204523085654
      vertex 64 27.892304845413264 2.920199045849145
      vertex 64 27.892304845413264 106.07980095415087
    endloop
  endfacet
  facet normal 0.7431448254774007 0.6691306063588509 -1.527880165479381e-16
    outer loop
      vertex 66.45037906586128 25.95037906586129 1.1679401569883368
      vertex 66.03798471570155 26.40838939219355 1.432372542187892
      vertex 66.90838939219356 25.441707065515683 107.56762745781211
    endloop
  endfacet
  facet normal 0.7431448254771128 0.6691306063591708 5.1205355600278825e-15
    outer loop
      vertex 66.0295672763063 26.417737905728732 1.4407899815831442
      vertex 66.90838939219356 25.441707065515683 107.56762745781211
      vertex 66.03798471570155 26.40838939219355 1.432372542187892
    endloop
  endfacet
  facet normal 0.9945218953682714 0.10452846326767164 0
    outer loop
      vertex 70 17.5 7.5
      vertex 69.95891421526204 17.890905129884608 101.5
      vertex 70 17.5 101.5
    endloop
  endfacet
  facet normal 0.9945218953682735 0.1045284632676512 -6.7221820687122545e-18
    outer loop
      vertex 69.73777120880567 19.994940289813112 5.675640478817314
      vertex 69.95891421526204 17.890905129884608 102.2839634745074
      vertex 69.95891421526204 17.890905129884608 101.5
    endloop
  endfacet
  facet normal 0.9945218953682736 0.10452846326764982 0
    outer loop
      vertex 69.73777120880567 19.994940289813112 5.675640478817314
      vertex 69.73777120880567 19.994940289813112 103.32435952118269
      vertex 69.95891421526204 17.890905129884608 102.2839634745074
    endloop
  endfacet
  facet normal 0.9510565162951534 0.3090169943749478 0
    outer loop
      vertex 69.73777120880567 19.994940289813112 5.675640478817314
      vertex 69.63292387221365 20.31762721155903 103.81762745781211
      vertex 69.73777120880567 19.994940289813112 103.32435952118269
    endloop
  endfacet
  facet normal 0.9510565162951535 0.30901699437494745 -3.567373889416678e-18
    outer loop
      vertex 68.96254549171121 22.380839716909602 3.70506796173143
      vertex 68.99519052838329 22.280368624973462 105.25
      vertex 69.63292387221365 20.31762721155903 103.81762745781211
    endloop
  endfacet
  facet normal 0 1 0
    outer loop
      vertex 59.25434155921184 29.43426274441928 6.60006047352276
      vertex 58 29.43426274441928 102.39993952647723
      vertex 59.25434155921184 29.43426274441928 102.39993952647723
    endloop
  endfacet
  facet normal 0.20791169081775857 0.9781476007338058 1.844457222358923e-17
    outer loop
      vertex 61.70820393249937 28.912678195541844 4.6876926530895915
      vertex 59.25434155921184 29.43426274441928 102.39993952647723
      vertex 60.67202949054671 29.132923872213652 103.81762745781211
    endloop
  endfacet
  facet normal 0.9510565162951526 0.3090169943749508 0
    outer loop
      vertex 68.96254549171121 22.380839716909602 3.70506796173143
      vertex 68.96254549171121 22.380839716909602 105.29493203826857
      vertex 68.99519052838329 22.280368624973462 105.25
    endloop
  endfacet
  facet normal 0.8660254037844412 0.4999999999999957 0
    outer loop
      vertex 68.96254549171121 22.380839716909602 3.70506796173143
      vertex 68.07358619108047 23.920562391462965 106.51847954769144
      vertex 68.96254549171121 22.380839716909602 105.29493203826857
    endloop
  endfacet
  facet normal 0.743144825477397 0.6691306063588551 0
    outer loop
      vertex 67.70820393249937 24.553423027509677 2.152528788967473
      vertex 66.90838939219356 25.441707065515683 107.56762745781211
      vertex 67.70820393249937 24.553423027509677 106.84747121103253
    endloop
  endfacet
  facet normal 0.8660254037844349 0.5000000000000066 0
    outer loop
      vertex 67.70820393249937 24.553423027509677 2.152528788967473
      vertex 67.70820393249937 24.553423027509677 106.84747121103253
      vertex 68.07358619108047 23.920562391462965 106.51847954769144
    endloop
  endfacet
  facet normal 0.5877852522924748 0.8090169943749461 4.1674092383924076e-17
    outer loop
      vertex 66.0295672763063 26.417737905728732 1.4407899815831442
      vertex 64 27.892304845413264 106.07980095415087
      vertex 64.43867859354057 27.57358619108046 106.51847954769144
    endloop
  endfacet
  facet normal 0.5877852522924731 0.8090169943749473 0
    outer loop
      vertex 66.0295672763063 26.417737905728732 1.4407899815831442
      vertex 64.43867859354057 27.57358619108046 106.51847954769144
      vertex 66.0295672763063 26.417737905728732 107.55921001841685
    endloop
  endfacet
  facet normal 0.4067366430758039 0.9135454576425991 8.100579289862626e-17
    outer loop
      vertex 64 27.892304845413264 2.920199045849145
      vertex 61.70820393249937 28.912678195541844 104.31230734691042
      vertex 62.64589658558896 28.49519052838329 105.25
    endloop
  endfacet
  facet normal 0.20791169081775682 0.9781476007338061 0
    outer loop
      vertex 61.70820393249937 28.912678195541844 4.6876926530895915
      vertex 60.67202949054671 29.132923872213652 103.81762745781211
      vertex 61.70820393249937 28.912678195541844 104.31230734691042
    endloop
  endfacet
  facet normal 0.4067366430757988 0.9135454576426015 0
    outer loop
      vertex 64 27.892304845413264 2.920199045849145
      vertex 62.64589658558896 28.49519052838329 105.25
      vertex 64 27.892304845413264 106.07980095415087
    endloop
  endfacet
  facet normal 0.7431448254773848 0.6691306063588687 8.935441771319457e-17
    outer loop
      vertex 66.0295672763063 26.417737905728732 1.4407899815831442
      vertex 66.45037906586128 25.95037906586129 107.83205984301166
      vertex 66.90838939219356 25.441707065515683 107.56762745781211
    endloop
  endfacet
  facet normal 0.7431448254774008 0.6691306063588509 -5.141240333714439e-17
    outer loop
      vertex 66.0295672763063 26.417737905728732 1.4407899815831442
      vertex 66.03798471570155 26.40838939219355 107.56762745781211
      vertex 66.45037906586128 25.95037906586129 107.83205984301166
    endloop
  endfacet
  facet normal 0.7431448254771106 0.6691306063591733 0
    outer loop
      vertex 66.0295672763063 26.417737905728732 1.4407899815831442
      vertex 66.0295672763063 26.417737905728732 107.55921001841685
      vertex 66.03798471570155 26.40838939219355 107.56762745781211
    endloop
  endfacet
  facet normal -0.7431448254773914 -0.6691306063588612 4.180572336630114e-17
    outer loop
      vertex 3.962015284298449 3.0916106078064516 1.432372542187892
      vertex 3.970432723693701 3.082262094271268 1.4407899815831442
      vertex 3.0916106078064516 4.058292934484317 107.56762745781211
    endloop
  endfacet
  facet normal -0.587785252292474 -0.8090169943749468 0
    outer loop
      vertex 6 1.607695154586736 2.920199045849145
      vertex 6 1.607695154586736 106.07980095415087
      vertex 5.561321406459424 1.926413808919543 2.4815204523085654
    endloop
  endfacet
  facet normal -0.4067366430757997 -0.9135454576426012 0
    outer loop
      vertex 6 1.607695154586736 2.920199045849145
      vertex 7.354103414411039 1.00480947161671 3.75
      vertex 6 1.607695154586736 106.07980095415087
    endloop
  endfacet
  facet normal -0.40673664307580004 -0.913545457642601 0
    outer loop
      vertex 8.29179606750063 0.5873218044581581 4.6876926530895915
      vertex 8.29179606750063 0.5873218044581581 104.31230734691042
      vertex 7.354103414411039 1.00480947161671 3.75
    endloop
  endfacet
  facet normal -0.5877852522924726 -0.8090169943749478 -8.686765674363933e-18
    outer loop
      vertex 3.970432723693701 3.082262094271268 1.4407899815831442
      vertex 5.561321406459424 1.926413808919543 2.4815204523085654
      vertex 6 1.607695154586736 106.07980095415087
    endloop
  endfacet
  facet normal -0.743144825477394 -0.6691306063588586 -4.379619909726786e-19
    outer loop
      vertex 3.5496209341387086 3.5496209341387104 1.1679401569883368
      vertex 2.291796067500627 4.946576972490323 106.84747121103253
      vertex 3.0916106078064516 4.058292934484317 1.432372542187892
    endloop
  endfacet
  facet normal -0.7431448254773935 -0.669130606358859 1.4442579939152642e-17
    outer loop
      vertex 3.962015284298449 3.0916106078064516 1.432372542187892
      vertex 2.291796067500627 4.946576972490323 106.84747121103253
      vertex 3.5496209341387086 3.5496209341387104 1.1679401569883368
    endloop
  endfacet
  facet normal -0.743144825477394 -0.6691306063588586 -2.4181348585723437e-19
    outer loop
      vertex 3.0916106078064516 4.058292934484317 1.432372542187892
      vertex 2.291796067500627 4.946576972490323 106.84747121103253
      vertex 2.291796067500627 4.946576972490323 2.152528788967473
    endloop
  endfacet
  facet normal -0.8660254037844392 -0.4999999999999992 4.4418056998718904e-18
    outer loop
      vertex 2.291796067500627 4.946576972490323 2.152528788967473
      vertex 1.0374545082887892 7.119160283090397 105.29493203826857
      vertex 1.9264138089195413 5.5794376085370345 2.4815204523085654
    endloop
  endfacet
  facet normal -0.8660254037844392 -0.499999999999999 -2.488738474860839e-19
    outer loop
      vertex 1.9264138089195413 5.5794376085370345 2.4815204523085654
      vertex 1.0374545082887892 7.119160283090397 105.29493203826857
      vertex 1.0374545082887892 7.119160283090397 3.70506796173143
    endloop
  endfacet
  facet normal -0.2079116908177591 -0.9781476007338057 8.289338911075989e-19
    outer loop
      vertex 8.29179606750063 0.5873218044581581 4.6876926530895915
      vertex 9.327970509453287 0.3670761277863477 5.182372542187892
      vertex 10.745658440788159 0.06573725558072141 102.39993952647723
    endloop
  endfacet
  facet normal -0.20791169081775907 -0.9781476007338057 2.8360430929327784e-21
    outer loop
      vertex 9.327970509453287 0.3670761277863477 5.182372542187892
      vertex 10.745658440788159 0.06573725558072141 6.60006047352276
      vertex 10.745658440788159 0.06573725558072141 102.39993952647723
    endloop
  endfacet
  facet normal 0 -1 0
    outer loop
      vertex 10.745658440788159 0.06573725558072141 6.60006047352276
      vertex 12 0.06573725558072141 6.600060473522767
      vertex 12 0.06573725558072141 102.39993952647723
    endloop
  endfacet
  facet normal -0.9945218953682734 -0.10452846326765323 -1.4752263194304372e-17
    outer loop
      vertex 0.26222879119433173 9.505059710186888 5.675640478817314
      vertex 0.04108578473795177 11.60909487011539 7.5
      vertex 0.04108578473795177 11.60909487011539 6.716036525492598
    endloop
  endfacet
  facet normal -0.9510565162951533 -0.30901699437494823 1.890677055245771e-17
    outer loop
      vertex 1.0374545082887892 7.119160283090397 3.70506796173143
      vertex 0.26222879119433173 9.505059710186888 103.32435952118269
      vertex 1.00480947161671 7.2196313750265375 3.75
    endloop
  endfacet
  facet normal -0.9510565162951535 -0.3090169943749475 -7.680842109644316e-19
    outer loop
      vertex 1.00480947161671 7.2196313750265375 3.75
      vertex 0.26222879119433173 9.505059710186888 103.32435952118269
      vertex 0.3670761277863477 9.182372788440968 5.182372542187892
    endloop
  endfacet
  facet normal -0.9510565162951534 -0.3090169943749478 -4.8495418058696033e-20
    outer loop
      vertex 0.3670761277863477 9.182372788440968 5.182372542187892
      vertex 0.26222879119433173 9.505059710186888 103.32435952118269
      vertex 0.26222879119433173 9.505059710186888 5.675640478817314
    endloop
  endfacet
  facet normal -0.9945218953682734 -0.10452846326765322 -2.4040753012253015e-19
    outer loop
      vertex 0.26222879119433173 9.505059710186888 5.675640478817314
      vertex 0 12 101.5
      vertex 0.04108578473795177 11.60909487011539 7.5
    endloop
  endfacet
  facet normal -0.9945218953682734 -0.10452846326765328 -2.8927610763556495e-20
    outer loop
      vertex 0.04108578473795177 11.60909487011539 7.5
      vertex 0 12 101.5
      vertex 0 12 7.5
    endloop
  endfacet
  facet normal -0.7431448254773914 -0.6691306063588613 0
    outer loop
      vertex 3.970432723693701 3.082262094271268 1.4407899815831442
      vertex 3.970432723693701 3.082262094271268 107.55921001841685
      vertex 3.962015284298449 3.0916106078064516 107.56762745781211
    endloop
  endfacet
  facet normal -0.7431448254773938 -0.6691306063588589 -3.8871947381541486e-19
    outer loop
      vertex 3.970432723693701 3.082262094271268 1.4407899815831442
      vertex 3.549620934138712 3.549620934138707 107.83205984301166
      vertex 3.0916106078064516 4.058292934484317 107.56762745781211
    endloop
  endfacet
  facet normal -0.7431448254773938 -0.6691306063588588 -4.1044974437660795e-19
    outer loop
      vertex 3.970432723693701 3.082262094271268 1.4407899815831442
      vertex 3.962015284298449 3.0916106078064516 107.56762745781211
      vertex 3.549620934138712 3.549620934138707 107.83205984301166
    endloop
  endfacet
  facet normal -0.2079116908177591 -0.9781476007338056 0
    outer loop
      vertex 8.29179606750063 0.5873218044581581 4.6876926530895915
      vertex 9.327970509453287 0.3670761277863477 103.81762745781211
      vertex 8.29179606750063 0.5873218044581581 104.31230734691042
    endloop
  endfacet
  facet normal -0.40673664307580004 -0.913545457642601 0
    outer loop
      vertex 7.354103414411039 1.00480947161671 3.75
      vertex 8.29179606750063 0.5873218044581581 104.31230734691042
      vertex 7.354103414411039 1.00480947161671 105.25
    endloop
  endfacet
  facet normal -0.40673664307579976 -0.9135454576426012 0
    outer loop
      vertex 7.354103414411039 1.00480947161671 3.75
      vertex 7.354103414411039 1.00480947161671 105.25
      vertex 6 1.607695154586736 106.07980095415087
    endloop
  endfacet
  facet normal -0.5877852522924739 -0.8090169943749469 3.300940115913815e-17
    outer loop
      vertex 3.970432723693701 3.082262094271268 1.4407899815831442
      vertex 6 1.607695154586736 106.07980095415087
      vertex 5.561321406459424 1.926413808919543 106.51847954769144
    endloop
  endfacet
  facet normal -0.5877852522924726 -0.8090169943749478 0
    outer loop
      vertex 3.970432723693701 3.082262094271268 1.4407899815831442
      vertex 5.561321406459424 1.926413808919543 106.51847954769144
      vertex 3.970432723693701 3.082262094271268 107.55921001841685
    endloop
  endfacet
  facet normal -0.743144825477394 -0.6691306063588586 -4.870013980645094e-18
    outer loop
      vertex 3.962015284298449 3.0916106078064516 1.432372542187892
      vertex 3.0916106078064516 4.058292934484317 107.56762745781211
      vertex 2.291796067500627 4.946576972490323 106.84747121103253
    endloop
  endfacet
  facet normal -0.866025403784439 -0.49999999999999917 0
    outer loop
      vertex 2.291796067500627 4.946576972490323 2.152528788967473
      vertex 2.291796067500627 4.946576972490323 106.84747121103253
      vertex 1.9264138089195413 5.5794376085370345 106.51847954769144
    endloop
  endfacet
  facet normal -0.8660254037844393 -0.49999999999999895 -1.7039887627388955e-18
    outer loop
      vertex 2.291796067500627 4.946576972490323 2.152528788967473
      vertex 1.9264138089195413 5.5794376085370345 106.51847954769144
      vertex 1.0374545082887892 7.119160283090397 105.29493203826857
    endloop
  endfacet
  facet normal -0.9510565162951533 -0.3090169943749483 0
    outer loop
      vertex 1.0374545082887892 7.119160283090397 3.70506796173143
      vertex 1.0374545082887892 7.119160283090397 105.29493203826857
      vertex 1.00480947161671 7.2196313750265375 105.25
    endloop
  endfacet
  facet normal -0.20791169081775904 -0.9781476007338056 -8.009037998035211e-19
    outer loop
      vertex 8.29179606750063 0.5873218044581581 4.6876926530895915
      vertex 10.745658440788159 0.06573725558072141 102.39993952647723
      vertex 9.327970509453287 0.3670761277863477 103.81762745781211
    endloop
  endfacet
  facet normal 0 -1 0
    outer loop
      vertex 10.745658440788159 0.06573725558072141 6.60006047352276
      vertex 12 0.06573725558072141 102.39993952647723
      vertex 10.745658440788159 0.06573725558072141 102.39993952647723
    endloop
  endfacet
  facet normal -0.9510565162951535 -0.30901699437494745 -8.601208396249085e-19
    outer loop
      vertex 1.0374545082887892 7.119160283090397 3.70506796173143
      vertex 1.00480947161671 7.2196313750265375 105.25
      vertex 0.3670761277863477 9.182372788440968 103.81762745781211
    endloop
  endfacet
  facet normal -0.9510565162951534 -0.3090169943749476 6.1091590503273935e-18
    outer loop
      vertex 1.0374545082887892 7.119160283090397 3.70506796173143
      vertex 0.3670761277863477 9.182372788440968 103.81762745781211
      vertex 0.26222879119433173 9.505059710186888 103.32435952118269
    endloop
  endfacet
  facet normal -0.9945218953682734 -0.10452846326765323 0
    outer loop
      vertex 0.26222879119433173 9.505059710186888 5.675640478817314
      vertex 0.26222879119433173 9.505059710186888 103.32435952118269
      vertex 0.04108578473795177 11.60909487011539 102.2839634745074
    endloop
  endfacet
  facet normal -0.9945218953682732 -0.1045284632676538 -1.4752263194304446e-17
    outer loop
      vertex 0.26222879119433173 9.505059710186888 5.675640478817314
      vertex 0.04108578473795177 11.60909487011539 102.2839634745074
      vertex 0.04108578473795177 11.60909487011539 101.5
    endloop
  endfacet
  facet normal -0.9945218953682733 -0.10452846326765328 5.33765904052037e-20
    outer loop
      vertex 0.26222879119433173 9.505059710186888 5.675640478817314
      vertex 0.04108578473795177 11.60909487011539 101.5
      vertex 0 12 101.5
    endloop
  endfacet
  facet normal -1 0 0
    outer loop
      vertex 0.06573725558072141 17.5 6.600060473522774
      vertex 0.06573725558072141 18.75434155921184 102.39993952647723
      vertex 0.06573725558072141 18.75434155921184 6.600060473522774
    endloop
  endfacet
  facet normal -0.9781476007338059 0.2079116908177586 1.0817919299476464e-19
    outer loop
      vertex 0.06573725558072141 18.75434155921184 6.600060473522774
      vertex 0.3670761277863477 20.172029490546716 103.81762745781211
      vertex 0.3670761277863477 20.172029490546716 5.182372542187892
    endloop
  endfacet
  facet normal -0.9781476007338059 0.20791169081775823 0
    outer loop
      vertex 0.3670761277863477 20.172029490546716 5.182372542187892
      vertex 0.3670761277863477 20.172029490546716 103.81762745781211
      vertex 0.5873218044581563 21.20820393249937 4.6876926530895915
    endloop
  endfacet
  facet normal -0.9135454576426009 0.4067366430758002 -2.0719616082699658e-19
    outer loop
      vertex 0.5873218044581563 21.20820393249937 4.6876926530895915
      vertex 1.00480947161671 22.145896585588964 105.25
      vertex 1.00480947161671 22.145896585588964 3.75
    endloop
  endfacet
  facet normal -0.10452846326765246 0.9945218953682734 4.349552274007947e-18
    outer loop
      vertex 9.505059710186888 29.23777120880567 5.675640478817314
      vertex 11.609094870115406 29.45891421526205 7.5
      vertex 11.609094870115406 29.45891421526205 6.716036525492598
    endloop
  endfacet
  facet normal -0.9135454576426006 0.40673664307580054 0
    outer loop
      vertex 1.00480947161671 22.145896585588964 3.75
      vertex 1.00480947161671 22.145896585588964 105.25
      vertex 1.607695154586736 23.5 2.920199045849138
    endloop
  endfacet
  facet normal -0.809016994374946 0.5877852522924749 8.101031162951047e-20
    outer loop
      vertex 1.607695154586736 23.5 2.920199045849138
      vertex 1.9264138089195413 23.938678593540573 106.51847954769144
      vertex 1.9264138089195413 23.938678593540573 2.4815204523085654
    endloop
  endfacet
  facet normal -0.809016994374948 0.5877852522924724 0
    outer loop
      vertex 1.9264138089195413 23.938678593540573 2.4815204523085654
      vertex 1.9264138089195413 23.938678593540573 106.51847954769144
      vertex 3.082262094271268 25.5295672763063 1.4407899815831442
    endloop
  endfacet
  facet normal -0.6691306063588613 0.7431448254773915 0
    outer loop
      vertex 3.0916106078064516 25.53798471570155 1.432372542187892
      vertex 3.082262094271268 25.5295672763063 1.4407899815831442
      vertex 3.0916106078064516 25.53798471570155 107.56762745781211
    endloop
  endfacet
  facet normal -0.6691306063588576 0.7431448254773947 4.044591633906905e-18
    outer loop
      vertex 3.0916106078064516 25.53798471570155 1.432372542187892
      vertex 4.058292934484321 26.40838939219355 107.56762745781211
      vertex 3.549620934138712 25.95037906586129 1.1679401569883368
    endloop
  endfacet
  facet normal -0.6691306063588571 0.743144825477395 -6.459998237704023e-20
    outer loop
      vertex 3.549620934138712 25.95037906586129 1.1679401569883368
      vertex 4.058292934484321 26.40838939219355 107.56762745781211
      vertex 4.058292934484321 26.40838939219355 1.432372542187892
    endloop
  endfacet
  facet normal -0.6691306063588582 0.7431448254773941 0
    outer loop
      vertex 4.058292934484321 26.40838939219355 1.432372542187892
      vertex 4.058292934484321 26.40838939219355 107.56762745781211
      vertex 4.946576972490323 27.20820393249937 2.152528788967473
    endloop
  endfacet
  facet normal -0.5000000000000008 0.8660254037844384 1.1223673096953665e-19
    outer loop
      vertex 4.946576972490323 27.20820393249937 2.152528788967473
      vertex 5.579437608537038 27.57358619108046 106.51847954769144
      vertex 5.579437608537038 27.57358619108046 2.4815204523085654
    endloop
  endfacet
  facet normal -0.49999999999999967 0.8660254037844388 0
    outer loop
      vertex 5.579437608537038 27.57358619108046 2.4815204523085654
      vertex 5.579437608537038 27.57358619108046 106.51847954769144
      vertex 7.119160283090398 28.46254549171121 3.70506796173143
    endloop
  endfacet
  facet normal -0.3090169943749507 0.9510565162951524 5.946438564953761e-21
    outer loop
      vertex 7.119160283090398 28.46254549171121 3.70506796173143
      vertex 7.2196313750265375 28.49519052838329 105.25
      vertex 7.2196313750265375 28.49519052838329 3.75
    endloop
  endfacet
  facet normal -0.3090169943749475 0.9510565162951535 3.1210668881771683e-20
    outer loop
      vertex 7.2196313750265375 28.49519052838329 3.75
      vertex 9.182372788440968 29.132923872213652 103.81762745781211
      vertex 9.182372788440968 29.132923872213652 5.182372542187892
    endloop
  endfacet
  facet normal -0.3090169943749478 0.9510565162951534 0
    outer loop
      vertex 9.182372788440968 29.132923872213652 5.182372542187892
      vertex 9.182372788440968 29.132923872213652 103.81762745781211
      vertex 9.505059710186888 29.23777120880567 5.675640478817314
    endloop
  endfacet
  facet normal -0.10452846326765244 0.9945218953682735 3.627542673705152e-20
    outer loop
      vertex 9.505059710186888 29.23777120880567 5.675640478817314
      vertex 11.609094870115406 29.45891421526205 101.5
      vertex 11.609094870115406 29.45891421526205 7.5
    endloop
  endfacet
  facet normal -0.10452846326765752 0.994521895368273 0
    outer loop
      vertex 11.609094870115406 29.45891421526205 7.5
      vertex 11.609094870115406 29.45891421526205 101.5
      vertex 12 29.5 7.5
    endloop
  endfacet
  facet normal -1 0 0
    outer loop
      vertex 0.06573725558072141 17.5 6.600060473522774
      vertex 0.06573725558072141 17.5 102.39993952647723
      vertex 0.06573725558072141 18.75434155921184 102.39993952647723
    endloop
  endfacet
  facet normal -0.9781476007338058 0.2079116908177586 0
    outer loop
      vertex 0.06573725558072141 18.75434155921184 6.600060473522774
      vertex 0.06573725558072141 18.75434155921184 102.39993952647723
      vertex 0.3670761277863477 20.172029490546716 103.81762745781211
    endloop
  endfacet
  facet normal -0.9781476007338059 0.2079116908177582 0
    outer loop
      vertex 0.5873218044581563 21.20820393249937 4.6876926530895915
      vertex 0.3670761277863477 20.172029490546716 103.81762745781211
      vertex 0.5873218044581563 21.20820393249937 104.31230734691042
    endloop
  endfacet
  facet normal -0.913545457642601 0.40673664307580026 0
    outer loop
      vertex 0.5873218044581563 21.20820393249937 4.6876926530895915
      vertex 0.5873218044581563 21.20820393249937 104.31230734691042
      vertex 1.00480947161671 22.145896585588964 105.25
    endloop
  endfacet
  facet normal -0.9135454576426006 0.40673664307580054 0
    outer loop
      vertex 1.607695154586736 23.5 2.920199045849138
      vertex 1.00480947161671 22.145896585588964 105.25
      vertex 1.607695154586736 23.5 106.07980095415087
    endloop
  endfacet
  facet normal -0.809016994374946 0.587785252292475 0
    outer loop
      vertex 1.607695154586736 23.5 2.920199045849138
      vertex 1.607695154586736 23.5 106.07980095415087
      vertex 1.9264138089195413 23.938678593540573 106.51847954769144
    endloop
  endfacet
  facet normal -0.809016994374948 0.5877852522924724 0
    outer loop
      vertex 3.082262094271268 25.5295672763063 1.4407899815831442
      vertex 1.9264138089195413 23.938678593540573 106.51847954769144
      vertex 3.082262094271268 25.5295672763063 107.55921001841685
    endloop
  endfacet
  facet normal -0.6691306063588613 0.7431448254773914 0
    outer loop
      vertex 3.082262094271268 25.5295672763063 1.4407899815831442
      vertex 3.082262094271268 25.5295672763063 107.55921001841685
      vertex 3.0916106078064516 25.53798471570155 107.56762745781211
    endloop
  endfacet
  facet normal -0.6691306063588578 0.7431448254773948 0
    outer loop
      vertex 3.0916106078064516 25.53798471570155 1.432372542187892
      vertex 3.0916106078064516 25.53798471570155 107.56762745781211
      vertex 3.549620934138712 25.95037906586129 107.83205984301166
    endloop
  endfacet
  facet normal -0.6691306063588571 0.7431448254773951 -3.602947116292204e-18
    outer loop
      vertex 3.0916106078064516 25.53798471570155 1.432372542187892
      vertex 3.549620934138712 25.95037906586129 107.83205984301166
      vertex 4.058292934484321 26.40838939219355 107.56762745781211
    endloop
  endfacet
  facet normal -0.6691306063588583 0.7431448254773941 0
    outer loop
      vertex 4.946576972490323 27.20820393249937 2.152528788967473
      vertex 4.058292934484321 26.40838939219355 107.56762745781211
      vertex 4.946576972490323 27.20820393249937 106.84747121103253
    endloop
  endfacet
  facet normal -0.5000000000000008 0.8660254037844382 0
    outer loop
      vertex 4.946576972490323 27.20820393249937 2.152528788967473
      vertex 4.946576972490323 27.20820393249937 106.84747121103253
      vertex 5.579437608537038 27.57358619108046 106.51847954769144
    endloop
  endfacet
  facet normal -0.3090169943749508 0.9510565162951526 0
    outer loop
      vertex 7.119160283090398 28.46254549171121 3.70506796173143
      vertex 7.119160283090398 28.46254549171121 105.29493203826857
      vertex 7.2196313750265375 28.49519052838329 105.25
    endloop
  endfacet
  facet normal -0.4999999999999996 0.8660254037844388 0
    outer loop
      vertex 7.119160283090398 28.46254549171121 3.70506796173143
      vertex 5.579437608537038 27.57358619108046 106.51847954769144
      vertex 7.119160283090398 28.46254549171121 105.29493203826857
    endloop
  endfacet
  facet normal -0.30901699437494756 0.9510565162951536 0
    outer loop
      vertex 7.2196313750265375 28.49519052838329 3.75
      vertex 7.2196313750265375 28.49519052838329 105.25
      vertex 9.182372788440968 29.132923872213652 103.81762745781211
    endloop
  endfacet
  facet normal -0.3090169943749478 0.9510565162951534 0
    outer loop
      vertex 9.505059710186888 29.23777120880567 5.675640478817314
      vertex 9.182372788440968 29.132923872213652 103.81762745781211
      vertex 9.505059710186888 29.23777120880567 103.32435952118269
    endloop
  endfacet
  facet normal -0.10452846326765244 0.9945218953682734 0
    outer loop
      vertex 9.505059710186888 29.23777120880567 5.675640478817314
      vertex 9.505059710186888 29.23777120880567 103.32435952118269
      vertex 11.609094870115406 29.45891421526205 102.2839634745074
    endloop
  endfacet
  facet normal -0.1045284632676522 0.9945218953682734 4.34955227400795e-18
    outer loop
      vertex 9.505059710186888 29.23777120880567 5.675640478817314
      vertex 11.609094870115406 29.45891421526205 102.2839634745074
      vertex 11.609094870115406 29.45891421526205 101.5
    endloop
  endfacet
  facet normal -0.10452846326765752 0.994521895368273 0
    outer loop
      vertex 12 29.5 7.5
      vertex 11.609094870115406 29.45891421526205 101.5
      vertex 12 29.5 101.5
    endloop
  endfacet
  facet normal 0 0 -1
    outer loop
      vertex 12 0 7.5
      vertex 12 0.04108578473794999 7.5
      vertex 58 0 7.5
    endloop
  endfacet
  facet normal 0 0 -1
    outer loop
      vertex 12 0.04108578473794999 7.5
      vertex 58.390905129884594 0.04108578473794999 7.5
      vertex 58 0 7.5
    endloop
  endfacet
  facet normal 0 0 1
    outer loop
      vertex 12 0 101.5
      vertex 58 0 101.5
      vertex 12 0.04108578473794999 101.5
    endloop
  endfacet
  facet normal 0 0 1
    outer loop
      vertex 12 0.04108578473794999 101.5
      vertex 58 0 101.5
      vertex 58.390905129884594 0.04108578473794999 101.5
    endloop
  endfacet
  facet normal 0 0 -1
    outer loop
      vertex 11.609094870115406 29.45891421526205 7.5
      vertex 12 29.5 7.5
      vertex 58 29.45891421526205 7.5
    endloop
  endfacet
  facet normal 0 0 -1
    outer loop
      vertex 12 29.5 7.5
      vertex 58 29.5 7.5
      vertex 58 29.45891421526205 7.5
    endloop
  endfacet
  facet normal 0 0 1
    outer loop
      vertex 11.609094870115406 29.45891421526205 101.5
      vertex 58 29.45891421526205 101.5
      vertex 12 29.5 101.5
    endloop
  endfacet
  facet normal 0 0 1
    outer loop
      vertex 12 29.5 101.5
      vertex 58 29.45891421526205 101.5
      vertex 58 29.5 101.5
    endloop
  endfacet
  facet normal -4.8427597563169684e-15 -0.4999999999999993 -0.866025403784439
    outer loop
      vertex 3.962015284298449 3.0916106078064516 1.432372542187892
      vertex 3.5496209341387086 3.5496209341387104 1.1679401569883368
      vertex 4.4494751769315 4.449475176931498 0.6484090676804897
    endloop
  endfacet
  facet normal 1.1692438338290744e-15 -0.9781476007338054 -0.20791169081776065
    outer loop
      vertex 9.327970509453287 0.3670761277863477 5.182372542187892
      vertex 12 0.06573725558072141 6.600060473522767
      vertex 10.745658440788159 0.06573725558072141 6.60006047352276
    endloop
  endfacet
  facet normal 1.7751560349441236e-19 -0.9135454576425998 -0.4067366430758027
    outer loop
      vertex 8.29179606750063 0.5873218044581581 4.6876926530895915
      vertex 60.81762721155903 0.3670761277863477 5.182372542187892
      vertex 9.327970509453287 0.3670761277863477 5.182372542187892
    endloop
  endfacet
  facet normal -1.9623603011071316e-17 -0.8090169943749459 -0.5877852522924752
    outer loop
      vertex 6 1.607695154586736 2.920199045849145
      vertex 62.880839716909605 1.0374545082887892 3.70506796173143
      vertex 7.354103414411039 1.00480947161671 3.75
    endloop
  endfacet
  facet normal 1.1146829323836412e-19 -0.913545457642601 -0.4067366430758
    outer loop
      vertex 8.29179606750063 0.5873218044581581 4.6876926530895915
      vertex 7.354103414411039 1.00480947161671 3.75
      vertex 62.78036862497346 1.00480947161671 3.75
    endloop
  endfacet
  facet normal 2.930777437512593e-19 -0.6691306063588597 -0.7431448254773928
    outer loop
      vertex 3.970432723693701 3.082262094271268 1.4407899815831442
      vertex 64.42056239146297 1.926413808919543 2.4815204523085654
      vertex 5.561321406459424 1.926413808919543 2.4815204523085654
    endloop
  endfacet
  facet normal 1.4605213058387436e-19 -0.8090169943749491 -0.5877852522924709
    outer loop
      vertex 6 1.607695154586736 2.920199045849145
      vertex 5.561321406459424 1.926413808919543 2.4815204523085654
      vertex 64.42056239146297 1.926413808919543 2.4815204523085654
    endloop
  endfacet
  facet normal -5.775421198676697e-17 -0.6691306063588613 -0.7431448254773915
    outer loop
      vertex 3.962015284298449 3.0916106078064516 1.432372542187892
      vertex 64.42056239146297 1.926413808919543 2.4815204523085654
      vertex 3.970432723693701 3.082262094271268 1.4407899815831442
    endloop
  endfacet
  facet normal 0 -0.5000000000000007 -0.8660254037844384
    outer loop
      vertex 3.962015284298449 3.0916106078064516 1.432372542187892
      vertex 4.4494751769315 4.449475176931498 0.6484090676804897
      vertex 65.94170706551569 3.0916106078064516 1.432372542187892
    endloop
  endfacet
  facet normal 0 -0.3090169943749456 -0.9510565162951542
    outer loop
      vertex 4.4494751769315 4.449475176931498 0.6484090676804897
      vertex 5.940662318866806 5.940662318866805 0.16389299449645733
      vertex 65.5505248230685 4.449475176931498 0.6484090676804897
    endloop
  endfacet
  facet normal 0 -0.1045284632676532 -0.9945218953682733
    outer loop
      vertex 5.940662318866806 5.940662318866805 0.16389299449645733
      vertex 7.5 7.5 0
      vertex 64.0593376811332 5.940662318866805 0.16389299449645733
    endloop
  endfacet
  facet normal -9.031668013923869e-18 -0.9781476007338057 -0.2079116908177585
    outer loop
      vertex 9.327970509453287 0.3670761277863477 5.182372542187892
      vertex 58.390905129884594 0.04108578473794999 6.716036525492598
      vertex 12 0.06573725558072141 6.600060473522767
    endloop
  endfacet
  facet normal 0 -0.978147600733805 -0.20791169081776215
    outer loop
      vertex 12 0.04108578473794999 6.716036525492598
      vertex 12 0.06573725558072141 6.600060473522767
      vertex 58.390905129884594 0.04108578473794999 6.716036525492598
    endloop
  endfacet
  facet normal 0 -1 0
    outer loop
      vertex 12 0.04108578473794999 6.716036525492598
      vertex 58.390905129884594 0.04108578473794999 7.5
      vertex 12 0.04108578473794999 7.5
    endloop
  endfacet
  facet normal 4.5210152730408235e-18 -0.9781476007338057 -0.207911690817759
    outer loop
      vertex 9.327970509453287 0.3670761277863477 5.182372542187892
      vertex 60.494940289813115 0.26222879119433173 5.675640478817314
      vertex 58.390905129884594 0.04108578473794999 6.716036525492598
    endloop
  endfacet
  facet normal 0 -0.9781476007338058 -0.2079116908177585
    outer loop
      vertex 9.327970509453287 0.3670761277863477 5.182372542187892
      vertex 60.81762721155903 0.3670761277863477 5.182372542187892
      vertex 60.494940289813115 0.26222879119433173 5.675640478817314
    endloop
  endfacet
  facet normal 0 -1 0
    outer loop
      vertex 12 0.04108578473794999 6.716036525492598
      vertex 58.390905129884594 0.04108578473794999 6.716036525492598
      vertex 58.390905129884594 0.04108578473794999 7.5
    endloop
  endfacet
  facet normal -1.9562503615558596e-17 -0.9135454576426006 -0.40673664307580104
    outer loop
      vertex 8.29179606750063 0.5873218044581581 4.6876926530895915
      vertex 62.78036862497346 1.00480947161671 3.75
      vertex 60.81762721155903 0.3670761277863477 5.182372542187892
    endloop
  endfacet
  facet normal -3.877039706837061e-17 -0.8090169943749466 -0.5877852522924742
    outer loop
      vertex 6 1.607695154586736 2.920199045849145
      vertex 64.42056239146297 1.926413808919543 2.4815204523085654
      vertex 62.880839716909605 1.0374545082887892 3.70506796173143
    endloop
  endfacet
  facet normal 0 -0.8090169943749573 -0.5877852522924595
    outer loop
      vertex 7.354103414411039 1.00480947161671 3.75
      vertex 62.880839716909605 1.0374545082887892 3.70506796173143
      vertex 62.78036862497346 1.00480947161671 3.75
    endloop
  endfacet
  facet normal -3.1837363320369535e-17 -0.6691306063588606 -0.7431448254773921
    outer loop
      vertex 3.962015284298449 3.0916106078064516 1.432372542187892
      vertex 65.05342302750968 2.2917960675006306 2.152528788967473
      vertex 64.42056239146297 1.926413808919543 2.4815204523085654
    endloop
  endfacet
  facet normal 0 -0.6691306063588593 -0.7431448254773934
    outer loop
      vertex 3.962015284298449 3.0916106078064516 1.432372542187892
      vertex 65.94170706551569 3.0916106078064516 1.432372542187892
      vertex 65.05342302750968 2.2917960675006306 2.152528788967473
    endloop
  endfacet
  facet normal 9.068176134404514e-17 -0.49999999999999767 -0.86602540378444
    outer loop
      vertex 4.4494751769315 4.449475176931498 0.6484090676804897
      vertex 66.45037906586128 3.5496209341387086 1.1679401569883368
      vertex 65.94170706551569 3.0916106078064516 1.432372542187892
    endloop
  endfacet
  facet normal 0 -0.5000000000000022 -0.8660254037844374
    outer loop
      vertex 4.4494751769315 4.449475176931498 0.6484090676804897
      vertex 65.5505248230685 4.449475176931498 0.6484090676804897
      vertex 66.45037906586128 3.5496209341387086 1.1679401569883368
    endloop
  endfacet
  facet normal 0 -0.3090169943749456 -0.9510565162951541
    outer loop
      vertex 5.940662318866806 5.940662318866805 0.16389299449645733
      vertex 64.0593376811332 5.940662318866805 0.16389299449645733
      vertex 65.5505248230685 4.449475176931498 0.6484090676804897
    endloop
  endfacet
  facet normal 0 -0.10452846326765321 -0.9945218953682733
    outer loop
      vertex 7.5 7.5 0
      vertex 62.5 7.5 0
      vertex 64.0593376811332 5.940662318866805 0.16389299449645733
    endloop
  endfacet
  facet normal 4.364866139604862e-19 -0.9135454576425999 0.40673664307580265
    outer loop
      vertex 8.29179606750063 0.5873218044581581 104.31230734691042
      vertex 62.78036862497346 1.00480947161671 105.25
      vertex 7.354103414411039 1.00480947161671 105.25
    endloop
  endfacet
  facet normal 9.558655609932294e-17 -0.8090169943749506 0.5877852522924688
    outer loop
      vertex 6 1.607695154586736 106.07980095415087
      vertex 7.354103414411039 1.00480947161671 105.25
      vertex 64.42056239146297 1.926413808919543 106.51847954769144
    endloop
  endfacet
  facet normal 2.0878823233592125e-19 -0.8090169943749446 0.5877852522924771
    outer loop
      vertex 6 1.607695154586736 106.07980095415087
      vertex 64.42056239146297 1.926413808919543 106.51847954769144
      vertex 5.561321406459424 1.926413808919543 106.51847954769144
    endloop
  endfacet
  facet normal 0 -0.6691306063591733 0.7431448254771106
    outer loop
      vertex 3.962015284298449 3.0916106078064516 107.56762745781211
      vertex 3.970432723693701 3.082262094271268 107.55921001841685
      vertex 65.94170706551569 3.0916106078064516 107.56762745781211
    endloop
  endfacet
  facet normal -8.701514646807365e-17 -0.6691306063588548 0.7431448254773975
    outer loop
      vertex 3.970432723693701 3.082262094271268 107.55921001841685
      vertex 5.561321406459424 1.926413808919543 106.51847954769144
      vertex 65.94170706551569 3.0916106078064516 107.56762745781211
    endloop
  endfacet
  facet normal -4.8829886298996864e-17 -0.49999999999999895 0.8660254037844393
    outer loop
      vertex 3.962015284298449 3.0916106078064516 107.56762745781211
      vertex 65.5505248230685 4.449475176931498 108.35159093231951
      vertex 3.549620934138712 3.549620934138707 107.83205984301166
    endloop
  endfacet
  facet normal 3.9537538227642777e-19 -0.5000000000000014 0.8660254037844377
    outer loop
      vertex 3.549620934138712 3.549620934138707 107.83205984301166
      vertex 65.5505248230685 4.449475176931498 108.35159093231951
      vertex 4.4494751769315 4.449475176931498 108.35159093231951
    endloop
  endfacet
  facet normal 3.163982616096527e-19 -0.3090169943749497 0.9510565162951528
    outer loop
      vertex 4.4494751769315 4.449475176931498 108.35159093231951
      vertex 64.0593376811332 5.940662318866805 108.83610700550355
      vertex 5.940662318866806 5.940662318866805 108.83610700550355
    endloop
  endfacet
  facet normal 2.720147919715384e-20 -0.10452846326764872 0.9945218953682738
    outer loop
      vertex 5.940662318866806 5.940662318866805 108.83610700550355
      vertex 62.5 7.5 109
      vertex 7.5 7.5 109
    endloop
  endfacet
  facet normal 0 -1 0
    outer loop
      vertex 12 0.04108578473794999 101.5
      vertex 58.390905129884594 0.04108578473794999 102.2839634745074
      vertex 12 0.04108578473794999 102.2839634745074
    endloop
  endfacet
  facet normal -9.709906523491423e-18 -0.978147600733806 0.20791169081775757
    outer loop
      vertex 9.327970509453287 0.3670761277863477 103.81762745781211
      vertex 10.745658440788159 0.06573725558072141 102.39993952647723
      vertex 60.494940289813115 0.26222879119433173 103.32435952118269
    endloop
  endfacet
  facet normal 9.509225448992485e-17 -0.913545457642602 0.40673664307579804
    outer loop
      vertex 8.29179606750063 0.5873218044581581 104.31230734691042
      vertex 9.327970509453287 0.3670761277863477 103.81762745781211
      vertex 62.78036862497346 1.00480947161671 105.25
    endloop
  endfacet
  facet normal 0 -0.9781476007338025 0.20791169081777436
    outer loop
      vertex 12 0.04108578473794999 102.2839634745074
      vertex 58.390905129884594 0.04108578473794999 102.2839634745074
      vertex 12 0.06573725558072141 102.39993952647723
    endloop
  endfacet
  facet normal 0 -0.9781476007338061 0.2079116908177571
    outer loop
      vertex 10.745658440788159 0.06573725558072141 102.39993952647723
      vertex 12 0.06573725558072141 102.39993952647723
      vertex 60.494940289813115 0.26222879119433173 103.32435952118269
    endloop
  endfacet
  facet normal 0 -1 0
    outer loop
      vertex 12 0.04108578473794999 101.5
      vertex 58.390905129884594 0.04108578473794999 101.5
      vertex 58.390905129884594 0.04108578473794999 102.2839634745074
    endloop
  endfacet
  facet normal -3.9894884867314294e-17 -0.9781476007338057 0.20791169081775907
    outer loop
      vertex 12 0.06573725558072141 102.39993952647723
      vertex 58.390905129884594 0.04108578473794999 102.2839634745074
      vertex 60.494940289813115 0.26222879119433173 103.32435952118269
    endloop
  endfacet
  facet normal 0 -0.9781476007338058 0.2079116908177585
    outer loop
      vertex 9.327970509453287 0.3670761277863477 103.81762745781211
      vertex 60.494940289813115 0.26222879119433173 103.32435952118269
      vertex 60.81762721155903 0.3670761277863477 103.81762745781211
    endloop
  endfacet
  facet normal 0 -0.9135454576426006 0.40673664307580104
    outer loop
      vertex 9.327970509453287 0.3670761277863477 103.81762745781211
      vertex 60.81762721155903 0.3670761277863477 103.81762745781211
      vertex 62.78036862497346 1.00480947161671 105.25
    endloop
  endfacet
  facet normal 0 -0.8090169943749573 0.5877852522924595
    outer loop
      vertex 7.354103414411039 1.00480947161671 105.25
      vertex 62.78036862497346 1.00480947161671 105.25
      vertex 62.880839716909605 1.0374545082887892 105.29493203826857
    endloop
  endfacet
  facet normal -1.5654136935839357e-17 -0.8090169943749481 0.5877852522924719
    outer loop
      vertex 7.354103414411039 1.00480947161671 105.25
      vertex 62.880839716909605 1.0374545082887892 105.29493203826857
      vertex 64.42056239146297 1.926413808919543 106.51847954769144
    endloop
  endfacet
  facet normal 0 -0.6691306063588527 0.7431448254773991
    outer loop
      vertex 5.561321406459424 1.926413808919543 106.51847954769144
      vertex 64.42056239146297 1.926413808919543 106.51847954769144
      vertex 65.05342302750968 2.2917960675006306 106.84747121103253
    endloop
  endfacet
  facet normal 7.38350569897805e-17 -0.6691306063588593 0.7431448254773932
    outer loop
      vertex 5.561321406459424 1.926413808919543 106.51847954769144
      vertex 65.05342302750968 2.2917960675006306 106.84747121103253
      vertex 65.94170706551569 3.0916106078064516 107.56762745781211
    endloop
  endfacet
  facet normal 0 -0.5000000000000007 0.8660254037844384
    outer loop
      vertex 3.962015284298449 3.0916106078064516 107.56762745781211
      vertex 65.94170706551569 3.0916106078064516 107.56762745781211
      vertex 65.5505248230685 4.449475176931498 108.35159093231951
    endloop
  endfacet
  facet normal 0 -0.3090169943749497 0.9510565162951529
    outer loop
      vertex 4.4494751769315 4.449475176931498 108.35159093231951
      vertex 65.5505248230685 4.449475176931498 108.35159093231951
      vertex 64.0593376811332 5.940662318866805 108.83610700550355
    endloop
  endfacet
  facet normal 0 -0.10452846326764874 0.994521895368274
    outer loop
      vertex 5.940662318866806 5.940662318866805 108.83610700550355
      vertex 64.0593376811332 5.940662318866805 108.83610700550355
      vertex 62.5 7.5 109
    endloop
  endfacet
  facet normal 2.974001599810508e-15 -0.4999999999999999 0.8660254037844387
    outer loop
      vertex 65.94170706551569 3.0916106078064516 107.56762745781211
      vertex 66.45037906586128 3.5496209341387086 107.83205984301166
      vertex 65.5505248230685 4.449475176931498 108.35159093231951
    endloop
  endfacet
  facet normal 0 0.10452846326765333 -0.9945218953682733
    outer loop
      vertex 7.5 22 0
      vertex 5.940662318866806 23.559337681133194 0.16389299449645733
      vertex 62.5 22 0
    endloop
  endfacet
  facet normal 0 0.3090169943749456 -0.9510565162951541
    outer loop
      vertex 5.940662318866806 23.559337681133194 0.16389299449645733
      vertex 4.4494751769315 25.0505248230685 0.6484090676804897
      vertex 64.0593376811332 23.559337681133194 0.16389299449645733
    endloop
  endfacet
  facet normal 0 0.5000000000000014 -0.8660254037844378
    outer loop
      vertex 4.4494751769315 25.0505248230685 0.6484090676804897
      vertex 3.549620934138712 25.95037906586129 1.1679401569883368
      vertex 65.5505248230685 25.0505248230685 0.6484090676804897
    endloop
  endfacet
  facet normal -7.626858591365084e-17 0.49999999999999756 -0.86602540378444
    outer loop
      vertex 3.549620934138712 25.95037906586129 1.1679401569883368
      vertex 4.058292934484321 26.40838939219355 1.432372542187892
      vertex 65.5505248230685 25.0505248230685 0.6484090676804897
    endloop
  endfacet
  facet normal 0 0.6691306063588593 -0.7431448254773932
    outer loop
      vertex 4.058292934484321 26.40838939219355 1.432372542187892
      vertex 4.946576972490323 27.20820393249937 2.152528788967473
      vertex 66.03798471570155 26.40838939219355 1.432372542187892
    endloop
  endfacet
  facet normal -9.153232226151552e-18 0.6691306063588589 -0.7431448254773937
    outer loop
      vertex 4.946576972490323 27.20820393249937 2.152528788967473
      vertex 5.579437608537038 27.57358619108046 2.4815204523085654
      vertex 66.03798471570155 26.40838939219355 1.432372542187892
    endloop
  endfacet
  facet normal 5.4759154652953993e-17 0.8090169943749471 -0.5877852522924736
    outer loop
      vertex 5.579437608537038 27.57358619108046 2.4815204523085654
      vertex 7.119160283090398 28.46254549171121 3.70506796173143
      vertex 64 27.892304845413264 2.920199045849145
    endloop
  endfacet
  facet normal 2.8239948706444486e-20 0.8090169943749574 -0.5877852522924594
    outer loop
      vertex 7.119160283090398 28.46254549171121 3.70506796173143
      vertex 7.2196313750265375 28.49519052838329 3.75
      vertex 62.64589658558896 28.49519052838329 3.75
    endloop
  endfacet
  facet normal -1.1504299216456635e-17 0.9135454576426006 -0.40673664307580093
    outer loop
      vertex 7.2196313750265375 28.49519052838329 3.75
      vertex 9.182372788440968 29.132923872213652 5.182372542187892
      vertex 61.70820393249937 28.912678195541844 4.6876926530895915
    endloop
  endfacet
  facet normal 0 0.9781476007338059 -0.20791169081775854
    outer loop
      vertex 9.182372788440968 29.132923872213652 5.182372542187892
      vertex 9.505059710186888 29.23777120880567 5.675640478817314
      vertex 60.67202949054671 29.132923872213652 5.182372542187892
    endloop
  endfacet
  facet normal 1.1118434658932366e-17 0.978147600733806 -0.2079116908177574
    outer loop
      vertex 9.505059710186888 29.23777120880567 5.675640478817314
      vertex 11.609094870115406 29.45891421526205 6.716036525492598
      vertex 60.67202949054671 29.132923872213652 5.182372542187892
    endloop
  endfacet
  facet normal 0 1 0
    outer loop
      vertex 11.609094870115406 29.45891421526205 6.716036525492598
      vertex 11.609094870115406 29.45891421526205 7.5
      vertex 58 29.45891421526205 6.716036525492598
    endloop
  endfacet
  facet normal 0 0.978147600733808 -0.2079116908177478
    outer loop
      vertex 11.609094870115406 29.45891421526205 6.716036525492598
      vertex 58 29.45891421526205 6.716036525492598
      vertex 58 29.43426274441928 6.600060473522767
    endloop
  endfacet
  facet normal -2.820747816885833e-17 0.9781476007338057 -0.20791169081775857
    outer loop
      vertex 11.609094870115406 29.45891421526205 6.716036525492598
      vertex 58 29.43426274441928 6.600060473522767
      vertex 60.67202949054671 29.132923872213652 5.182372542187892
    endloop
  endfacet
  facet normal 0 1 0
    outer loop
      vertex 11.609094870115406 29.45891421526205 7.5
      vertex 58 29.45891421526205 7.5
      vertex 58 29.45891421526205 6.716036525492598
    endloop
  endfacet
  facet normal 0 0.1045284632676533 -0.9945218953682733
    outer loop
      vertex 5.940662318866806 23.559337681133194 0.16389299449645733
      vertex 64.0593376811332 23.559337681133194 0.16389299449645733
      vertex 62.5 22 0
    endloop
  endfacet
  facet normal 0 0.3090169943749456 -0.9510565162951542
    outer loop
      vertex 4.4494751769315 25.0505248230685 0.6484090676804897
      vertex 65.5505248230685 25.0505248230685 0.6484090676804897
      vertex 64.0593376811332 23.559337681133194 0.16389299449645733
    endloop
  endfacet
  facet normal 0 0.5000000000000001 -0.8660254037844386
    outer loop
      vertex 4.058292934484321 26.40838939219355 1.432372542187892
      vertex 66.03798471570155 26.40838939219355 1.432372542187892
      vertex 65.5505248230685 25.0505248230685 0.6484090676804897
    endloop
  endfacet
  facet normal -6.881456221839422e-17 0.6691306063588626 -0.7431448254773904
    outer loop
      vertex 5.579437608537038 27.57358619108046 2.4815204523085654
      vertex 66.0295672763063 26.417737905728732 1.4407899815831442
      vertex 66.03798471570155 26.40838939219355 1.432372542187892
    endloop
  endfacet
  facet normal 0 0.6691306063588591 -0.7431448254773934
    outer loop
      vertex 5.579437608537038 27.57358619108046 2.4815204523085654
      vertex 64.43867859354057 27.57358619108046 2.4815204523085654
      vertex 66.0295672763063 26.417737905728732 1.4407899815831442
    endloop
  endfacet
  facet normal 0 0.8090169943749506 -0.5877852522924688
    outer loop
      vertex 5.579437608537038 27.57358619108046 2.4815204523085654
      vertex 64 27.892304845413264 2.920199045849145
      vertex 64.43867859354057 27.57358619108046 2.4815204523085654
    endloop
  endfacet
  facet normal 1.957902656256486e-17 0.8090169943749459 -0.5877852522924754
    outer loop
      vertex 7.119160283090398 28.46254549171121 3.70506796173143
      vertex 62.64589658558896 28.49519052838329 3.75
      vertex 64 27.892304845413264 2.920199045849145
    endloop
  endfacet
  facet normal 0 0.9135454576426003 -0.4067366430758015
    outer loop
      vertex 7.2196313750265375 28.49519052838329 3.75
      vertex 61.70820393249937 28.912678195541844 4.6876926530895915
      vertex 62.64589658558896 28.49519052838329 3.75
    endloop
  endfacet
  facet normal 0 0.9135454576426011 -0.4067366430758
    outer loop
      vertex 9.182372788440968 29.132923872213652 5.182372542187892
      vertex 60.67202949054671 29.132923872213652 5.182372542187892
      vertex 61.70820393249937 28.912678195541844 4.6876926530895915
    endloop
  endfacet
  facet normal -1.1777505138471663e-15 0.9781476007338054 -0.2079116908177607
    outer loop
      vertex 58 29.43426274441928 6.600060473522767
      vertex 59.25434155921184 29.43426274441928 6.60006047352276
      vertex 60.67202949054671 29.132923872213652 5.182372542187892
    endloop
  endfacet
  facet normal 2.8375207203548394e-15 0.49999999999999933 -0.866025403784439
    outer loop
      vertex 65.5505248230685 25.0505248230685 0.6484090676804897
      vertex 66.03798471570155 26.40838939219355 1.432372542187892
      vertex 66.45037906586128 25.95037906586129 1.1679401569883368
    endloop
  endfacet
  facet normal -2.5549151323863837e-15 0.49999999999999956 0.8660254037844389
    outer loop
      vertex 4.4494751769315 25.0505248230685 108.35159093231951
      vertex 4.058292934484321 26.40838939219355 107.56762745781211
      vertex 3.549620934138712 25.95037906586129 107.83205984301166
    endloop
  endfacet
  facet normal 1.2324648638814335e-19 0.10452846326764885 0.994521895368274
    outer loop
      vertex 7.5 22 109
      vertex 64.0593376811332 23.559337681133194 108.83610700550355
      vertex 5.940662318866806 23.559337681133194 108.83610700550355
    endloop
  endfacet
  facet normal -3.009546964933266e-19 0.3090169943749497 0.9510565162951529
    outer loop
      vertex 5.940662318866806 23.559337681133194 108.83610700550355
      vertex 65.5505248230685 25.0505248230685 108.35159093231951
      vertex 4.4494751769315 25.0505248230685 108.35159093231951
    endloop
  endfacet
  facet normal -2.6912951105045583e-19 0.5000000000000001 0.8660254037844386
    outer loop
      vertex 4.4494751769315 25.0505248230685 108.35159093231951
      vertex 66.03798471570155 26.40838939219355 107.56762745781211
      vertex 4.058292934484321 26.40838939219355 107.56762745781211
    endloop
  endfacet
  facet normal -9.316330506556402e-17 0.6691306063588592 0.7431448254773932
    outer loop
      vertex 4.058292934484321 26.40838939219355 107.56762745781211
      vertex 64.43867859354057 27.57358619108046 106.51847954769144
      vertex 4.946576972490323 27.20820393249937 106.84747121103253
    endloop
  endfacet
  facet normal -1.7461512490708609e-19 0.6691306063588508 0.7431448254774009
    outer loop
      vertex 4.946576972490323 27.20820393249937 106.84747121103253
      vertex 64.43867859354057 27.57358619108046 106.51847954769144
      vertex 5.579437608537038 27.57358619108046 106.51847954769144
    endloop
  endfacet
  facet normal -2.8239948706444486e-20 0.8090169943749574 0.5877852522924594
    outer loop
      vertex 7.119160283090398 28.46254549171121 105.29493203826857
      vertex 62.64589658558896 28.49519052838329 105.25
      vertex 7.2196313750265375 28.49519052838329 105.25
    endloop
  endfacet
  facet normal 1.3637379123032706e-17 0.8090169943749488 0.5877852522924712
    outer loop
      vertex 5.579437608537038 27.57358619108046 106.51847954769144
      vertex 62.64589658558896 28.49519052838329 105.25
      vertex 7.119160283090398 28.46254549171121 105.29493203826857
    endloop
  endfacet
  facet normal 3.6088740870561347e-19 0.9135454576426006 0.40673664307580093
    outer loop
      vertex 7.2196313750265375 28.49519052838329 105.25
      vertex 60.67202949054671 29.132923872213652 103.81762745781211
      vertex 9.182372788440968 29.132923872213652 103.81762745781211
    endloop
  endfacet
  facet normal 0 1 0
    outer loop
      vertex 11.609094870115406 29.45891421526205 101.5
      vertex 11.609094870115406 29.45891421526205 102.2839634745074
      vertex 58 29.45891421526205 101.5
    endloop
  endfacet
  facet normal 0 0.9781476007338059 0.20791169081775854
    outer loop
      vertex 9.182372788440968 29.132923872213652 103.81762745781211
      vertex 60.67202949054671 29.132923872213652 103.81762745781211
      vertex 9.505059710186888 29.23777120880567 103.32435952118269
    endloop
  endfacet
  facet normal 7.095158580087547e-18 0.978147600733806 0.2079116908177574
    outer loop
      vertex 9.505059710186888 29.23777120880567 103.32435952118269
      vertex 58 29.43426274441928 102.39993952647723
      vertex 11.609094870115406 29.45891421526205 102.2839634745074
    endloop
  endfacet
  facet normal 0 1 0
    outer loop
      vertex 11.609094870115406 29.45891421526205 102.2839634745074
      vertex 58 29.45891421526205 102.2839634745074
      vertex 58 29.45891421526205 101.5
    endloop
  endfacet
  facet normal -6.0397907643197555e-18 0.978147600733806 0.2079116908177571
    outer loop
      vertex 9.505059710186888 29.23777120880567 103.32435952118269
      vertex 59.25434155921184 29.43426274441928 102.39993952647723
      vertex 58 29.43426274441928 102.39993952647723
    endloop
  endfacet
  facet normal 0 0.9781476007338055 0.20791169081776
    outer loop
      vertex 11.609094870115406 29.45891421526205 102.2839634745074
      vertex 58 29.43426274441928 102.39993952647723
      vertex 58 29.45891421526205 102.2839634745074
    endloop
  endfacet
  facet normal -1.7673469561488257e-16 0.913545457642603 0.4067366430757954
    outer loop
      vertex 7.2196313750265375 28.49519052838329 105.25
      vertex 61.70820393249937 28.912678195541844 104.31230734691042
      vertex 60.67202949054671 29.132923872213652 103.81762745781211
    endloop
  endfacet
  facet normal 9.687979836350448e-18 0.978147600733806 0.20791169081775757
    outer loop
      vertex 9.505059710186888 29.23777120880567 103.32435952118269
      vertex 60.67202949054671 29.132923872213652 103.81762745781211
      vertex 59.25434155921184 29.43426274441928 102.39993952647723
    endloop
  endfacet
  facet normal 0 0.10452846326764885 0.9945218953682737
    outer loop
      vertex 7.5 22 109
      vertex 62.5 22 109
      vertex 64.0593376811332 23.559337681133194 108.83610700550355
    endloop
  endfacet
  facet normal 0 0.3090169943749497 0.9510565162951528
    outer loop
      vertex 5.940662318866806 23.559337681133194 108.83610700550355
      vertex 64.0593376811332 23.559337681133194 108.83610700550355
      vertex 65.5505248230685 25.0505248230685 108.35159093231951
    endloop
  endfacet
  facet normal 0 0.5000000000000014 0.8660254037844378
    outer loop
      vertex 4.4494751769315 25.0505248230685 108.35159093231951
      vertex 65.5505248230685 25.0505248230685 108.35159093231951
      vertex 66.45037906586128 25.95037906586129 107.83205984301166
    endloop
  endfacet
  facet normal 7.57699698160405e-17 0.49999999999999756 0.8660254037844402
    outer loop
      vertex 4.4494751769315 25.0505248230685 108.35159093231951
      vertex 66.45037906586128 25.95037906586129 107.83205984301166
      vertex 66.03798471570155 26.40838939219355 107.56762745781211
    endloop
  endfacet
  facet normal 0 0.6691306063591733 0.7431448254771105
    outer loop
      vertex 4.058292934484321 26.40838939219355 107.56762745781211
      vertex 66.03798471570155 26.40838939219355 107.56762745781211
      vertex 66.0295672763063 26.417737905728732 107.55921001841685
    endloop
  endfacet
  facet normal 8.716683656633507e-17 0.6691306063588541 0.7431448254773979
    outer loop
      vertex 4.058292934484321 26.40838939219355 107.56762745781211
      vertex 66.0295672763063 26.417737905728732 107.55921001841685
      vertex 64.43867859354057 27.57358619108046 106.51847954769144
    endloop
  endfacet
  facet normal -7.135691847058325e-17 0.8090169943749506 0.5877852522924688
    outer loop
      vertex 5.579437608537038 27.57358619108046 106.51847954769144
      vertex 64 27.892304845413264 106.07980095415087
      vertex 62.64589658558896 28.49519052838329 105.25
    endloop
  endfacet
  facet normal 0 0.809016994374946 0.587785252292475
    outer loop
      vertex 5.579437608537038 27.57358619108046 106.51847954769144
      vertex 64.43867859354057 27.57358619108046 106.51847954769144
      vertex 64 27.892304845413264 106.07980095415087
    endloop
  endfacet
  facet normal 0 0.9135454576425993 0.40673664307580415
    outer loop
      vertex 7.2196313750265375 28.49519052838329 105.25
      vertex 62.64589658558896 28.49519052838329 105.25
      vertex 61.70820393249937 28.912678195541844 104.31230734691042
    endloop
  endfacet
  facet normal 0 0 -1
    outer loop
      vertex 0.04108578473795177 11.60909487011539 7.5
      vertex 0 12 7.5
      vertex 0.04108578473795177 17.5 7.5
    endloop
  endfacet
  facet normal 0 0 -1
    outer loop
      vertex 0 12 7.5
      vertex 0 17.5 7.5
      vertex 0.04108578473795177 17.5 7.5
    endloop
  endfacet
  facet normal 0 0 1
    outer loop
      vertex 0.04108578473795177 11.60909487011539 101.5
      vertex 0.04108578473795177 17.5 101.5
      vertex 0 12 101.5
    endloop
  endfacet
  facet normal 0 0 1
    outer loop
      vertex 0 12 101.5
      vertex 0.04108578473795177 17.5 101.5
      vertex 0 17.5 101.5
    endloop
  endfacet
  facet normal 0 0 -1
    outer loop
      vertex 69.95891421526204 12 7.5
      vertex 70 17.5 7.5
      vertex 70 12 7.5
    endloop
  endfacet
  facet normal 0 0 -1
    outer loop
      vertex 69.95891421526204 12 7.5
      vertex 69.95891421526204 17.890905129884608 7.5
      vertex 70 17.5 7.5
    endloop
  endfacet
  facet normal 0 0 1
    outer loop
      vertex 69.95891421526204 12 101.5
      vertex 70 12 101.5
      vertex 70 17.5 101.5
    endloop
  endfacet
  facet normal 0 0 1
    outer loop
      vertex 69.95891421526204 12 101.5
      vertex 70 17.5 101.5
      vertex 69.95891421526204 17.890905129884608 101.5
    endloop
  endfacet
  facet normal -0.49999999999999956 -2.530829028466361e-15 -0.8660254037844388
    outer loop
      vertex 3.5496209341387086 3.5496209341387104 1.1679401569883368
      vertex 3.0916106078064516 4.058292934484317 1.432372542187892
      vertex 4.4494751769315 4.449475176931498 0.6484090676804897
    endloop
  endfacet
  facet normal -0.8090169943749471 6.51576277846803e-17 -0.5877852522924735
    outer loop
      vertex 1.9264138089195413 5.5794376085370345 2.4815204523085654
      vertex 1.0374545082887892 7.119160283090397 3.70506796173143
      vertex 1.00480947161671 22.145896585588964 3.75
    endloop
  endfacet
  facet normal -0.6691306063588625 -3.35118947127494e-19 -0.7431448254773905
    outer loop
      vertex 2.291796067500627 4.946576972490323 2.152528788967473
      vertex 1.9264138089195413 5.5794376085370345 2.4815204523085654
      vertex 1.9264138089195413 23.938678593540573 2.4815204523085654
    endloop
  endfacet
  facet normal -0.8090169943749573 -1.048644697421327e-19 -0.5877852522924594
    outer loop
      vertex 1.0374545082887892 7.119160283090397 3.70506796173143
      vertex 1.00480947161671 7.2196313750265375 3.75
      vertex 1.00480947161671 22.145896585588964 3.75
    endloop
  endfacet
  facet normal -0.9135454576426005 1.6908598044563159e-18 -0.40673664307580104
    outer loop
      vertex 1.00480947161671 7.2196313750265375 3.75
      vertex 0.3670761277863477 9.182372788440968 5.182372542187892
      vertex 0.3670761277863477 20.172029490546716 5.182372542187892
    endloop
  endfacet
  facet normal -0.9781476007338058 1.6358873475988158e-16 -0.20791169081775862
    outer loop
      vertex 0.3670761277863477 9.182372788440968 5.182372542187892
      vertex 0.26222879119433173 9.505059710186888 5.675640478817314
      vertex 0.06573725558072141 18.75434155921184 6.600060473522774
    endloop
  endfacet
  facet normal -0.6691306063588576 0 -0.7431448254773948
    outer loop
      vertex 3.0916106078064516 4.058292934484317 1.432372542187892
      vertex 2.291796067500627 4.946576972490323 2.152528788967473
      vertex 3.0916106078064516 25.53798471570155 1.432372542187892
    endloop
  endfacet
  facet normal -0.5000000000000001 0 -0.8660254037844386
    outer loop
      vertex 3.0916106078064516 4.058292934484317 1.432372542187892
      vertex 3.0916106078064516 25.53798471570155 1.432372542187892
      vertex 4.4494751769315 4.449475176931498 0.6484090676804897
    endloop
  endfacet
  facet normal -0.9781476007338059 5.4006651869168895e-17 -0.20791169081775748
    outer loop
      vertex 0.26222879119433173 9.505059710186888 5.675640478817314
      vertex 0.04108578473795177 11.60909487011539 6.716036525492598
      vertex 0.06573725558072141 17.5 6.600060473522774
    endloop
  endfacet
  facet normal -1 0 0
    outer loop
      vertex 0.04108578473795177 11.60909487011539 6.716036525492598
      vertex 0.04108578473795177 11.60909487011539 7.5
      vertex 0.04108578473795177 17.5 7.5
    endloop
  endfacet
  facet normal -0.30901699437494556 0 -0.9510565162951541
    outer loop
      vertex 4.4494751769315 4.449475176931498 0.6484090676804897
      vertex 4.4494751769315 25.0505248230685 0.6484090676804897
      vertex 5.940662318866806 5.940662318866805 0.16389299449645733
    endloop
  endfacet
  facet normal -0.10452846326765333 0 -0.9945218953682734
    outer loop
      vertex 5.940662318866806 5.940662318866805 0.16389299449645733
      vertex 5.940662318866806 23.559337681133194 0.16389299449645733
      vertex 7.5 7.5 0
    endloop
  endfacet
  facet normal -0.9781476007338061 -6.039790764319729e-18 -0.20791169081775696
    outer loop
      vertex 0.26222879119433173 9.505059710186888 5.675640478817314
      vertex 0.06573725558072141 17.5 6.600060473522774
      vertex 0.06573725558072141 18.75434155921184 6.600060473522774
    endloop
  endfacet
  facet normal -0.9781476007338055 0 -0.20791169081775998
    outer loop
      vertex 0.04108578473795177 11.60909487011539 6.716036525492598
      vertex 0.04108578473795177 17.5 6.716036525492598
      vertex 0.06573725558072141 17.5 6.600060473522774
    endloop
  endfacet
  facet normal -0.978147600733806 0 -0.20791169081775757
    outer loop
      vertex 0.3670761277863477 9.182372788440968 5.182372542187892
      vertex 0.06573725558072141 18.75434155921184 6.600060473522774
      vertex 0.3670761277863477 20.172029490546716 5.182372542187892
    endloop
  endfacet
  facet normal -0.9135454576426008 -1.113275279180626e-16 -0.40673664307580015
    outer loop
      vertex 1.00480947161671 7.2196313750265375 3.75
      vertex 0.3670761277863477 20.172029490546716 5.182372542187892
      vertex 0.5873218044581563 21.20820393249937 4.6876926530895915
    endloop
  endfacet
  facet normal -1 0 0
    outer loop
      vertex 0.04108578473795177 11.60909487011539 6.716036525492598
      vertex 0.04108578473795177 17.5 7.5
      vertex 0.04108578473795177 17.5 6.716036525492598
    endloop
  endfacet
  facet normal -0.8090169943749482 -1.0795435285597103e-16 -0.5877852522924721
    outer loop
      vertex 1.9264138089195413 5.5794376085370345 2.4815204523085654
      vertex 1.00480947161671 22.145896585588964 3.75
      vertex 1.607695154586736 23.5 2.920199045849138
    endloop
  endfacet
  facet normal -0.9135454576426003 0 -0.4067366430758015
    outer loop
      vertex 1.00480947161671 7.2196313750265375 3.75
      vertex 0.5873218044581563 21.20820393249937 4.6876926530895915
      vertex 1.00480947161671 22.145896585588964 3.75
    endloop
  endfacet
  facet normal -0.8090169943749462 0 -0.587785252292475
    outer loop
      vertex 1.9264138089195413 5.5794376085370345 2.4815204523085654
      vertex 1.607695154586736 23.5 2.920199045849138
      vertex 1.9264138089195413 23.938678593540573 2.4815204523085654
    endloop
  endfacet
  facet normal -0.6691306063588592 1.1398476972767985e-16 -0.7431448254773934
    outer loop
      vertex 2.291796067500627 4.946576972490323 2.152528788967473
      vertex 1.9264138089195413 23.938678593540573 2.4815204523085654
      vertex 3.082262094271268 25.5295672763063 1.4407899815831442
    endloop
  endfacet
  facet normal -0.3090169943749457 0 -0.9510565162951542
    outer loop
      vertex 5.940662318866806 5.940662318866805 0.16389299449645733
      vertex 4.4494751769315 25.0505248230685 0.6484090676804897
      vertex 5.940662318866806 23.559337681133194 0.16389299449645733
    endloop
  endfacet
  facet normal -0.10452846326765333 0 -0.9945218953682734
    outer loop
      vertex 7.5 7.5 0
      vertex 5.940662318866806 23.559337681133194 0.16389299449645733
      vertex 7.5 22 0
    endloop
  endfacet
  facet normal -0.6691306063588635 4.848330965907454e-16 -0.7431448254773896
    outer loop
      vertex 2.291796067500627 4.946576972490323 2.152528788967473
      vertex 3.082262094271268 25.5295672763063 1.4407899815831442
      vertex 3.0916106078064516 25.53798471570155 1.432372542187892
    endloop
  endfacet
  facet normal -0.4999999999999949 4.493526527177802e-16 -0.8660254037844416
    outer loop
      vertex 4.4494751769315 4.449475176931498 0.6484090676804897
      vertex 3.0916106078064516 25.53798471570155 1.432372542187892
      vertex 3.549620934138712 25.95037906586129 1.1679401569883368
    endloop
  endfacet
  facet normal -0.5000000000000029 0 -0.8660254037844369
    outer loop
      vertex 4.4494751769315 4.449475176931498 0.6484090676804897
      vertex 3.549620934138712 25.95037906586129 1.1679401569883368
      vertex 4.4494751769315 25.0505248230685 0.6484090676804897
    endloop
  endfacet
  facet normal -0.49999999999999484 -4.456316923089644e-16 0.8660254037844416
    outer loop
      vertex 3.549620934138712 3.549620934138707 107.83205984301166
      vertex 4.4494751769315 25.0505248230685 108.35159093231951
      vertex 3.0916106078064516 4.058292934484317 107.56762745781211
    endloop
  endfacet
  facet normal -0.8090169943749573 1.048644697421327e-19 0.5877852522924594
    outer loop
      vertex 1.0374545082887892 7.119160283090397 105.29493203826857
      vertex 1.00480947161671 22.145896585588964 105.25
      vertex 1.00480947161671 7.2196313750265375 105.25
    endloop
  endfacet
  facet normal -0.9135454576426004 0 0.406736643075801
    outer loop
      vertex 1.00480947161671 7.2196313750265375 105.25
      vertex 1.00480947161671 22.145896585588964 105.25
      vertex 0.3670761277863477 9.182372788440968 103.81762745781211
    endloop
  endfacet
  facet normal -0.8090169943749488 0 0.5877852522924712
    outer loop
      vertex 1.9264138089195413 5.5794376085370345 106.51847954769144
      vertex 1.9264138089195413 23.938678593540573 106.51847954769144
      vertex 1.0374545082887892 7.119160283090397 105.29493203826857
    endloop
  endfacet
  facet normal -0.6691306063588576 2.489651469059148e-16 0.743144825477395
    outer loop
      vertex 3.0916106078064516 4.058292934484317 107.56762745781211
      vertex 3.082262094271268 25.5295672763063 107.55921001841685
      vertex 2.291796067500627 4.946576972490323 106.84747121103253
    endloop
  endfacet
  facet normal -0.5000000000000029 5.243582188963391e-19 0.8660254037844369
    outer loop
      vertex 3.549620934138712 3.549620934138707 107.83205984301166
      vertex 4.4494751769315 4.449475176931498 108.35159093231951
      vertex 4.4494751769315 25.0505248230685 108.35159093231951
    endloop
  endfacet
  facet normal -0.6691306063588545 3.793613229666558e-17 0.7431448254773977
    outer loop
      vertex 2.291796067500627 4.946576972490323 106.84747121103253
      vertex 3.082262094271268 25.5295672763063 107.55921001841685
      vertex 1.9264138089195413 5.5794376085370345 106.51847954769144
    endloop
  endfacet
  facet normal -1 0 0
    outer loop
      vertex 0.04108578473795177 11.60909487011539 101.5
      vertex 0.04108578473795177 11.60909487011539 102.2839634745074
      vertex 0.04108578473795177 17.5 102.2839634745074
    endloop
  endfacet
  facet normal -0.9781476007338061 5.32629914431432e-17 0.20791169081775748
    outer loop
      vertex 0.26222879119433173 9.505059710186888 103.32435952118269
      vertex 0.06573725558072141 17.5 102.39993952647723
      vertex 0.04108578473795177 11.60909487011539 102.2839634745074
    endloop
  endfacet
  facet normal -0.9781476007338058 0 0.2079116908177585
    outer loop
      vertex 0.3670761277863477 9.182372788440968 103.81762745781211
      vertex 0.3670761277863477 20.172029490546716 103.81762745781211
      vertex 0.26222879119433173 9.505059710186888 103.32435952118269
    endloop
  endfacet
  facet normal -0.3090169943749497 1.0437020646319127e-18 0.9510565162951529
    outer loop
      vertex 4.4494751769315 4.449475176931498 108.35159093231951
      vertex 5.940662318866806 5.940662318866805 108.83610700550355
      vertex 5.940662318866806 23.559337681133194 108.83610700550355
    endloop
  endfacet
  facet normal -0.10452846326764886 -4.939946573746544e-19 0.9945218953682738
    outer loop
      vertex 5.940662318866806 5.940662318866805 108.83610700550355
      vertex 7.5 7.5 109
      vertex 7.5 22 109
    endloop
  endfacet
  facet normal -1 0 0
    outer loop
      vertex 0.04108578473795177 11.60909487011539 101.5
      vertex 0.04108578473795177 17.5 102.2839634745074
      vertex 0.04108578473795177 17.5 101.5
    endloop
  endfacet
  facet normal -0.9781476007338061 6.039790764319734e-18 0.20791169081775718
    outer loop
      vertex 0.26222879119433173 9.505059710186888 103.32435952118269
      vertex 0.06573725558072141 18.75434155921184 102.39993952647723
      vertex 0.06573725558072141 17.5 102.39993952647723
    endloop
  endfacet
  facet normal -0.9781476007338055 0 0.20791169081775998
    outer loop
      vertex 0.04108578473795177 11.60909487011539 102.2839634745074
      vertex 0.06573725558072141 17.5 102.39993952647723
      vertex 0.04108578473795177 17.5 102.2839634745074
    endloop
  endfacet
  facet normal -0.9781476007338059 4.758272436349423e-17 0.2079116908177575
    outer loop
      vertex 0.26222879119433173 9.505059710186888 103.32435952118269
      vertex 0.3670761277863477 20.172029490546716 103.81762745781211
      vertex 0.06573725558072141 18.75434155921184 102.39993952647723
    endloop
  endfacet
  facet normal -0.9135454576426031 0 0.40673664307579505
    outer loop
      vertex 0.3670761277863477 9.182372788440968 103.81762745781211
      vertex 0.5873218044581563 21.20820393249937 104.31230734691042
      vertex 0.3670761277863477 20.172029490546716 103.81762745781211
    endloop
  endfacet
  facet normal -0.913545457642599 -4.589161836839984e-16 0.4067366430758045
    outer loop
      vertex 0.3670761277863477 9.182372788440968 103.81762745781211
      vertex 1.00480947161671 22.145896585588964 105.25
      vertex 0.5873218044581563 21.20820393249937 104.31230734691042
    endloop
  endfacet
  facet normal -0.8090169943749507 4.2138960524711116e-17 0.5877852522924686
    outer loop
      vertex 1.0374545082887892 7.119160283090397 105.29493203826857
      vertex 1.607695154586736 23.5 106.07980095415087
      vertex 1.00480947161671 22.145896585588964 105.25
    endloop
  endfacet
  facet normal -0.8090169943749458 -4.4062105639790714e-16 0.5877852522924754
    outer loop
      vertex 1.0374545082887892 7.119160283090397 105.29493203826857
      vertex 1.9264138089195413 23.938678593540573 106.51847954769144
      vertex 1.607695154586736 23.5 106.07980095415087
    endloop
  endfacet
  facet normal -0.669130606358854 0 0.7431448254773979
    outer loop
      vertex 1.9264138089195413 5.5794376085370345 106.51847954769144
      vertex 3.082262094271268 25.5295672763063 107.55921001841685
      vertex 1.9264138089195413 23.938678593540573 106.51847954769144
    endloop
  endfacet
  facet normal -0.6691306063591733 0 0.7431448254771106
    outer loop
      vertex 3.0916106078064516 4.058292934484317 107.56762745781211
      vertex 3.0916106078064516 25.53798471570155 107.56762745781211
      vertex 3.082262094271268 25.5295672763063 107.55921001841685
    endloop
  endfacet
  facet normal -0.5000000000000001 0 0.8660254037844386
    outer loop
      vertex 3.0916106078064516 4.058292934484317 107.56762745781211
      vertex 4.4494751769315 25.0505248230685 108.35159093231951
      vertex 3.0916106078064516 25.53798471570155 107.56762745781211
    endloop
  endfacet
  facet normal -0.10452846326764885 0 0.994521895368274
    outer loop
      vertex 5.940662318866806 5.940662318866805 108.83610700550355
      vertex 7.5 22 109
      vertex 5.940662318866806 23.559337681133194 108.83610700550355
    endloop
  endfacet
  facet normal -0.3090169943749497 0 0.9510565162951529
    outer loop
      vertex 4.4494751769315 4.449475176931498 108.35159093231951
      vertex 5.940662318866806 23.559337681133194 108.83610700550355
      vertex 4.4494751769315 25.0505248230685 108.35159093231951
    endloop
  endfacet
  facet normal -0.49999999999999845 5.891526747883647e-15 0.8660254037844395
    outer loop
      vertex 3.0916106078064516 25.53798471570155 107.56762745781211
      vertex 4.4494751769315 25.0505248230685 108.35159093231951
      vertex 3.549620934138712 25.95037906586129 107.83205984301166
    endloop
  endfacet
  facet normal 0.49999999999998584 -9.766864298959813e-20 -0.8660254037844468
    outer loop
      vertex 66.45037906586128 3.5496209341387086 1.1679401569883368
      vertex 66.90838939219356 25.441707065515683 1.432372542187892
      vertex 66.90838939219356 3.962015284298449 1.432372542187892
    endloop
  endfacet
  facet normal 0.6691306063593062 -4.7254911316224404e-14 -0.743144825476991
    outer loop
      vertex 66.91773790572873 3.970432723693701 1.4407899815831442
      vertex 66.90838939219356 3.962015284298449 1.432372542187892
      vertex 68.07358619108047 23.920562391462965 2.4815204523085654
    endloop
  endfacet
  facet normal 0.10452846326765287 9.063659388786448e-19 -0.9945218953682734
    outer loop
      vertex 64.0593376811332 5.940662318866805 0.16389299449645733
      vertex 62.5 7.5 0
      vertex 62.5 22 0
    endloop
  endfacet
  facet normal 0.30901699437494695 -7.447478880685328e-19 -0.9510565162951538
    outer loop
      vertex 65.5505248230685 4.449475176931498 0.6484090676804897
      vertex 64.0593376811332 5.940662318866805 0.16389299449645733
      vertex 64.0593376811332 23.559337681133194 0.16389299449645733
    endloop
  endfacet
  facet normal 0.5000000000000044 -1.2393501814235654e-19 -0.866025403784436
    outer loop
      vertex 66.45037906586128 3.5496209341387086 1.1679401569883368
      vertex 65.5505248230685 4.449475176931498 0.6484090676804897
      vertex 65.5505248230685 25.0505248230685 0.6484090676804897
    endloop
  endfacet
  facet normal 0.6691306063588558 1.244737802149212e-18 -0.7431448254773966
    outer loop
      vertex 66.91773790572873 3.970432723693701 1.4407899815831442
      vertex 68.07358619108047 23.920562391462965 2.4815204523085654
      vertex 68.07358619108047 5.561321406459426 2.4815204523085654
    endloop
  endfacet
  facet normal 0.8090169943749523 0 -0.5877852522924665
    outer loop
      vertex 68.07358619108047 5.561321406459426 2.4815204523085654
      vertex 68.07358619108047 23.920562391462965 2.4815204523085654
      vertex 68.39230484541326 6 2.920199045849138
    endloop
  endfacet
  facet normal 0.8090169943749483 -5.65099324260136e-17 -0.5877852522924719
    outer loop
      vertex 68.39230484541326 6 2.920199045849138
      vertex 68.96254549171121 22.380839716909602 3.70506796173143
      vertex 68.99519052838329 7.354103414411036 3.75
    endloop
  endfacet
  facet normal 0.9135454576426003 0 -0.4067366430758015
    outer loop
      vertex 68.99519052838329 7.354103414411036 3.75
      vertex 68.99519052838329 22.280368624973462 3.75
      vertex 69.41267819554184 8.29179606750063 4.6876926530895915
    endloop
  endfacet
  facet normal 0.913545457642601 7.563701899109962e-19 -0.4067366430758
    outer loop
      vertex 69.41267819554184 8.29179606750063 4.6876926530895915
      vertex 69.63292387221365 20.31762721155903 5.182372542187892
      vertex 69.63292387221365 9.327970509453284 5.182372542187892
    endloop
  endfacet
  facet normal 0.9781476007338071 -2.860573964111345e-16 -0.20791169081775263
    outer loop
      vertex 69.63292387221365 9.327970509453284 5.182372542187892
      vertex 69.73777120880567 19.994940289813112 5.675640478817314
      vertex 69.93426274441927 10.745658440788159 6.600060473522774
    endloop
  endfacet
  facet normal 0.9781476007338055 2.064776204066143e-19 -0.20791169081776
    outer loop
      vertex 69.93426274441927 12 6.600060473522774
      vertex 69.95891421526204 17.890905129884608 6.716036525492598
      vertex 69.95891421526204 12 6.716036525492598
    endloop
  endfacet
  facet normal 0.9781476007338076 0 -0.20791169081774988
    outer loop
      vertex 69.93426274441927 10.745658440788159 6.600060473522774
      vertex 69.73777120880567 19.994940289813112 5.675640478817314
      vertex 69.93426274441927 12 6.600060473522774
    endloop
  endfacet
  facet normal 1 0 0
    outer loop
      vertex 69.95891421526204 12 6.716036525492598
      vertex 69.95891421526204 17.890905129884608 7.5
      vertex 69.95891421526204 12 7.5
    endloop
  endfacet
  facet normal 0.10452846326765285 0 -0.9945218953682733
    outer loop
      vertex 64.0593376811332 5.940662318866805 0.16389299449645733
      vertex 62.5 22 0
      vertex 64.0593376811332 23.559337681133194 0.16389299449645733
    endloop
  endfacet
  facet normal 0.30901699437494695 0 -0.9510565162951538
    outer loop
      vertex 65.5505248230685 4.449475176931498 0.6484090676804897
      vertex 64.0593376811332 23.559337681133194 0.16389299449645733
      vertex 65.5505248230685 25.0505248230685 0.6484090676804897
    endloop
  endfacet
  facet normal 0.9781476007338058 0 -0.2079116908177585
    outer loop
      vertex 69.63292387221365 9.327970509453284 5.182372542187892
      vertex 69.63292387221365 20.31762721155903 5.182372542187892
      vertex 69.73777120880567 19.994940289813112 5.675640478817314
    endloop
  endfacet
  facet normal 1 0 0
    outer loop
      vertex 69.95891421526204 12 6.716036525492598
      vertex 69.95891421526204 17.890905129884608 6.716036525492598
      vertex 69.95891421526204 17.890905129884608 7.5
    endloop
  endfacet
  facet normal 0.4999999999999982 -3.4537964687494253e-16 -0.8660254037844396
    outer loop
      vertex 66.45037906586128 3.5496209341387086 1.1679401569883368
      vertex 65.5505248230685 25.0505248230685 0.6484090676804897
      vertex 66.90838939219356 25.441707065515683 1.432372542187892
    endloop
  endfacet
  facet normal 0.6691306063588557 3.736187247513538e-16 -0.7431448254773965
    outer loop
      vertex 66.90838939219356 3.962015284298449 1.432372542187892
      vertex 67.70820393249937 24.553423027509677 2.152528788967473
      vertex 68.07358619108047 23.920562391462965 2.4815204523085654
    endloop
  endfacet
  facet normal 0.6691306063588609 0 -0.7431448254773918
    outer loop
      vertex 66.90838939219356 3.962015284298449 1.432372542187892
      vertex 66.90838939219356 25.441707065515683 1.432372542187892
      vertex 67.70820393249937 24.553423027509677 2.152528788967473
    endloop
  endfacet
  facet normal 0.8090169943749493 -1.552509178797842e-16 -0.5877852522924705
    outer loop
      vertex 68.39230484541326 6 2.920199045849138
      vertex 68.07358619108047 23.920562391462965 2.4815204523085654
      vertex 68.96254549171121 22.380839716909602 3.70506796173143
    endloop
  endfacet
  facet normal 0.9135454576426006 4.648595944451949e-17 -0.40673664307580093
    outer loop
      vertex 69.41267819554184 8.29179606750063 4.6876926530895915
      vertex 68.99519052838329 22.280368624973462 3.75
      vertex 69.63292387221365 20.31762721155903 5.182372542187892
    endloop
  endfacet
  facet normal 0.9781476007338074 -1.7836902106836786e-16 -0.20791169081775135
    outer loop
      vertex 69.93426274441927 12 6.600060473522774
      vertex 69.73777120880567 19.994940289813112 5.675640478817314
      vertex 69.95891421526204 17.890905129884608 6.716036525492598
    endloop
  endfacet
  facet normal 0.8090169943749574 0 -0.5877852522924595
    outer loop
      vertex 68.99519052838329 7.354103414411036 3.75
      vertex 68.96254549171121 22.380839716909602 3.70506796173143
      vertex 68.99519052838329 22.280368624973462 3.75
    endloop
  endfacet
  facet normal 0.49999999999999556 1.1756637011855262e-14 -0.8660254037844412
    outer loop
      vertex 65.5505248230685 25.0505248230685 0.6484090676804897
      vertex 66.45037906586128 25.95037906586129 1.1679401569883368
      vertex 66.90838939219356 25.441707065515683 1.432372542187892
    endloop
  endfacet
  facet normal 0.49999999999999467 -1.3051638724966997e-14 0.8660254037844417
    outer loop
      vertex 66.45037906586128 3.5496209341387086 107.83205984301166
      vertex 66.90838939219356 3.962015284298449 107.56762745781211
      vertex 65.5505248230685 4.449475176931498 108.35159093231951
    endloop
  endfacet
  facet normal 0.30901699437495106 0 0.9510565162951523
    outer loop
      vertex 65.5505248230685 4.449475176931498 108.35159093231951
      vertex 65.5505248230685 25.0505248230685 108.35159093231951
      vertex 64.0593376811332 5.940662318866805 108.83610700550355
    endloop
  endfacet
  facet normal 0.10452846326764836 0 0.9945218953682738
    outer loop
      vertex 64.0593376811332 5.940662318866805 108.83610700550355
      vertex 64.0593376811332 23.559337681133194 108.83610700550355
      vertex 62.5 7.5 109
    endloop
  endfacet
  facet normal 0.4999999999999982 3.434152836117895e-16 0.8660254037844397
    outer loop
      vertex 65.5505248230685 4.449475176931498 108.35159093231951
      vertex 66.90838939219356 3.962015284298449 107.56762745781211
      vertex 66.45037906586128 25.95037906586129 107.83205984301166
    endloop
  endfacet
  facet normal 0.6691306063595946 -1.8116571379983576e-20 0.7431448254767312
    outer loop
      vertex 66.91773790572873 3.970432723693701 107.55921001841685
      vertex 66.90838939219356 25.441707065515683 107.56762745781211
      vertex 66.90838939219356 3.962015284298449 107.56762745781211
    endloop
  endfacet
  facet normal 0.6691306063588511 -5.86120263445994e-16 0.7431448254774007
    outer loop
      vertex 66.91773790572873 3.970432723693701 107.55921001841685
      vertex 68.07358619108047 5.561321406459426 106.51847954769144
      vertex 66.90838939219356 25.441707065515683 107.56762745781211
    endloop
  endfacet
  facet normal 0.8090169943749523 0 0.5877852522924665
    outer loop
      vertex 68.07358619108047 5.561321406459426 106.51847954769144
      vertex 68.39230484541326 6 106.07980095415087
      vertex 68.07358619108047 23.920562391462965 106.51847954769144
    endloop
  endfacet
  facet normal 0.9135454576425992 0 0.4067366430758041
    outer loop
      vertex 68.99519052838329 7.354103414411036 105.25
      vertex 69.41267819554184 8.29179606750063 104.31230734691042
      vertex 68.99519052838329 22.280368624973462 105.25
    endloop
  endfacet
  facet normal 0.8090169943749507 -8.226230721886905e-17 0.5877852522924685
    outer loop
      vertex 68.39230484541326 6 106.07980095415087
      vertex 68.99519052838329 7.354103414411036 105.25
      vertex 68.07358619108047 23.920562391462965 106.51847954769144
    endloop
  endfacet
  facet normal 1 0 0
    outer loop
      vertex 69.95891421526204 12 101.5
      vertex 69.95891421526204 17.890905129884608 102.2839634745074
      vertex 69.95891421526204 12 102.2839634745074
    endloop
  endfacet
  facet normal 0.9135454576426026 6.321458489663926e-16 0.4067366430757962
    outer loop
      vertex 69.41267819554184 8.29179606750063 104.31230734691042
      vertex 69.63292387221365 9.327970509453284 103.81762745781211
      vertex 68.99519052838329 22.280368624973462 105.25
    endloop
  endfacet
  facet normal 0.9781476007338071 -2.855878283832811e-16 0.2079116908177526
    outer loop
      vertex 69.63292387221365 9.327970509453284 103.81762745781211
      vertex 69.93426274441927 10.745658440788159 102.39993952647723
      vertex 69.73777120880567 19.994940289813112 103.32435952118269
    endloop
  endfacet
  facet normal 0.9781476007338055 0 0.20791169081776
    outer loop
      vertex 69.95891421526204 12 102.2839634745074
      vertex 69.95891421526204 17.890905129884608 102.2839634745074
      vertex 69.93426274441927 12 102.39993952647723
    endloop
  endfacet
  facet normal 0.9781476007338076 0 0.20791169081774988
    outer loop
      vertex 69.93426274441927 10.745658440788159 102.39993952647723
      vertex 69.93426274441927 12 102.39993952647723
      vertex 69.73777120880567 19.994940289813112 103.32435952118269
    endloop
  endfacet
  facet normal 0.10452846326764838 0 0.9945218953682738
    outer loop
      vertex 62.5 7.5 109
      vertex 64.0593376811332 23.559337681133194 108.83610700550355
      vertex 62.5 22 109
    endloop
  endfacet
  facet normal 0.309016994374951 0 0.9510565162951524
    outer loop
      vertex 64.0593376811332 5.940662318866805 108.83610700550355
      vertex 65.5505248230685 25.0505248230685 108.35159093231951
      vertex 64.0593376811332 23.559337681133194 108.83610700550355
    endloop
  endfacet
  facet normal 1 0 0
    outer loop
      vertex 69.95891421526204 12 101.5
      vertex 69.95891421526204 17.890905129884608 101.5
      vertex 69.95891421526204 17.890905129884608 102.2839634745074
    endloop
  endfacet
  facet normal 0.9781476007338058 0 0.2079116908177585
    outer loop
      vertex 69.63292387221365 9.327970509453284 103.81762745781211
      vertex 69.73777120880567 19.994940289813112 103.32435952118269
      vertex 69.63292387221365 20.31762721155903 103.81762745781211
    endloop
  endfacet
  facet normal 0.9781476007338074 -1.7839183005296599e-16 0.20791169081775135
    outer loop
      vertex 69.93426274441927 12 102.39993952647723
      vertex 69.95891421526204 17.890905129884608 102.2839634745074
      vertex 69.73777120880567 19.994940289813112 103.32435952118269
    endloop
  endfacet
  facet normal 0.9135454576426004 0 0.40673664307580093
    outer loop
      vertex 69.63292387221365 9.327970509453284 103.81762745781211
      vertex 69.63292387221365 20.31762721155903 103.81762745781211
      vertex 68.99519052838329 22.280368624973462 105.25
    endloop
  endfacet
  facet normal 0.8090169943749574 0 0.5877852522924595
    outer loop
      vertex 68.99519052838329 7.354103414411036 105.25
      vertex 68.99519052838329 22.280368624973462 105.25
      vertex 68.96254549171121 22.380839716909602 105.29493203826857
    endloop
  endfacet
  facet normal 0.8090169943749511 -4.021552168199131e-17 0.5877852522924684
    outer loop
      vertex 68.99519052838329 7.354103414411036 105.25
      vertex 68.96254549171121 22.380839716909602 105.29493203826857
      vertex 68.07358619108047 23.920562391462965 106.51847954769144
    endloop
  endfacet
  facet normal 0.6691306063588474 0 0.7431448254774041
    outer loop
      vertex 68.07358619108047 5.561321406459426 106.51847954769144
      vertex 68.07358619108047 23.920562391462965 106.51847954769144
      vertex 67.70820393249937 24.553423027509677 106.84747121103253
    endloop
  endfacet
  facet normal 0.5000000000000044 0 0.866025403784436
    outer loop
      vertex 65.5505248230685 4.449475176931498 108.35159093231951
      vertex 66.45037906586128 25.95037906586129 107.83205984301166
      vertex 65.5505248230685 25.0505248230685 108.35159093231951
    endloop
  endfacet
  facet normal 0.6691306063588613 4.837687986989574e-16 0.7431448254773916
    outer loop
      vertex 68.07358619108047 5.561321406459426 106.51847954769144
      vertex 67.70820393249937 24.553423027509677 106.84747121103253
      vertex 66.90838939219356 25.441707065515683 107.56762745781211
    endloop
  endfacet
  facet normal 0.49999999999998584 0 0.8660254037844468
    outer loop
      vertex 66.90838939219356 3.962015284298449 107.56762745781211
      vertex 66.90838939219356 25.441707065515683 107.56762745781211
      vertex 66.45037906586128 25.95037906586129 107.83205984301166
    endloop
  endfacet
  facet normal -1 0 0
    outer loop
      vertex 0 12 7.5
      vertex 0 12 101.5
      vertex 0 17.5 7.5
    endloop
  endfacet
  facet normal 0 -1 0
    outer loop
      vertex 12 0 7.5
      vertex 45.05 0 77
      vertex 24.95 0 77
    endloop
  endfacet
  facet normal 0 -1 0
    outer loop
      vertex 12 0 7.5
      vertex 24.95 0 77
      vertex 12 0 101.5
    endloop
  endfacet
  facet normal -1 0 0
    outer loop
      vertex 0 12 101.5
      vertex 0 13.75 88.5
      vertex 0 17.5 7.5
    endloop
  endfacet
  facet normal -1 0 0
    outer loop
      vertex 0 12 101.5
      vertex 0 13.75 99.5
      vertex 0 13.75 88.5
    endloop
  endfacet
  facet normal -1 0 0
    outer loop
      vertex 0 12 101.5
      vertex 0 15.75 99.5
      vertex 0 13.75 99.5
    endloop
  endfacet
  facet normal 0 -1 0
    outer loop
      vertex 12 0 101.5
      vertex 24.95 0 77
      vertex 24.95 0 97.1
    endloop
  endfacet
  facet normal 0 -1 0
    outer loop
      vertex 12 0 101.5
      vertex 24.95 0 97.1
      vertex 45.05 0 97.1
    endloop
  endfacet
  facet normal 0 0 1
    outer loop
      vertex 7.5 7.5 109
      vertex 62.5 7.5 109
      vertex 7.5 22 109
    endloop
  endfacet
  facet normal 0 0 -1
    outer loop
      vertex 7.5 7.5 0
      vertex 7.5 22 0
      vertex 62.5 22 0
    endloop
  endfacet
  facet normal 0 1 0
    outer loop
      vertex 12 29.5 7.5
      vertex 12 29.5 101.5
      vertex 58 29.5 7.5
    endloop
  endfacet
  facet normal -1 0 0
    outer loop
      vertex 0 17.5 7.5
      vertex 0 13.75 88.5
      vertex 0 15.75 88.5
    endloop
  endfacet
  facet normal -1 0 0
    outer loop
      vertex 0 17.5 7.5
      vertex 0 15.75 88.5
      vertex 0 15.75 99.5
    endloop
  endfacet
  facet normal -1 0 0
    outer loop
      vertex 0 17.5 7.5
      vertex 0 15.75 99.5
      vertex 0 17.5 101.5
    endloop
  endfacet
  facet normal -1 0 0
    outer loop
      vertex 0 12 101.5
      vertex 0 17.5 101.5
      vertex 0 15.75 99.5
    endloop
  endfacet
  facet normal 0 -1 0
    outer loop
      vertex 12 0 7.5
      vertex 58 0 7.5
      vertex 58 0 101.5
    endloop
  endfacet
  facet normal 0 0 -1
    outer loop
      vertex 7.5 7.5 0
      vertex 62.5 22 0
      vertex 62.5 7.5 0
    endloop
  endfacet
  facet normal 0 -1 0
    outer loop
      vertex 12 0 7.5
      vertex 58 0 101.5
      vertex 45.05 0 77
    endloop
  endfacet
  facet normal 0 -1 0
    outer loop
      vertex 12 0 101.5
      vertex 45.05 0 97.1
      vertex 58 0 101.5
    endloop
  endfacet
  facet normal 0 -1 0
    outer loop
      vertex 58 0 101.5
      vertex 45.05 0 97.1
      vertex 45.05 0 77
    endloop
  endfacet
  facet normal 1 0 0
    outer loop
      vertex 70 12 7.5
      vertex 70 17.5 101.5
      vertex 70 12 101.5
    endloop
  endfacet
  facet normal 1 0 0
    outer loop
      vertex 70 12 7.5
      vertex 70 17.5 7.5
      vertex 70 17.5 101.5
    endloop
  endfacet
  facet normal 0 0 1
    outer loop
      vertex 7.5 22 109
      vertex 62.5 7.5 109
      vertex 62.5 22 109
    endloop
  endfacet
  facet normal 0 1 0
    outer loop
      vertex 12 29.5 101.5
      vertex 58 29.5 101.5
      vertex 58 29.5 7.5
    endloop
  endfacet
  facet normal 0 0 -1
    outer loop
      vertex -0.05 13.75 88.5
      vertex -0.05 15.75 88.5
      vertex 0 13.75 88.5
    endloop
  endfacet
  facet normal 0 -1 0
    outer loop
      vertex -0.05 13.75 88.5
      vertex 0 13.75 88.5
      vertex 0 13.75 99.5
    endloop
  endfacet
  facet normal -1 0 0
    outer loop
      vertex -0.05 13.75 88.5
      vertex -0.05 13.75 99.5
      vertex -0.05 15.75 88.5
    endloop
  endfacet
  facet normal 0 -1 0
    outer loop
      vertex -0.05 13.75 88.5
      vertex 0 13.75 99.5
      vertex -0.05 13.75 99.5
    endloop
  endfacet
  facet normal 0 0 1
    outer loop
      vertex -0.05 13.75 99.5
      vertex 0 13.75 99.5
      vertex 0 15.75 99.5
    endloop
  endfacet
  facet normal 0 0 -1
    outer loop
      vertex -0.05 15.75 88.5
      vertex 0 15.75 88.5
      vertex 0 13.75 88.5
    endloop
  endfacet
  facet normal 0 1 0
    outer loop
      vertex -0.05 15.75 88.5
      vertex -0.05 15.75 99.5
      vertex 0 15.75 88.5
    endloop
  endfacet
  facet normal -1 0 0
    outer loop
      vertex -0.05 15.75 88.5
      vertex -0.05 13.75 99.5
      vertex -0.05 15.75 99.5
    endloop
  endfacet
  facet normal 0 0 1
    outer loop
      vertex -0.05 13.75 99.5
      vertex 0 15.75 99.5
      vertex -0.05 15.75 99.5
    endloop
  endfacet
  facet normal 0 1 0
    outer loop
      vertex -0.05 15.75 99.5
      vertex 0 15.75 99.5
      vertex 0 15.75 88.5
    endloop
  endfacet
  facet normal 0 0 -1
    outer loop
      vertex 24.95 -0.1 77
      vertex 24.95 0 77
      vertex 45.05 0 77
    endloop
  endfacet
  facet normal -1 0 0
    outer loop
      vertex 24.95 -0.1 77
      vertex 24.95 -0.1 97.1
      vertex 24.95 0 77
    endloop
  endfacet
  facet normal -1 0 0
    outer loop
      vertex 24.95 -0.1 97.1
      vertex 24.95 0 97.1
      vertex 24.95 0 77
    endloop
  endfacet
  facet normal 0 -1 0
    outer loop
      vertex 24.95 -0.1 77
      vertex 45.05 -0.1 77
      vertex 24.95 -0.1 97.1
    endloop
  endfacet
  facet normal 0 0 1
    outer loop
      vertex 24.95 -0.1 97.1
      vertex 45.05 -0.1 97.1
      vertex 24.95 0 97.1
    endloop
  endfacet
  facet normal 0 0 -1
    outer loop
      vertex 24.95 -0.1 77
      vertex 45.05 0 77
      vertex 45.05 -0.1 77
    endloop
  endfacet
  facet normal 0 -1 0
    outer loop
      vertex 45.05 -0.1 77
      vertex 45.05 -0.1 97.1
      vertex 24.95 -0.1 97.1
    endloop
  endfacet
  facet normal 0 0 1
    outer loop
      vertex 45.05 -0.1 97.1
      vertex 45.05 0 97.1
      vertex 24.95 0 97.1
    endloop
  endfacet
  facet normal 1 0 0
    outer loop
      vertex 45.05 -0.1 77
      vertex 45.05 0 77
      vertex 45.05 0 97.1
    endloop
  endfacet
  facet normal 1 0 0
    outer loop
      vertex 45.05 -0.1 77
      vertex 45.05 0 97.1
      vertex 45.05 -0.1 97.1
    endloop
  endfacet
endsolid OpenSCAD_Model
