solid OpenSCAD_Model
  facet normal 0 0 -1
    outer loop
      vertex 0.06847630789658155 4.348491450192362 12.5
      vertex 0 5 12.5
      vertex 0.027390523158629776 12 12.5
    endloop
  endfacet
  facet normal 0 0 -1
    outer loop
      vertex 0.06847630789658155 4.348491450192362 12.5
      vertex 0.027390523158629776 12 12.5
      vertex 0.027390523158629776 12.522642316338267 12.5
    endloop
  endfacet
  facet normal 0 0 -1
    outer loop
      vertex 0 5 12.5
      vertex 0 12 12.5
      vertex 0.027390523158629776 12 12.5
    endloop
  endfacet
  facet normal 0 0 -1
    outer loop
      vertex 0.06847630789658155 4.348491450192362 12.5
      vertex 0.027390523158629776 12.522642316338267 12.5
      vertex 0.06847630789658155 12.715935736287982 12.5
    endloop
  endfacet
  facet normal 0 0 1
    outer loop
      vertex 0.06847630789658155 4.348491450192362 127.19999999999999
      vertex 0.05 5 127.19999999999999
      vertex 0 5 127.19999999999999
    endloop
  endfacet
  facet normal 0 0 1
    outer loop
      vertex 0.06847630789658155 4.348491450192362 127.19999999999999
      vertex 0.05 12 127.19999999999999
      vertex 0.05 5 127.19999999999999
    endloop
  endfacet
  facet normal 0 0 1
    outer loop
      vertex 0.06847630789658155 4.348491450192362 127.19999999999999
      vertex 0.06847630789658155 12.715935736287982 127.19999999999999
      vertex 0.05 12 127.19999999999999
    endloop
  endfacet
  facet normal 0 0 1
    outer loop
      vertex 0.027390523158629776 12.522642316338267 127.19999999999999
      vertex 0.027390523158629776 12 127.19999999999999
      vertex 0.05 12 127.19999999999999
    endloop
  endfacet
  facet normal 0 0 1
    outer loop
      vertex 0.027390523158629776 12.522642316338267 127.19999999999999
      vertex 0.05 12 127.19999999999999
      vertex 0.06847630789658155 12.715935736287982 127.19999999999999
    endloop
  endfacet
  facet normal 0 0 -1
    outer loop
      vertex 67.5315236921034 4.284064263712017 12.5
      vertex 67.5315236921034 12.651508549807637 12.5
      vertex 67.57260947684136 4.477357683661733 12.5
    endloop
  endfacet
  facet normal 0 0 -1
    outer loop
      vertex 67.57260947684136 5 12.5
      vertex 67.6 12 12.5
      vertex 67.6 5 12.5
    endloop
  endfacet
  facet normal 0 0 -1
    outer loop
      vertex 67.57260947684136 4.477357683661733 12.5
      vertex 67.5315236921034 12.651508549807637 12.5
      vertex 67.57260947684136 5 12.5
    endloop
  endfacet
  facet normal 0 0 -1
    outer loop
      vertex 67.57260947684136 5 12.5
      vertex 67.5315236921034 12.651508549807637 12.5
      vertex 67.6 12 12.5
    endloop
  endfacet
  facet normal 0 0 1
    outer loop
      vertex 67.5315236921034 4.284064263712017 127.19999999999999
      vertex 67.57260947684136 4.477357683661733 127.19999999999999
      vertex 67.5315236921034 12.651508549807637 127.19999999999999
    endloop
  endfacet
  facet normal 0 0 1
    outer loop
      vertex 67.57260947684136 5 127.19999999999999
      vertex 67.6 5 127.19999999999999
      vertex 67.6 12 127.19999999999999
    endloop
  endfacet
  facet normal 0 0 1
    outer loop
      vertex 67.57260947684136 4.477357683661733 127.19999999999999
      vertex 67.57260947684136 5 127.19999999999999
      vertex 67.5315236921034 12.651508549807637 127.19999999999999
    endloop
  endfacet
  facet normal 0 0 1
    outer loop
      vertex 67.57260947684136 5 127.19999999999999
      vertex 67.6 12 127.19999999999999
      vertex 67.5315236921034 12.651508549807637 127.19999999999999
    endloop
  endfacet
  facet normal -0.9135454576425999 4.6663862117026375e-15 -0.40673664307580254
    outer loop
      vertex 1.4790087225577935 1.4790087225577953 6.68949039357409
      vertex 0.9549150281252636 2.061073738537634 7.86662410424087
      vertex 1.674682452694519 1.6746824526945172 6.25
    endloop
  endfacet
  facet normal -0.9135454576426003 1.327522281437641e-16 -0.4067366430758016
    outer loop
      vertex 0.9549150281252636 2.061073738537634 7.86662410424087
      vertex 0.669872981077809 14.5 8.50683902401839
      vertex 1.674682452694519 1.6746824526945172 6.25
    endloop
  endfacet
  facet normal -0.9135454576426004 1.0100376246744262e-16 -0.40673664307580115
    outer loop
      vertex 0.9549150281252636 2.061073738537634 7.86662410424087
      vertex 0.6117935463105795 2.6553775782089835 8.637287570313156
      vertex 0.669872981077809 14.5 8.50683902401839
    endloop
  endfacet
  facet normal -0.8090169943749478 0 -0.5877852522924726
    outer loop
      vertex 1.674682452694519 1.6746824526945172 6.25
      vertex 1.674682452694519 15.325317547305483 6.25
      vertex 3.210689681532571 3.210689681532571 4.135867420514273
    endloop
  endfacet
  facet normal -0.9781476007338058 -1.7001883796042755e-16 -0.20791169081775857
    outer loop
      vertex 0.6117935463105795 2.6553775782089835 8.637287570313156
      vertex 0.4322727117869931 2.9663167846209983 9.481866693691522
      vertex 0.2447174185242318 13.545084971874736 10.364244973567565
    endloop
  endfacet
  facet normal -0.9781476007338057 -1.1359219916321615e-16 -0.20791169081775918
    outer loop
      vertex 0.4322727117869931 2.9663167846209983 9.481866693691522
      vertex 0.10926199633097156 3.9604415459112037 11.0015126313101
      vertex 0.2447174185242318 13.545084971874736 10.364244973567565
    endloop
  endfacet
  facet normal -0.9781476007338049 4.748138245599239e-19 -0.20791169081776278
    outer loop
      vertex 0.10926199633097156 3.9604415459112037 11.0015126313101
      vertex 0.06847630789658155 4.348491450192362 11.193394209154334
      vertex 0.06847630789658155 12.715935736287982 11.193394209154334
    endloop
  endfacet
  facet normal -1 0 0
    outer loop
      vertex 0.06847630789658155 4.348491450192362 11.193394209154334
      vertex 0.06847630789658155 4.348491450192362 12.5
      vertex 0.06847630789658155 12.715935736287982 12.5
    endloop
  endfacet
  facet normal -0.6691306063588572 0 -0.743144825477395
    outer loop
      vertex 3.210689681532571 3.210689681532571 4.135867420514273
      vertex 3.210689681532571 13.789310318467429 4.135867420514273
      vertex 5.152684346344085 5.152684346344086 2.3872875703131626
    endloop
  endfacet
  facet normal -0.5000000000000032 0 -0.8660254037844368
    outer loop
      vertex 5.152684346344085 5.152684346344086 2.3872875703131626
      vertex 5.152684346344085 11.847315653655915 2.3872875703131626
      vertex 7.415791961552497 7.415791961552498 1.0806817794674828
    endloop
  endfacet
  facet normal -0.9781476007338055 0 -0.20791169081775954
    outer loop
      vertex 0.6117935463105795 2.6553775782089835 8.637287570313156
      vertex 0.2447174185242318 13.545084971874736 10.364244973567565
      vertex 0.6117935463105795 14.369551453705231 8.637287570313156
    endloop
  endfacet
  facet normal -0.9135454576425971 0 -0.40673664307580876
    outer loop
      vertex 0.6117935463105795 2.6553775782089835 8.637287570313156
      vertex 0.6117935463105795 14.369551453705231 8.637287570313156
      vertex 0.669872981077809 14.5 8.50683902401839
    endloop
  endfacet
  facet normal -0.9135454576426006 -4.572204316061127e-17 -0.40673664307580076
    outer loop
      vertex 1.674682452694519 1.6746824526945172 6.25
      vertex 0.669872981077809 14.5 8.50683902401839
      vertex 1.28427587261303 15.345653031794292 7.126867535637203
    endloop
  endfacet
  facet normal -1 0 0
    outer loop
      vertex 0.06847630789658155 4.348491450192362 11.193394209154334
      vertex 0.06847630789658155 12.715935736287982 12.5
      vertex 0.06847630789658155 12.715935736287982 11.193394209154334
    endloop
  endfacet
  facet normal -0.9781476007338057 -8.962919416830149e-17 -0.20791169081775884
    outer loop
      vertex 0.10926199633097156 3.9604415459112037 11.0015126313101
      vertex 0.06847630789658155 12.715935736287982 11.193394209154334
      vertex 0.2447174185242318 13.545084971874736 10.364244973567565
    endloop
  endfacet
  facet normal -0.30901699437494307 0 -0.9510565162951551
    outer loop
      vertex 7.415791961552497 7.415791961552498 1.0806817794674828
      vertex 7.415791961552497 9.584208038447503 1.0806817794674828
      vertex 8.500000000000021 8.5 0.7284012329618434
    endloop
  endfacet
  facet normal -0.6691306063588572 0 -0.7431448254773949
    outer loop
      vertex 5.152684346344085 5.152684346344086 2.3872875703131626
      vertex 3.210689681532571 13.789310318467429 4.135867420514273
      vertex 5.152684346344085 11.847315653655915 2.3872875703131626
    endloop
  endfacet
  facet normal -0.5000000000000032 0 -0.8660254037844367
    outer loop
      vertex 7.415791961552497 7.415791961552498 1.0806817794674828
      vertex 5.152684346344085 11.847315653655915 2.3872875703131626
      vertex 7.415791961552497 9.584208038447503 1.0806817794674828
    endloop
  endfacet
  facet normal -0.913545457642604 -6.316407773855488e-16 -0.406736643075793
    outer loop
      vertex 1.674682452694519 1.6746824526945172 6.25
      vertex 1.28427587261303 15.345653031794292 7.126867535637203
      vertex 1.4790087225577935 15.520991277442203 6.689490393574083
    endloop
  endfacet
  facet normal -0.9135454576425966 0 -0.40673664307580976
    outer loop
      vertex 1.674682452694519 1.6746824526945172 6.25
      vertex 1.4790087225577935 15.520991277442203 6.689490393574083
      vertex 1.674682452694519 15.325317547305483 6.25
    endloop
  endfacet
  facet normal -0.8090169943749478 0 -0.5877852522924725
    outer loop
      vertex 3.210689681532571 3.210689681532571 4.135867420514273
      vertex 1.674682452694519 15.325317547305483 6.25
      vertex 3.210689681532571 13.789310318467429 4.135867420514273
    endloop
  endfacet
  facet normal -0.9135454576426006 -3.4347927729049377e-16 0.406736643075801
    outer loop
      vertex 1.4790087225578006 1.4790087225577961 133.0105096064259
      vertex 1.674682452694519 15.325317547305483 133.45
      vertex 0.9549150281252636 2.061073738537634 131.8333758957591
    endloop
  endfacet
  facet normal -0.9135454576426045 -4.671622114535123e-19 0.406736643075792
    outer loop
      vertex 1.4790087225578006 1.4790087225577961 133.0105096064259
      vertex 1.674682452694519 1.6746824526945172 133.45
      vertex 1.674682452694519 15.325317547305483 133.45
    endloop
  endfacet
  facet normal -0.8090169943749478 8.729591439145166e-19 0.5877852522924726
    outer loop
      vertex 1.674682452694519 1.6746824526945172 133.45
      vertex 3.210689681532571 3.210689681532571 135.56413257948572
      vertex 3.210689681532571 13.789310318467429 135.56413257948572
    endloop
  endfacet
  facet normal -0.9781476007338066 -4.133271554340139e-19 0.20791169081775543
    outer loop
      vertex 0.10926199633097156 3.9604415459112037 128.69848736868988
      vertex 0.06847630789658155 12.715935736287982 128.50660579084564
      vertex 0.06847630789658155 4.348491450192362 128.50660579084564
    endloop
  endfacet
  facet normal -0.9781476007338056 -4.58059816966925e-17 0.20791169081775918
    outer loop
      vertex 0.4322727117869931 2.9663167846209983 130.21813330630846
      vertex 0.6117935463105795 14.369551453705231 131.06271242968683
      vertex 0.10926199633097156 3.9604415459112037 128.69848736868988
    endloop
  endfacet
  facet normal -1 0 0
    outer loop
      vertex 0.06847630789658155 4.348491450192362 127.19999999999999
      vertex 0.06847630789658155 4.348491450192362 128.50660579084564
      vertex 0.06847630789658155 12.715935736287982 128.50660579084564
    endloop
  endfacet
  facet normal -0.9781476007338058 3.899377430397616e-19 0.20791169081775862
    outer loop
      vertex 0.4322727117869931 2.9663167846209983 130.21813330630846
      vertex 0.6117935463105795 2.6553775782089835 131.06271242968683
      vertex 0.6117935463105795 14.369551453705231 131.06271242968683
    endloop
  endfacet
  facet normal -0.9135454576425994 -7.442776790388179e-16 0.40673664307580365
    outer loop
      vertex 0.9549150281252636 2.061073738537634 131.8333758957591
      vertex 1.674682452694519 15.325317547305483 133.45
      vertex 0.6117935463105795 2.6553775782089835 131.06271242968683
    endloop
  endfacet
  facet normal -0.6691306063588572 -6.431896840193729e-18 0.7431448254773949
    outer loop
      vertex 3.210689681532571 3.210689681532571 135.56413257948572
      vertex 5.152684346344085 5.152684346344086 137.31271242968683
      vertex 5.152684346344085 11.847315653655915 137.31271242968683
    endloop
  endfacet
  facet normal -0.5000000000000032 -1.0693941935568568e-17 0.8660254037844367
    outer loop
      vertex 5.152684346344085 5.152684346344086 137.31271242968683
      vertex 7.415791961552497 7.415791961552498 138.6193182205325
      vertex 7.415791961552497 9.584208038447503 138.6193182205325
    endloop
  endfacet
  facet normal -1 0 0
    outer loop
      vertex 0.06847630789658155 4.348491450192362 127.19999999999999
      vertex 0.06847630789658155 12.715935736287982 128.50660579084564
      vertex 0.06847630789658155 12.715935736287982 127.19999999999999
    endloop
  endfacet
  facet normal -0.9781476007338065 -1.024262476820734e-18 0.20791169081775537
    outer loop
      vertex 0.10926199633097156 3.9604415459112037 128.69848736868988
      vertex 0.2447174185242318 13.545084971874736 129.33575502643242
      vertex 0.06847630789658155 12.715935736287982 128.50660579084564
    endloop
  endfacet
  facet normal -0.9135454576425889 0 0.40673664307582724
    outer loop
      vertex 0.6117935463105795 2.6553775782089835 131.06271242968683
      vertex 0.669872981077809 14.5 131.19316097598158
      vertex 0.6117935463105795 14.369551453705231 131.06271242968683
    endloop
  endfacet
  facet normal -0.6691306063588572 0 0.743144825477395
    outer loop
      vertex 3.210689681532571 3.210689681532571 135.56413257948572
      vertex 5.152684346344085 11.847315653655915 137.31271242968683
      vertex 3.210689681532571 13.789310318467429 135.56413257948572
    endloop
  endfacet
  facet normal -0.8090169943749478 0 0.5877852522924726
    outer loop
      vertex 1.674682452694519 1.6746824526945172 133.45
      vertex 3.210689681532571 13.789310318467429 135.56413257948572
      vertex 1.674682452694519 15.325317547305483 133.45
    endloop
  endfacet
  facet normal -0.5000000000000032 0 0.8660254037844368
    outer loop
      vertex 5.152684346344085 5.152684346344086 137.31271242968683
      vertex 7.415791961552497 9.584208038447503 138.6193182205325
      vertex 5.152684346344085 11.847315653655915 137.31271242968683
    endloop
  endfacet
  facet normal -0.3090169943749428 0 0.9510565162951552
    outer loop
      vertex 7.415791961552497 7.415791961552498 138.6193182205325
      vertex 8.499999999999979 8.5 138.97159876703813
      vertex 7.415791961552497 9.584208038447503 138.6193182205325
    endloop
  endfacet
  facet normal -0.9781476007338052 -3.6170156826789683e-16 0.20791169081776056
    outer loop
      vertex 0.10926199633097156 3.9604415459112037 128.69848736868988
      vertex 0.6117935463105795 14.369551453705231 131.06271242968683
      vertex 0.2447174185242318 13.545084971874736 129.33575502643242
    endloop
  endfacet
  facet normal -0.9135454576426039 4.452746080005074e-16 0.40673664307579344
    outer loop
      vertex 0.6117935463105795 2.6553775782089835 131.06271242968683
      vertex 1.28427587261303 15.345653031794292 132.5731324643628
      vertex 0.669872981077809 14.5 131.19316097598158
    endloop
  endfacet
  facet normal -0.913545457642598 -1.4413226710381556e-15 0.40673664307580676
    outer loop
      vertex 0.6117935463105795 2.6553775782089835 131.06271242968683
      vertex 1.674682452694519 15.325317547305483 133.45
      vertex 1.28427587261303 15.345653031794292 132.5731324643628
    endloop
  endfacet
  facet normal -0.9135454576425979 7.396138278083256e-15 0.4067366430758069
    outer loop
      vertex 1.28427587261303 15.345653031794292 132.5731324643628
      vertex 1.674682452694519 15.325317547305483 133.45
      vertex 1.4790087225577935 15.520991277442203 133.0105096064259
    endloop
  endfacet
  facet normal 0.8090169943749491 3.666230055952938e-18 -0.5877852522924707
    outer loop
      vertex 65.92531754730547 1.6746824526945172 6.25
      vertex 64.38931031846742 3.210689681532571 4.135867420514273
      vertex 64.38931031846742 13.789310318467429 4.135867420514273
    endloop
  endfacet
  facet normal 0.9135454576425911 -7.7735749784536775e-19 -0.40673664307582197
    outer loop
      vertex 66.1209912774422 1.4790087225577961 6.689490393574083
      vertex 65.92531754730547 1.6746824526945172 6.25
      vertex 65.92531754730547 15.325317547305483 6.25
    endloop
  endfacet
  facet normal 0.9135454576425985 6.311801367988841e-16 -0.4067366430758054
    outer loop
      vertex 66.1209912774422 1.4790087225577961 6.689490393574083
      vertex 65.92531754730547 15.325317547305483 6.25
      vertex 66.31572412738697 1.6543469682057088 7.126867535637203
    endloop
  endfacet
  facet normal 0.9135454576426044 -7.611881279396645e-16 -0.4067366430757925
    outer loop
      vertex 66.31572412738697 1.6543469682057088 7.126867535637203
      vertex 66.98820645368941 14.344622421791016 8.637287570313156
      vertex 66.93012701892218 2.5 8.50683902401839
    endloop
  endfacet
  facet normal 0.6691306063588566 -6.720295425909158e-18 -0.7431448254773956
    outer loop
      vertex 64.38931031846742 3.210689681532571 4.135867420514273
      vertex 62.447315653655906 5.152684346344086 2.3872875703131626
      vertex 62.447315653655906 11.847315653655915 2.3872875703131626
    endloop
  endfacet
  facet normal 0.5000000000000032 -1.0693941935568568e-17 -0.8660254037844367
    outer loop
      vertex 62.447315653655906 5.152684346344086 2.3872875703131626
      vertex 60.184208038447494 7.415791961552498 1.0806817794674828
      vertex 60.184208038447494 9.584208038447503 1.0806817794674828
    endloop
  endfacet
  facet normal 0.9135454576425787 -1.9877708571707222e-19 -0.4067366430758503
    outer loop
      vertex 66.93012701892218 2.5 8.50683902401839
      vertex 66.98820645368941 14.344622421791016 8.637287570313156
      vertex 66.98820645368941 2.630448546294768 8.637287570313156
    endloop
  endfacet
  facet normal 0.9781476007338055 0 -0.20791169081775954
    outer loop
      vertex 66.98820645368941 2.630448546294768 8.637287570313156
      vertex 66.98820645368941 14.344622421791016 8.637287570313156
      vertex 67.35528258147576 3.4549150281252627 10.364244973567565
    endloop
  endfacet
  facet normal 0.9781476007338076 -5.067922578824106e-16 -0.20791169081775027
    outer loop
      vertex 67.35528258147576 3.4549150281252627 10.364244973567565
      vertex 67.49073800366902 13.039558454088796 11.0015126313101
      vertex 67.5315236921034 4.284064263712017 11.193394209154334
    endloop
  endfacet
  facet normal 1 0 0
    outer loop
      vertex 67.5315236921034 4.284064263712017 11.193394209154334
      vertex 67.5315236921034 12.651508549807637 12.5
      vertex 67.5315236921034 4.284064263712017 12.5
    endloop
  endfacet
  facet normal 0.3090169943749437 0 -0.9510565162951549
    outer loop
      vertex 60.184208038447494 7.415791961552498 1.0806817794674828
      vertex 59.100000000000016 8.5 0.7284012329618577
      vertex 60.184208038447494 9.584208038447503 1.0806817794674828
    endloop
  endfacet
  facet normal 0.5000000000000032 0 -0.8660254037844368
    outer loop
      vertex 62.447315653655906 5.152684346344086 2.3872875703131626
      vertex 60.184208038447494 9.584208038447503 1.0806817794674828
      vertex 62.447315653655906 11.847315653655915 2.3872875703131626
    endloop
  endfacet
  facet normal 0.6691306063588567 0 -0.7431448254773957
    outer loop
      vertex 64.38931031846742 3.210689681532571 4.135867420514273
      vertex 62.447315653655906 11.847315653655915 2.3872875703131626
      vertex 64.38931031846742 13.789310318467429 4.135867420514273
    endloop
  endfacet
  facet normal 0.8090169943749491 0 -0.5877852522924708
    outer loop
      vertex 65.92531754730547 1.6746824526945172 6.25
      vertex 64.38931031846742 13.789310318467429 4.135867420514273
      vertex 65.92531754730547 15.325317547305483 6.25
    endloop
  endfacet
  facet normal 0.9135454576425978 1.331470236030563e-15 -0.40673664307580715
    outer loop
      vertex 66.31572412738697 1.6543469682057088 7.126867535637203
      vertex 66.64508497187472 14.938926261462367 7.86662410424087
      vertex 66.98820645368941 14.344622421791016 8.637287570313156
    endloop
  endfacet
  facet normal 0.9781476007338122 0 -0.20791169081772812
    outer loop
      vertex 67.5315236921034 4.284064263712017 11.193394209154334
      vertex 67.49073800366902 13.039558454088796 11.0015126313101
      vertex 67.5315236921034 12.651508549807637 11.193394209154334
    endloop
  endfacet
  facet normal 1 0 0
    outer loop
      vertex 67.5315236921034 4.284064263712017 11.193394209154334
      vertex 67.5315236921034 12.651508549807637 11.193394209154334
      vertex 67.5315236921034 12.651508549807637 12.5
    endloop
  endfacet
  facet normal 0.9781476007338056 1.128048297123278e-16 -0.2079116908177592
    outer loop
      vertex 67.35528258147576 3.4549150281252627 10.364244973567565
      vertex 67.167727288213 14.033683215379002 9.481866693691522
      vertex 67.49073800366902 13.039558454088796 11.0015126313101
    endloop
  endfacet
  facet normal 0.9135454576426004 9.447094954614239e-16 -0.4067366430758014
    outer loop
      vertex 66.31572412738697 1.6543469682057088 7.126867535637203
      vertex 65.92531754730547 15.325317547305483 6.25
      vertex 66.64508497187472 14.938926261462367 7.86662410424087
    endloop
  endfacet
  facet normal 0.9781476007338058 1.6869794456568546e-16 -0.2079116908177586
    outer loop
      vertex 67.35528258147576 3.4549150281252627 10.364244973567565
      vertex 66.98820645368941 14.344622421791016 8.637287570313156
      vertex 67.167727288213 14.033683215379002 9.481866693691522
    endloop
  endfacet
  facet normal 0.913545457642598 -2.6279621210822662e-14 -0.4067366430758068
    outer loop
      vertex 65.92531754730547 15.325317547305483 6.25
      vertex 66.1209912774422 15.520991277442205 6.68949039357409
      vertex 66.64508497187472 14.938926261462367 7.86662410424087
    endloop
  endfacet
  facet normal 0.9135454576425924 -7.379333276877972e-15 0.40673664307581936
    outer loop
      vertex 66.1209912774422 1.4790087225577961 133.0105096064259
      vertex 66.31572412738697 1.6543469682057088 132.5731324643628
      vertex 65.92531754730547 1.6746824526945172 133.45
    endloop
  endfacet
  facet normal 0.9135454576425925 3.000937365767875e-15 0.4067366430758192
    outer loop
      vertex 65.92531754730547 1.6746824526945172 133.45
      vertex 66.31572412738697 1.6543469682057088 132.5731324643628
      vertex 66.64508497187472 14.938926261462367 131.8333758957591
    endloop
  endfacet
  facet normal 0.5000000000000032 0 0.8660254037844368
    outer loop
      vertex 62.447315653655906 5.152684346344086 137.31271242968683
      vertex 62.447315653655906 11.847315653655915 137.31271242968683
      vertex 60.184208038447494 7.415791961552498 138.6193182205325
    endloop
  endfacet
  facet normal 0.9781476007338055 1.4155281648659377e-16 0.20791169081776043
    outer loop
      vertex 66.98820645368941 2.630448546294768 131.06271242968683
      vertex 67.35528258147576 3.4549150281252627 129.33575502643242
      vertex 67.167727288213 14.033683215379002 130.21813330630846
    endloop
  endfacet
  facet normal 1 0 0
    outer loop
      vertex 67.5315236921034 4.284064263712017 127.19999999999999
      vertex 67.5315236921034 12.651508549807637 128.50660579084564
      vertex 67.5315236921034 4.284064263712017 128.50660579084564
    endloop
  endfacet
  facet normal 0.9781476007338079 1.1869413138318318e-15 0.20791169081774846
    outer loop
      vertex 67.35528258147576 3.4549150281252627 129.33575502643242
      vertex 67.5315236921034 4.284064263712017 128.50660579084564
      vertex 67.167727288213 14.033683215379002 130.21813330630846
    endloop
  endfacet
  facet normal 0.8090169943749491 0 0.5877852522924708
    outer loop
      vertex 65.92531754730547 1.6746824526945172 133.45
      vertex 65.92531754730547 15.325317547305483 133.45
      vertex 64.38931031846742 3.210689681532571 135.56413257948572
    endloop
  endfacet
  facet normal 0.9135454576426072 8.095721372560728e-16 0.4067366430757863
    outer loop
      vertex 66.31572412738697 1.6543469682057088 132.5731324643628
      vertex 66.93012701892218 2.5 131.19316097598158
      vertex 66.64508497187472 14.938926261462367 131.8333758957591
    endloop
  endfacet
  facet normal 0.9135454576425704 8.818855971583138e-20 0.40673664307586876
    outer loop
      vertex 66.93012701892218 2.5 131.19316097598158
      vertex 66.98820645368941 2.630448546294768 131.06271242968683
      vertex 66.98820645368941 14.344622421791016 131.06271242968683
    endloop
  endfacet
  facet normal 0.6691306063588567 0 0.7431448254773957
    outer loop
      vertex 64.38931031846742 3.210689681532571 135.56413257948572
      vertex 64.38931031846742 13.789310318467429 135.56413257948572
      vertex 62.447315653655906 5.152684346344086 137.31271242968683
    endloop
  endfacet
  facet normal 0.3090169943749327 0 0.9510565162951584
    outer loop
      vertex 60.184208038447494 7.415791961552498 138.6193182205325
      vertex 60.184208038447494 9.584208038447503 138.6193182205325
      vertex 59.09999999999997 8.5 138.97159876703813
    endloop
  endfacet
  facet normal 0.5000000000000032 0 0.8660254037844367
    outer loop
      vertex 60.184208038447494 7.415791961552498 138.6193182205325
      vertex 62.447315653655906 11.847315653655915 137.31271242968683
      vertex 60.184208038447494 9.584208038447503 138.6193182205325
    endloop
  endfacet
  facet normal 0.6691306063588567 0 0.7431448254773957
    outer loop
      vertex 62.447315653655906 5.152684346344086 137.31271242968683
      vertex 64.38931031846742 13.789310318467429 135.56413257948572
      vertex 62.447315653655906 11.847315653655915 137.31271242968683
    endloop
  endfacet
  facet normal 1 0 0
    outer loop
      vertex 67.5315236921034 4.284064263712017 127.19999999999999
      vertex 67.5315236921034 12.651508549807637 127.19999999999999
      vertex 67.5315236921034 12.651508549807637 128.50660579084564
    endloop
  endfacet
  facet normal 0.9781476007338138 0 0.20791169081772073
    outer loop
      vertex 67.5315236921034 4.284064263712017 128.50660579084564
      vertex 67.5315236921034 12.651508549807637 128.50660579084564
      vertex 67.49073800366902 13.039558454088796 128.69848736868988
    endloop
  endfacet
  facet normal 0.9781476007338055 -8.9481226338419e-16 0.20791169081775981
    outer loop
      vertex 67.5315236921034 4.284064263712017 128.50660579084564
      vertex 67.49073800366902 13.039558454088796 128.69848736868988
      vertex 67.167727288213 14.033683215379002 130.21813330630846
    endloop
  endfacet
  facet normal 0.9781476007338058 0 0.20791169081775862
    outer loop
      vertex 66.98820645368941 2.630448546294768 131.06271242968683
      vertex 67.167727288213 14.033683215379002 130.21813330630846
      vertex 66.98820645368941 14.344622421791016 131.06271242968683
    endloop
  endfacet
  facet normal 0.8090169943749491 0 0.5877852522924707
    outer loop
      vertex 64.38931031846742 3.210689681532571 135.56413257948572
      vertex 65.92531754730547 15.325317547305483 133.45
      vertex 64.38931031846742 13.789310318467429 135.56413257948572
    endloop
  endfacet
  facet normal 0.9135454576426045 0 0.40673664307579194
    outer loop
      vertex 65.92531754730547 1.6746824526945172 133.45
      vertex 66.12099127744219 15.520991277442203 133.0105096064259
      vertex 65.92531754730547 15.325317547305483 133.45
    endloop
  endfacet
  facet normal 0.9135454576426006 3.427875243570851e-16 0.406736643075801
    outer loop
      vertex 65.92531754730547 1.6746824526945172 133.45
      vertex 66.64508497187472 14.938926261462367 131.8333758957591
      vertex 66.12099127744219 15.520991277442203 133.0105096064259
    endloop
  endfacet
  facet normal 0.9135454576425959 -7.536135103193988e-16 0.4067366430758116
    outer loop
      vertex 66.93012701892218 2.5 131.19316097598158
      vertex 66.98820645368941 14.344622421791016 131.06271242968683
      vertex 66.64508497187472 14.938926261462367 131.8333758957591
    endloop
  endfacet
  facet normal 0 -1 0
    outer loop
      vertex 67.57260947684136 5 12.5
      vertex 67.6 5 12.5
      vertex 67.57260947684136 5 127.19999999999999
    endloop
  endfacet
  facet normal 0 -1 0
    outer loop
      vertex 67.6 5 12.5
      vertex 67.6 5 127.19999999999999
      vertex 67.57260947684136 5 127.19999999999999
    endloop
  endfacet
  facet normal 1 0 0
    outer loop
      vertex 62.599999999999994 16.972609476841367 12.5
      vertex 62.599999999999994 17 12.5
      vertex 62.599999999999994 16.972609476841367 127.19999999999999
    endloop
  endfacet
  facet normal 1 0 0
    outer loop
      vertex 62.599999999999994 17 12.5
      vertex 62.599999999999994 17 127.19999999999999
      vertex 62.599999999999994 16.972609476841367 127.19999999999999
    endloop
  endfacet
  facet normal -1 0 0
    outer loop
      vertex 5 0 12.5
      vertex 5 0.02739052315863333 127.19999999999999
      vertex 5 0.02739052315863333 12.5
    endloop
  endfacet
  facet normal -1 0 0
    outer loop
      vertex 5 0 12.5
      vertex 5 0 127.19999999999999
      vertex 5 0.02739052315863333 127.19999999999999
    endloop
  endfacet
  facet normal 0 1 0
    outer loop
      vertex 0.027390523158629776 12 12.5
      vertex 0 12 12.5
      vertex 0 12 119.19999999999999
    endloop
  endfacet
  facet normal 0 1 0
    outer loop
      vertex 0.027390523158629776 12 12.5
      vertex 0 12 119.19999999999999
      vertex 0.027390523158629776 12 119.19999999999999
    endloop
  endfacet
  facet normal 0.6691306063588558 -0.7431448254773965 -3.532720173618875e-15
    outer loop
      vertex 65.53892626146236 0.9549150281252627 7.866624104240877
      vertex 66.1209912774422 1.4790087225577961 6.689490393574083
      vertex 66.31572412738697 1.6543469682057088 7.126867535637203
    endloop
  endfacet
  facet normal 0.9781476007338068 -0.20791169081775415 -4.384704559624237e-18
    outer loop
      vertex 67.35528258147576 3.4549150281252627 10.364244973567565
      vertex 67.5315236921034 4.284064263712017 11.193394209154334
      vertex 67.5315236921034 4.284064263712017 12.5
    endloop
  endfacet
  facet normal 0.10452846326765268 -0.9945218953682735 3.75178367839827e-18
    outer loop
      vertex 62.599999999999994 0 12.5
      vertex 63.25150854980765 0.06847630789658332 12.5
      vertex 63.63955845408879 0.10926199633097156 128.69848736868988
    endloop
  endfacet
  facet normal 0.10452846326765379 -0.9945218953682733 8.868175784732773e-21
    outer loop
      vertex 63.25150854980765 0.06847630789658332 11.193394209154334
      vertex 63.63955845408879 0.10926199633097156 11.001512631310106
      vertex 63.63955845408879 0.10926199633097156 128.69848736868988
    endloop
  endfacet
  facet normal 0.10452846326765379 -0.9945218953682734 0
    outer loop
      vertex 63.25150854980765 0.06847630789658332 11.193394209154334
      vertex 63.63955845408879 0.10926199633097156 128.69848736868988
      vertex 63.25150854980765 0.06847630789658332 12.5
    endloop
  endfacet
  facet normal 0.30901699437494934 -0.951056516295153 5.715648847837692e-20
    outer loop
      vertex 63.63955845408879 0.10926199633097156 11.001512631310106
      vertex 64.633683215379 0.43227271178699667 9.481866693691515
      vertex 64.633683215379 0.43227271178699667 130.2181333063085
    endloop
  endfacet
  facet normal 0.4999999999999972 -0.8660254037844403 -5.328427687117438e-18
    outer loop
      vertex 64.94462242179101 0.6117935463105812 8.637287570313156
      vertex 65.53892626146236 0.9549150281252627 131.8333758957591
      vertex 64.633683215379 0.43227271178699667 9.481866693691515
    endloop
  endfacet
  facet normal 0.49999999999999634 -0.8660254037844408 1.31456278101615e-19
    outer loop
      vertex 64.94462242179101 0.6117935463105812 8.637287570313156
      vertex 65.53892626146236 0.9549150281252627 7.866624104240877
      vertex 65.53892626146236 0.9549150281252627 131.8333758957591
    endloop
  endfacet
  facet normal 0.6691306063588576 -0.7431448254773948 -2.207014091566837e-19
    outer loop
      vertex 65.53892626146236 0.9549150281252627 7.866624104240877
      vertex 66.31572412738697 1.6543469682057088 7.126867535637203
      vertex 66.31572412738697 1.6543469682057088 132.5731324643628
    endloop
  endfacet
  facet normal 0.8090169943749546 -0.5877852522924635 -2.9406568459744445e-19
    outer loop
      vertex 66.31572412738697 1.6543469682057088 7.126867535637203
      vertex 66.93012701892218 2.5 8.50683902401839
      vertex 66.93012701892218 2.5 131.19316097598158
    endloop
  endfacet
  facet normal 0.9135454576425814 -0.4067366430758436 3.373447497825918e-16
    outer loop
      vertex 66.93012701892218 2.5 8.50683902401839
      vertex 66.98820645368941 2.630448546294768 8.637287570313156
      vertex 67.35528258147576 3.4549150281252627 129.33575502643242
    endloop
  endfacet
  facet normal 0.9135454576425999 -0.40673664307580243 -6.410832134650632e-20
    outer loop
      vertex 66.98820645368941 2.630448546294768 8.637287570313156
      vertex 67.35528258147576 3.4549150281252627 10.364244973567565
      vertex 67.35528258147576 3.4549150281252627 129.33575502643242
    endloop
  endfacet
  facet normal 0.9781476007338068 -0.20791169081775399 -7.481007751475222e-17
    outer loop
      vertex 67.35528258147576 3.4549150281252627 10.364244973567565
      vertex 67.5315236921034 4.284064263712017 12.5
      vertex 67.57260947684136 4.477357683661733 127.19999999999999
    endloop
  endfacet
  facet normal 0.9781476007337977 -0.20791169081779645 -6.996042478137322e-21
    outer loop
      vertex 67.5315236921034 4.284064263712017 12.5
      vertex 67.57260947684136 4.477357683661733 12.5
      vertex 67.57260947684136 4.477357683661733 127.19999999999999
    endloop
  endfacet
  facet normal 1 0 0
    outer loop
      vertex 67.57260947684136 4.477357683661733 12.5
      vertex 67.57260947684136 5 12.5
      vertex 67.57260947684136 5 127.19999999999999
    endloop
  endfacet
  facet normal 0.10452846326765267 -0.9945218953682735 0
    outer loop
      vertex 62.599999999999994 0 12.5
      vertex 63.25150854980765 0.06847630789658332 127.19999999999999
      vertex 62.599999999999994 0 127.19999999999999
    endloop
  endfacet
  facet normal 0.10452846326765385 -0.9945218953682734 -6.743253597825402e-18
    outer loop
      vertex 62.599999999999994 0 12.5
      vertex 63.63955845408879 0.10926199633097156 128.69848736868988
      vertex 63.25150854980765 0.06847630789658332 127.19999999999999
    endloop
  endfacet
  facet normal 0.30901699437494934 -0.9510565162951529 0
    outer loop
      vertex 63.63955845408879 0.10926199633097156 11.001512631310106
      vertex 64.633683215379 0.43227271178699667 130.2181333063085
      vertex 63.63955845408879 0.10926199633097156 128.69848736868988
    endloop
  endfacet
  facet normal 0.4999999999999972 -0.8660254037844403 0
    outer loop
      vertex 64.633683215379 0.43227271178699667 9.481866693691515
      vertex 64.94462242179101 0.6117935463105812 131.06271242968683
      vertex 64.633683215379 0.43227271178699667 130.2181333063085
    endloop
  endfacet
  facet normal 0.49999999999999634 -0.8660254037844407 2.9221631262778428e-18
    outer loop
      vertex 64.633683215379 0.43227271178699667 9.481866693691515
      vertex 65.53892626146236 0.9549150281252627 131.8333758957591
      vertex 64.94462242179101 0.6117935463105812 131.06271242968683
    endloop
  endfacet
  facet normal 0.6691306063588597 -0.7431448254773929 0
    outer loop
      vertex 65.53892626146236 0.9549150281252627 7.866624104240877
      vertex 66.1209912774422 1.4790087225577961 133.0105096064259
      vertex 65.53892626146236 0.9549150281252627 131.8333758957591
    endloop
  endfacet
  facet normal 0.6691306063588511 -0.7431448254774004 6.865694908447763e-17
    outer loop
      vertex 65.53892626146236 0.9549150281252627 7.866624104240877
      vertex 66.31572412738697 1.6543469682057088 132.5731324643628
      vertex 66.1209912774422 1.4790087225577961 133.0105096064259
    endloop
  endfacet
  facet normal 0.8090169943749544 -0.5877852522924635 0
    outer loop
      vertex 66.31572412738697 1.6543469682057088 7.126867535637203
      vertex 66.93012701892218 2.5 131.19316097598158
      vertex 66.31572412738697 1.6543469682057088 132.5731324643628
    endloop
  endfacet
  facet normal 0.9135454576425817 -0.4067366430758434 0
    outer loop
      vertex 66.93012701892218 2.5 8.50683902401839
      vertex 66.98820645368941 2.630448546294768 131.06271242968683
      vertex 66.93012701892218 2.5 131.19316097598158
    endloop
  endfacet
  facet normal 0.9135454576425999 -0.4067366430758026 -5.208266627261942e-17
    outer loop
      vertex 66.93012701892218 2.5 8.50683902401839
      vertex 67.35528258147576 3.4549150281252627 129.33575502643242
      vertex 66.98820645368941 2.630448546294768 131.06271242968683
    endloop
  endfacet
  facet normal 0.9781476007338067 -0.20791169081775415 0
    outer loop
      vertex 67.35528258147576 3.4549150281252627 10.364244973567565
      vertex 67.5315236921034 4.284064263712017 128.50660579084564
      vertex 67.35528258147576 3.4549150281252627 129.33575502643242
    endloop
  endfacet
  facet normal 0.978147600733807 -0.2079116908177526 -4.3847045596242654e-18
    outer loop
      vertex 67.35528258147576 3.4549150281252627 10.364244973567565
      vertex 67.5315236921034 4.284064263712017 127.19999999999999
      vertex 67.5315236921034 4.284064263712017 128.50660579084564
    endloop
  endfacet
  facet normal 0.9781476007337978 -0.20791169081779642 3.1375541442400545e-16
    outer loop
      vertex 67.35528258147576 3.4549150281252627 10.364244973567565
      vertex 67.57260947684136 4.477357683661733 127.19999999999999
      vertex 67.5315236921034 4.284064263712017 127.19999999999999
    endloop
  endfacet
  facet normal 0.1045284632676538 -0.9945218953682733 0
    outer loop
      vertex 63.25150854980765 0.06847630789658332 127.19999999999999
      vertex 63.63955845408879 0.10926199633097156 128.69848736868988
      vertex 63.25150854980765 0.06847630789658332 128.50660579084564
    endloop
  endfacet
  facet normal 1 0 0
    outer loop
      vertex 67.57260947684136 4.477357683661733 12.5
      vertex 67.57260947684136 5 127.19999999999999
      vertex 67.57260947684136 4.477357683661733 127.19999999999999
    endloop
  endfacet
  facet normal 0.9945218953682722 0.10452846326766409 -2.944921644465896e-20
    outer loop
      vertex 67.6 12 12.5
      vertex 67.5315236921034 12.651508549807637 12.5
      vertex 67.5315236921034 12.651508549807637 127.19999999999999
    endloop
  endfacet
  facet normal 0.9945218953682754 0.10452846326763508 0
    outer loop
      vertex 67.5315236921034 12.651508549807637 11.193394209154334
      vertex 67.49073800366902 13.039558454088796 11.0015126313101
      vertex 67.5315236921034 12.651508549807637 12.5
    endloop
  endfacet
  facet normal 0.7431448254773882 0.6691306063588649 1.2338554589051378e-14
    outer loop
      vertex 66.64508497187472 14.938926261462367 7.86662410424087
      vertex 66.1209912774422 15.520991277442205 6.68949039357409
      vertex 65.94565303179428 15.71572412738697 7.126867535637203
    endloop
  endfacet
  facet normal 0.20791169081776215 0.978147600733805 0
    outer loop
      vertex 63.31593573628797 16.93152369210342 11.193394209154334
      vertex 63.31593573628797 16.93152369210342 12.5
      vertex 64.14508497187472 16.755282581475768 10.364244973567573
    endloop
  endfacet
  facet normal 0.9945218953682753 0.10452846326763507 0
    outer loop
      vertex 67.5315236921034 12.651508549807637 12.5
      vertex 67.49073800366902 13.039558454088796 11.0015126313101
      vertex 67.5315236921034 12.651508549807637 127.19999999999999
    endloop
  endfacet
  facet normal 0.9510565162951542 0.3090169943749453 -7.857781686104155e-20
    outer loop
      vertex 67.49073800366902 13.039558454088796 11.0015126313101
      vertex 67.167727288213 14.033683215379002 9.481866693691522
      vertex 67.167727288213 14.033683215379002 130.21813330630846
    endloop
  endfacet
  facet normal 0.8660254037844368 0.5000000000000031 0
    outer loop
      vertex 66.98820645368941 14.344622421791016 8.637287570313156
      vertex 66.98820645368941 14.344622421791016 131.06271242968683
      vertex 67.167727288213 14.033683215379002 9.481866693691522
    endloop
  endfacet
  facet normal 0.8660254037844334 0.5000000000000093 0
    outer loop
      vertex 66.98820645368941 14.344622421791016 8.637287570313156
      vertex 66.64508497187472 14.938926261462367 7.86662410424087
      vertex 66.98820645368941 14.344622421791016 131.06271242968683
    endloop
  endfacet
  facet normal 0 1 0
    outer loop
      vertex 62.599999999999994 16.972609476841367 12.5
      vertex 62.599999999999994 16.972609476841367 127.19999999999999
      vertex 63.12264231633826 16.972609476841367 12.5
    endloop
  endfacet
  facet normal 0.2079116908177494 0.9781476007338077 0
    outer loop
      vertex 63.31593573628797 16.93152369210342 12.5
      vertex 63.12264231633826 16.972609476841367 12.5
      vertex 63.31593573628797 16.93152369210342 127.19999999999999
    endloop
  endfacet
  facet normal 0.7431448254773941 0.6691306063588583 6.0330510601247e-20
    outer loop
      vertex 66.64508497187472 14.938926261462367 7.86662410424087
      vertex 65.94565303179428 15.71572412738697 7.126867535637203
      vertex 65.94565303179428 15.71572412738697 132.5731324643628
    endloop
  endfacet
  facet normal 0.5877852522924751 0.8090169943749459 -4.305680366753447e-19
    outer loop
      vertex 65.94565303179428 15.71572412738697 7.126867535637203
      vertex 65.1 16.33012701892219 8.506839024018397
      vertex 65.1 16.33012701892219 131.19316097598158
    endloop
  endfacet
  facet normal 0.4067366430757951 0.9135454576426032 -1.759684018679106e-19
    outer loop
      vertex 64.96955145370524 16.38820645368942 8.637287570313156
      vertex 64.14508497187472 16.755282581475768 10.364244973567573
      vertex 64.14508497187472 16.755282581475768 129.33575502643242
    endloop
  endfacet
  facet normal 0.2079116908177622 0.978147600733805 0
    outer loop
      vertex 63.31593573628797 16.93152369210342 12.5
      vertex 63.31593573628797 16.93152369210342 127.19999999999999
      vertex 64.14508497187472 16.755282581475768 10.364244973567573
    endloop
  endfacet
  facet normal 0.4067366430758275 0.9135454576425888 2.6480827824323104e-16
    outer loop
      vertex 65.1 16.33012701892219 8.506839024018397
      vertex 64.96955145370524 16.38820645368942 8.637287570313156
      vertex 64.14508497187472 16.755282581475768 129.33575502643242
    endloop
  endfacet
  facet normal 0.9945218953682722 0.10452846326766409 0
    outer loop
      vertex 67.6 12 12.5
      vertex 67.5315236921034 12.651508549807637 127.19999999999999
      vertex 67.6 12 127.19999999999999
    endloop
  endfacet
  facet normal 0.9945218953682753 0.10452846326763503 1.5126021068512303e-18
    outer loop
      vertex 67.49073800366902 13.039558454088796 11.0015126313101
      vertex 67.5315236921034 12.651508549807637 128.50660579084564
      vertex 67.5315236921034 12.651508549807637 127.19999999999999
    endloop
  endfacet
  facet normal 0.9945218953682753 0.10452846326763507 0
    outer loop
      vertex 67.49073800366902 13.039558454088796 11.0015126313101
      vertex 67.49073800366902 13.039558454088796 128.69848736868988
      vertex 67.5315236921034 12.651508549807637 128.50660579084564
    endloop
  endfacet
  facet normal 0.9510565162951542 0.3090169943749453 0
    outer loop
      vertex 67.49073800366902 13.039558454088796 11.0015126313101
      vertex 67.167727288213 14.033683215379002 130.21813330630846
      vertex 67.49073800366902 13.039558454088796 128.69848736868988
    endloop
  endfacet
  facet normal 0.8660254037844369 0.500000000000003 0
    outer loop
      vertex 67.167727288213 14.033683215379002 9.481866693691522
      vertex 66.98820645368941 14.344622421791016 131.06271242968683
      vertex 67.167727288213 14.033683215379002 130.21813330630846
    endloop
  endfacet
  facet normal 0.8660254037844333 0.5000000000000093 0
    outer loop
      vertex 66.64508497187472 14.938926261462367 7.86662410424087
      vertex 66.64508497187472 14.938926261462367 131.8333758957591
      vertex 66.98820645368941 14.344622421791016 131.06271242968683
    endloop
  endfacet
  facet normal 0 1 0
    outer loop
      vertex 63.12264231633826 16.972609476841367 12.5
      vertex 62.599999999999994 16.972609476841367 127.19999999999999
      vertex 63.12264231633826 16.972609476841367 127.19999999999999
    endloop
  endfacet
  facet normal 0.2079116908177494 0.9781476007338077 0
    outer loop
      vertex 63.12264231633826 16.972609476841367 12.5
      vertex 63.12264231633826 16.972609476841367 127.19999999999999
      vertex 63.31593573628797 16.93152369210342 127.19999999999999
    endloop
  endfacet
  facet normal 0.7431448254773941 0.6691306063588585 0
    outer loop
      vertex 66.64508497187472 14.938926261462367 7.86662410424087
      vertex 65.94565303179428 15.71572412738697 132.5731324643628
      vertex 66.64508497187472 14.938926261462367 131.8333758957591
    endloop
  endfacet
  facet normal 0.5877852522924751 0.8090169943749459 0
    outer loop
      vertex 65.94565303179428 15.71572412738697 7.126867535637203
      vertex 65.1 16.33012701892219 131.19316097598158
      vertex 65.94565303179428 15.71572412738697 132.5731324643628
    endloop
  endfacet
  facet normal 0.4067366430758272 0.9135454576425888 0
    outer loop
      vertex 65.1 16.33012701892219 8.506839024018397
      vertex 64.96955145370524 16.38820645368942 131.06271242968683
      vertex 65.1 16.33012701892219 131.19316097598158
    endloop
  endfacet
  facet normal 0.2079116908177603 0.9781476007338055 -2.1860792088887165e-18
    outer loop
      vertex 64.14508497187472 16.755282581475768 10.364244973567573
      vertex 63.31593573628797 16.93152369210342 127.19999999999999
      vertex 63.31593573628797 16.93152369210342 128.50660579084564
    endloop
  endfacet
  facet normal 0.20791169081776217 0.978147600733805 0
    outer loop
      vertex 64.14508497187472 16.755282581475768 10.364244973567573
      vertex 63.31593573628797 16.93152369210342 128.50660579084564
      vertex 64.14508497187472 16.755282581475768 129.33575502643242
    endloop
  endfacet
  facet normal 0.4067366430757952 0.9135454576426031 -4.089113462686906e-17
    outer loop
      vertex 65.1 16.33012701892219 8.506839024018397
      vertex 64.14508497187472 16.755282581475768 129.33575502643242
      vertex 64.96955145370524 16.38820645368942 131.06271242968683
    endloop
  endfacet
  facet normal 0.7431448254773972 0.6691306063588549 6.4851766270097076e-15
    outer loop
      vertex 66.64508497187472 14.938926261462367 131.8333758957591
      vertex 65.94565303179428 15.71572412738697 132.5731324643628
      vertex 66.12099127744219 15.520991277442203 133.0105096064259
    endloop
  endfacet
  facet normal -0.2079116908177593 -0.9781476007338056 0
    outer loop
      vertex 4.284064263712022 0.06847630789658332 11.193394209154334
      vertex 4.284064263712022 0.06847630789658332 12.5
      vertex 3.4549150281252636 0.2447174185242318 129.33575502643242
    endloop
  endfacet
  facet normal -0.40673664307580115 -0.9135454576426005 -1.2649668724409672e-19
    outer loop
      vertex 2.6304485462947618 0.6117935463105812 8.637287570313156
      vertex 3.4549150281252636 0.2447174185242318 10.364244973567573
      vertex 3.4549150281252636 0.2447174185242318 129.33575502643242
    endloop
  endfacet
  facet normal -0.20791169081775934 -0.9781476007338057 0
    outer loop
      vertex 3.4549150281252636 0.2447174185242318 10.364244973567573
      vertex 4.284064263712022 0.06847630789658332 11.193394209154334
      vertex 3.4549150281252636 0.2447174185242318 129.33575502643242
    endloop
  endfacet
  facet normal -0.40673664307579727 -0.9135454576426022 1.1310318831772255e-20
    outer loop
      vertex 2.6304485462947618 0.6117935463105812 8.637287570313156
      vertex 2.5 0.6698729810778072 131.19316097598158
      vertex 2.5 0.6698729810778072 8.506839024018397
    endloop
  endfacet
  facet normal -0.5877852522924725 -0.8090169943749479 0
    outer loop
      vertex 2.5 0.6698729810778072 8.506839024018397
      vertex 2.5 0.6698729810778072 131.19316097598158
      vertex 1.654346968205708 1.284275872613029 7.126867535637203
    endloop
  endfacet
  facet normal -0.7431448254773896 -0.6691306063588635 6.663654349147685e-17
    outer loop
      vertex 1.654346968205708 1.284275872613029 7.126867535637203
      vertex 0.9549150281252636 2.061073738537634 131.8333758957591
      vertex 1.4790087225577935 1.4790087225577953 6.68949039357409
    endloop
  endfacet
  facet normal -0.7431448254773967 -0.6691306063588556 1.6274689430830056e-19
    outer loop
      vertex 1.4790087225577935 1.4790087225577953 6.68949039357409
      vertex 0.9549150281252636 2.061073738537634 131.8333758957591
      vertex 0.9549150281252636 2.061073738537634 7.86662410424087
    endloop
  endfacet
  facet normal -0.207911690817758 -0.9781476007338059 0
    outer loop
      vertex 4.477357683661733 0.02739052315863333 12.5
      vertex 4.477357683661733 0.02739052315863333 127.19999999999999
      vertex 4.284064263712022 0.06847630789658332 12.5
    endloop
  endfacet
  facet normal 0 -1 0
    outer loop
      vertex 4.477357683661733 0.02739052315863333 12.5
      vertex 5 0.02739052315863333 12.5
      vertex 5 0.02739052315863333 127.19999999999999
    endloop
  endfacet
  facet normal -0.8660254037844372 -0.5000000000000027 1.9201588708541768e-18
    outer loop
      vertex 0.9549150281252636 2.061073738537634 7.86662410424087
      vertex 0.4322727117869931 2.9663167846209983 130.21813330630846
      vertex 0.6117935463105795 2.6553775782089835 8.637287570313156
    endloop
  endfacet
  facet normal -0.8660254037844375 -0.500000000000002 -3.6830519973898296e-20
    outer loop
      vertex 0.6117935463105795 2.6553775782089835 8.637287570313156
      vertex 0.4322727117869931 2.9663167846209983 130.21813330630846
      vertex 0.4322727117869931 2.9663167846209983 9.481866693691522
    endloop
  endfacet
  facet normal -0.9510565162951542 -0.3090169943749453 -8.060693375969187e-20
    outer loop
      vertex 0.4322727117869931 2.9663167846209983 9.481866693691522
      vertex 0.10926199633097156 3.9604415459112037 128.69848736868988
      vertex 0.10926199633097156 3.9604415459112037 11.0015126313101
    endloop
  endfacet
  facet normal -0.9945218953682734 -0.10452846326765335 -4.273477139612198e-19
    outer loop
      vertex 0.10926199633097156 3.9604415459112037 11.0015126313101
      vertex 0.06847630789658155 4.348491450192362 12.5
      vertex 0.06847630789658155 4.348491450192362 11.193394209154334
    endloop
  endfacet
  facet normal -0.9945218953682733 -0.10452846326765333 6.504552117031776e-19
    outer loop
      vertex 0.10926199633097156 3.9604415459112037 11.0015126313101
      vertex 0 5 127.19999999999999
      vertex 0.06847630789658155 4.348491450192362 12.5
    endloop
  endfacet
  facet normal -0.9945218953682734 -0.10452846326765325 6.044473306277664e-21
    outer loop
      vertex 0.06847630789658155 4.348491450192362 12.5
      vertex 0 5 119.19999999999999
      vertex 0 5 12.5
    endloop
  endfacet
  facet normal -0.20791169081775934 -0.9781476007338057 0
    outer loop
      vertex 4.284064263712022 0.06847630789658332 12.5
      vertex 4.284064263712022 0.06847630789658332 127.19999999999999
      vertex 3.4549150281252636 0.2447174185242318 129.33575502643242
    endloop
  endfacet
  facet normal -0.40673664307579727 -0.9135454576426023 0
    outer loop
      vertex 2.6304485462947618 0.6117935463105812 8.637287570313156
      vertex 2.6304485462947618 0.6117935463105812 131.06271242968683
      vertex 2.5 0.6698729810778072 131.19316097598158
    endloop
  endfacet
  facet normal -0.40673664307580115 -0.9135454576426005 0
    outer loop
      vertex 2.6304485462947618 0.6117935463105812 8.637287570313156
      vertex 3.4549150281252636 0.2447174185242318 129.33575502643242
      vertex 2.6304485462947618 0.6117935463105812 131.06271242968683
    endloop
  endfacet
  facet normal -0.5877852522924725 -0.809016994374948 0
    outer loop
      vertex 1.654346968205708 1.284275872613029 7.126867535637203
      vertex 2.5 0.6698729810778072 131.19316097598158
      vertex 1.654346968205708 1.284275872613029 132.5731324643628
    endloop
  endfacet
  facet normal -0.7431448254773949 -0.6691306063588575 0
    outer loop
      vertex 1.654346968205708 1.284275872613029 7.126867535637203
      vertex 1.654346968205708 1.284275872613029 132.5731324643628
      vertex 0.9549150281252636 2.061073738537634 131.8333758957591
    endloop
  endfacet
  facet normal 0 -1 0
    outer loop
      vertex 4.477357683661733 0.02739052315863333 12.5
      vertex 5 0.02739052315863333 127.19999999999999
      vertex 4.477357683661733 0.02739052315863333 127.19999999999999
    endloop
  endfacet
  facet normal -0.207911690817758 -0.9781476007338059 0
    outer loop
      vertex 4.284064263712022 0.06847630789658332 12.5
      vertex 4.477357683661733 0.02739052315863333 127.19999999999999
      vertex 4.284064263712022 0.06847630789658332 127.19999999999999
    endloop
  endfacet
  facet normal -0.8660254037844372 -0.5000000000000026 0
    outer loop
      vertex 0.9549150281252636 2.061073738537634 7.86662410424087
      vertex 0.9549150281252636 2.061073738537634 131.8333758957591
      vertex 0.6117935463105795 2.6553775782089835 131.06271242968683
    endloop
  endfacet
  facet normal -0.8660254037844374 -0.500000000000002 -4.254897851765957e-18
    outer loop
      vertex 0.9549150281252636 2.061073738537634 7.86662410424087
      vertex 0.6117935463105795 2.6553775782089835 131.06271242968683
      vertex 0.4322727117869931 2.9663167846209983 130.21813330630846
    endloop
  endfacet
  facet normal -0.9510565162951542 -0.3090169943749453 0
    outer loop
      vertex 0.4322727117869931 2.9663167846209983 9.481866693691522
      vertex 0.4322727117869931 2.9663167846209983 130.21813330630846
      vertex 0.10926199633097156 3.9604415459112037 128.69848736868988
    endloop
  endfacet
  facet normal -0.9945218953682733 -0.10452846326765332 0
    outer loop
      vertex 0.10926199633097156 3.9604415459112037 11.0015126313101
      vertex 0.10926199633097156 3.9604415459112037 128.69848736868988
      vertex 0.06847630789658155 4.348491450192362 128.50660579084564
    endloop
  endfacet
  facet normal -0.20791169081775937 -0.9781476007338057 1.0511436366862994e-17
    outer loop
      vertex 3.4549150281252636 0.2447174185242318 129.33575502643242
      vertex 4.284064263712022 0.06847630789658332 127.19999999999999
      vertex 4.284064263712022 0.06847630789658332 128.50660579084564
    endloop
  endfacet
  facet normal -0.7431448254773978 -0.6691306063588544 6.027235501474089e-15
    outer loop
      vertex 1.654346968205708 1.284275872613029 132.5731324643628
      vertex 1.4790087225578006 1.4790087225577961 133.0105096064259
      vertex 0.9549150281252636 2.061073738537634 131.8333758957591
    endloop
  endfacet
  facet normal -0.9945218953682733 -0.10452846326765312 8.061816272247828e-20
    outer loop
      vertex 0.06847630789658155 4.348491450192362 12.5
      vertex 0 5 127.19999999999999
      vertex 0 5 119.19999999999999
    endloop
  endfacet
  facet normal -0.9945218953682734 -0.1045284632676533 -4.2734771396122184e-19
    outer loop
      vertex 0.10926199633097156 3.9604415459112037 11.0015126313101
      vertex 0.06847630789658155 4.348491450192362 128.50660579084564
      vertex 0.06847630789658155 4.348491450192362 127.19999999999999
    endloop
  endfacet
  facet normal -0.9945218953682733 -0.10452846326765323 -3.266041840959275e-19
    outer loop
      vertex 0.10926199633097156 3.9604415459112037 11.0015126313101
      vertex 0.06847630789658155 4.348491450192362 127.19999999999999
      vertex 0 5 127.19999999999999
    endloop
  endfacet
  facet normal -1 0 0
    outer loop
      vertex 0.027390523158629776 12 12.5
      vertex 0.027390523158629776 12.522642316338267 127.19999999999999
      vertex 0.027390523158629776 12.522642316338267 12.5
    endloop
  endfacet
  facet normal -0.9781476007338048 0.20791169081776295 1.0930513675882445e-20
    outer loop
      vertex 0.027390523158629776 12.522642316338267 12.5
      vertex 0.06847630789658155 12.715935736287982 127.19999999999999
      vertex 0.06847630789658155 12.715935736287982 12.5
    endloop
  endfacet
  facet normal -0.978147600733805 0.20791169081776215 0
    outer loop
      vertex 0.06847630789658155 12.715935736287982 11.193394209154334
      vertex 0.06847630789658155 12.715935736287982 12.5
      vertex 0.2447174185242318 13.545084971874736 10.364244973567565
    endloop
  endfacet
  facet normal -0.6691306063588591 0.7431448254773935 1.570401401799488e-15
    outer loop
      vertex 1.28427587261303 15.345653031794292 7.126867535637203
      vertex 2.061073738537633 16.045084971874736 7.866624104240877
      vertex 1.4790087225577935 15.520991277442203 6.689490393574083
    endloop
  endfacet
  facet normal -0.10452846326765736 0.994521895368273 -2.9706100920400745e-18
    outer loop
      vertex 3.960441545911202 16.89073800366903 11.001512631310106
      vertex 4.348491450192345 16.93152369210342 12.5
      vertex 4.348491450192345 16.93152369210342 11.193394209154334
    endloop
  endfacet
  facet normal -0.978147600733805 0.2079116908177622 0
    outer loop
      vertex 0.06847630789658155 12.715935736287982 12.5
      vertex 0.06847630789658155 12.715935736287982 127.19999999999999
      vertex 0.2447174185242318 13.545084971874736 10.364244973567565
    endloop
  endfacet
  facet normal -0.9135454576426 0.40673664307580243 -6.229967187215516e-20
    outer loop
      vertex 0.2447174185242318 13.545084971874736 10.364244973567565
      vertex 0.6117935463105795 14.369551453705231 131.06271242968683
      vertex 0.6117935463105795 14.369551453705231 8.637287570313156
    endloop
  endfacet
  facet normal -0.9135454576426012 0.40673664307579954 0
    outer loop
      vertex 0.6117935463105795 14.369551453705231 8.637287570313156
      vertex 0.6117935463105795 14.369551453705231 131.06271242968683
      vertex 0.669872981077809 14.5 8.50683902401839
    endloop
  endfacet
  facet normal -0.8090169943749483 0.587785252292472 -1.5313410248470544e-19
    outer loop
      vertex 0.669872981077809 14.5 8.50683902401839
      vertex 1.28427587261303 15.345653031794292 132.5731324643628
      vertex 1.28427587261303 15.345653031794292 7.126867535637203
    endloop
  endfacet
  facet normal -0.6691306063588583 0.7431448254773941 -7.752156726672107e-18
    outer loop
      vertex 1.28427587261303 15.345653031794292 7.126867535637203
      vertex 1.4790087225577935 15.520991277442203 133.0105096064259
      vertex 2.061073738537633 16.045084971874736 7.866624104240877
    endloop
  endfacet
  facet normal -0.5000000000000016 0.8660254037844378 -1.531150823060548e-19
    outer loop
      vertex 2.061073738537633 16.045084971874736 7.866624104240877
      vertex 2.6553775782089843 16.38820645368942 131.06271242968683
      vertex 2.6553775782089843 16.38820645368942 8.637287570313156
    endloop
  endfacet
  facet normal -0.49999999999999345 0.8660254037844424 0
    outer loop
      vertex 2.6553775782089843 16.38820645368942 8.637287570313156
      vertex 2.6553775782089843 16.38820645368942 131.06271242968683
      vertex 2.966316784621 16.567727288213003 9.481866693691515
    endloop
  endfacet
  facet normal -0.30901699437494934 0.951056516295153 0
    outer loop
      vertex 2.966316784621 16.567727288213003 9.481866693691515
      vertex 2.966316784621 16.567727288213003 130.2181333063085
      vertex 3.960441545911202 16.89073800366903 11.001512631310106
    endloop
  endfacet
  facet normal -0.10452846326765736 0.994521895368273 -3.383972405060277e-20
    outer loop
      vertex 3.960441545911202 16.89073800366903 11.001512631310106
      vertex 4.348491450192345 16.93152369210342 127.19999999999999
      vertex 4.348491450192345 16.93152369210342 12.5
    endloop
  endfacet
  facet normal -0.10452846326765056 0.9945218953682736 0
    outer loop
      vertex 4.348491450192345 16.93152369210342 12.5
      vertex 4.348491450192345 16.93152369210342 127.19999999999999
      vertex 5 17 12.5
    endloop
  endfacet
  facet normal -1 0 0
    outer loop
      vertex 0.027390523158629776 12 12.5
      vertex 0.027390523158629776 12 119.19999999999999
      vertex 0.027390523158629776 12.522642316338267 127.19999999999999
    endloop
  endfacet
  facet normal -0.9781476007338048 0.20791169081776295 0
    outer loop
      vertex 0.027390523158629776 12.522642316338267 12.5
      vertex 0.027390523158629776 12.522642316338267 127.19999999999999
      vertex 0.06847630789658155 12.715935736287982 127.19999999999999
    endloop
  endfacet
  facet normal -1 0 0
    outer loop
      vertex 0.027390523158629776 12.522642316338267 127.19999999999999
      vertex 0.027390523158629776 12 119.19999999999999
      vertex 0.027390523158629776 12 127.19999999999999
    endloop
  endfacet
  facet normal -0.9781476007338055 0.20791169081775973 2.1860792088887157e-18
    outer loop
      vertex 0.2447174185242318 13.545084971874736 10.364244973567565
      vertex 0.06847630789658155 12.715935736287982 127.19999999999999
      vertex 0.06847630789658155 12.715935736287982 128.50660579084564
    endloop
  endfacet
  facet normal -0.978147600733805 0.20791169081776217 0
    outer loop
      vertex 0.2447174185242318 13.545084971874736 10.364244973567565
      vertex 0.06847630789658155 12.715935736287982 128.50660579084564
      vertex 0.2447174185242318 13.545084971874736 129.33575502643242
    endloop
  endfacet
  facet normal -0.9135454576425999 0.4067366430758024 0
    outer loop
      vertex 0.2447174185242318 13.545084971874736 10.364244973567565
      vertex 0.2447174185242318 13.545084971874736 129.33575502643242
      vertex 0.6117935463105795 14.369551453705231 131.06271242968683
    endloop
  endfacet
  facet normal -0.9135454576426011 0.4067366430757995 0
    outer loop
      vertex 0.669872981077809 14.5 8.50683902401839
      vertex 0.6117935463105795 14.369551453705231 131.06271242968683
      vertex 0.669872981077809 14.5 131.19316097598158
    endloop
  endfacet
  facet normal -0.8090169943749483 0.587785252292472 0
    outer loop
      vertex 0.669872981077809 14.5 8.50683902401839
      vertex 0.669872981077809 14.5 131.19316097598158
      vertex 1.28427587261303 15.345653031794292 132.5731324643628
    endloop
  endfacet
  facet normal -0.6691306063588611 0.7431448254773916 0
    outer loop
      vertex 1.28427587261303 15.345653031794292 7.126867535637203
      vertex 1.28427587261303 15.345653031794292 132.5731324643628
      vertex 1.4790087225577935 15.520991277442203 133.0105096064259
    endloop
  endfacet
  facet normal -0.6691306063588575 0.743144825477395 0
    outer loop
      vertex 2.061073738537633 16.045084971874736 7.866624104240877
      vertex 1.4790087225577935 15.520991277442203 133.0105096064259
      vertex 2.061073738537633 16.045084971874736 131.8333758957591
    endloop
  endfacet
  facet normal -0.5000000000000016 0.8660254037844377 0
    outer loop
      vertex 2.061073738537633 16.045084971874736 7.866624104240877
      vertex 2.061073738537633 16.045084971874736 131.8333758957591
      vertex 2.6553775782089843 16.38820645368942 131.06271242968683
    endloop
  endfacet
  facet normal -0.4999999999999935 0.8660254037844424 0
    outer loop
      vertex 2.966316784621 16.567727288213003 9.481866693691515
      vertex 2.6553775782089843 16.38820645368942 131.06271242968683
      vertex 2.966316784621 16.567727288213003 130.2181333063085
    endloop
  endfacet
  facet normal -0.30901699437494934 0.9510565162951529 0
    outer loop
      vertex 3.960441545911202 16.89073800366903 11.001512631310106
      vertex 2.966316784621 16.567727288213003 130.2181333063085
      vertex 3.960441545911202 16.89073800366903 128.69848736868988
    endloop
  endfacet
  facet normal -0.10452846326765736 0.9945218953682728 0
    outer loop
      vertex 3.960441545911202 16.89073800366903 11.001512631310106
      vertex 3.960441545911202 16.89073800366903 128.69848736868988
      vertex 4.348491450192345 16.93152369210342 128.50660579084564
    endloop
  endfacet
  facet normal -0.10452846326765663 0.994521895368273 -2.9706100920400895e-18
    outer loop
      vertex 3.960441545911202 16.89073800366903 11.001512631310106
      vertex 4.348491450192345 16.93152369210342 128.50660579084564
      vertex 4.348491450192345 16.93152369210342 127.19999999999999
    endloop
  endfacet
  facet normal -0.10452846326765056 0.9945218953682736 0
    outer loop
      vertex 5 17 12.5
      vertex 4.348491450192345 16.93152369210342 127.19999999999999
      vertex 5 17 127.19999999999999
    endloop
  endfacet
  facet normal 0 0 -1
    outer loop
      vertex 4.348491450192345 16.93152369210342 12.5
      vertex 5 17 12.5
      vertex 62.599999999999994 16.972609476841367 12.5
    endloop
  endfacet
  facet normal 0 0 -1
    outer loop
      vertex 4.348491450192345 16.93152369210342 12.5
      vertex 62.599999999999994 16.972609476841367 12.5
      vertex 63.12264231633826 16.972609476841367 12.5
    endloop
  endfacet
  facet normal 0 0 -1
    outer loop
      vertex 5 17 12.5
      vertex 62.599999999999994 17 12.5
      vertex 62.599999999999994 16.972609476841367 12.5
    endloop
  endfacet
  facet normal 0 0 -1
    outer loop
      vertex 4.348491450192345 16.93152369210342 12.5
      vertex 63.12264231633826 16.972609476841367 12.5
      vertex 63.31593573628797 16.93152369210342 12.5
    endloop
  endfacet
  facet normal 0 0 1
    outer loop
      vertex 4.348491450192345 16.93152369210342 127.19999999999999
      vertex 63.31593573628797 16.93152369210342 127.19999999999999
      vertex 5 17 127.19999999999999
    endloop
  endfacet
  facet normal 0 0 1
    outer loop
      vertex 5 17 127.19999999999999
      vertex 62.599999999999994 16.972609476841367 127.19999999999999
      vertex 62.599999999999994 17 127.19999999999999
    endloop
  endfacet
  facet normal 0 0 1
    outer loop
      vertex 5 17 127.19999999999999
      vertex 63.31593573628797 16.93152369210342 127.19999999999999
      vertex 62.599999999999994 16.972609476841367 127.19999999999999
    endloop
  endfacet
  facet normal 0 0 1
    outer loop
      vertex 62.599999999999994 16.972609476841367 127.19999999999999
      vertex 63.31593573628797 16.93152369210342 127.19999999999999
      vertex 63.12264231633826 16.972609476841367 127.19999999999999
    endloop
  endfacet
  facet normal 0 0 -1
    outer loop
      vertex 4.477357683661733 0.02739052315863333 12.5
      vertex 4.284064263712022 0.06847630789658332 12.5
      vertex 5 0.02739052315863333 12.5
    endloop
  endfacet
  facet normal 0 0 -1
    outer loop
      vertex 4.284064263712022 0.06847630789658332 12.5
      vertex 62.599999999999994 0 12.5
      vertex 5 0.02739052315863333 12.5
    endloop
  endfacet
  facet normal 0 0 -1
    outer loop
      vertex 5 0 12.5
      vertex 5 0.02739052315863333 12.5
      vertex 62.599999999999994 0 12.5
    endloop
  endfacet
  facet normal 0 0 -1
    outer loop
      vertex 4.284064263712022 0.06847630789658332 12.5
      vertex 63.25150854980765 0.06847630789658332 12.5
      vertex 62.599999999999994 0 12.5
    endloop
  endfacet
  facet normal 0 0 1
    outer loop
      vertex 5 0 127.19999999999999
      vertex 62.599999999999994 0 127.19999999999999
      vertex 5 0.02739052315863333 127.19999999999999
    endloop
  endfacet
  facet normal 0 0 1
    outer loop
      vertex 4.477357683661733 0.02739052315863333 127.19999999999999
      vertex 63.25150854980765 0.06847630789658332 127.19999999999999
      vertex 4.284064263712022 0.06847630789658332 127.19999999999999
    endloop
  endfacet
  facet normal 0 0 1
    outer loop
      vertex 4.477357683661733 0.02739052315863333 127.19999999999999
      vertex 5 0.02739052315863333 127.19999999999999
      vertex 63.25150854980765 0.06847630789658332 127.19999999999999
    endloop
  endfacet
  facet normal 0 0 1
    outer loop
      vertex 5 0.02739052315863333 127.19999999999999
      vertex 62.599999999999994 0 127.19999999999999
      vertex 63.25150854980765 0.06847630789658332 127.19999999999999
    endloop
  endfacet
  facet normal 2.666250951921782e-16 0.30901699437494873 -0.9510565162951532
    outer loop
      vertex 7.415791961552497 9.584208038447503 1.0806817794674828
      vertex 59.100000000000016 8.5 0.7284012329618577
      vertex 8.500000000000021 8.5 0.7284012329618434
    endloop
  endfacet
  facet normal 0 0.5000000000000032 -0.8660254037844367
    outer loop
      vertex 7.415791961552497 9.584208038447503 1.0806817794674828
      vertex 5.152684346344085 11.847315653655915 2.3872875703131626
      vertex 60.184208038447494 9.584208038447503 1.0806817794674828
    endloop
  endfacet
  facet normal 0 0.6691306063588573 -0.743144825477395
    outer loop
      vertex 5.152684346344085 11.847315653655915 2.3872875703131626
      vertex 3.210689681532571 13.789310318467429 4.135867420514273
      vertex 62.447315653655906 11.847315653655915 2.3872875703131626
    endloop
  endfacet
  facet normal 0 0.8090169943749476 -0.587785252292473
    outer loop
      vertex 3.210689681532571 13.789310318467429 4.135867420514273
      vertex 1.674682452694519 15.325317547305483 6.25
      vertex 64.38931031846742 13.789310318467429 4.135867420514273
    endloop
  endfacet
  facet normal 5.0271477084101006e-17 0.9135454576426009 -0.40673664307580043
    outer loop
      vertex 1.674682452694519 15.325317547305483 6.25
      vertex 1.4790087225577935 15.520991277442203 6.689490393574083
      vertex 65.1 16.33012701892219 8.506839024018397
    endloop
  endfacet
  facet normal -8.049128619700455e-17 0.9135454576426015 -0.40673664307579876
    outer loop
      vertex 1.4790087225577935 15.520991277442203 6.689490393574083
      vertex 2.061073738537633 16.045084971874736 7.866624104240877
      vertex 64.96955145370524 16.38820645368942 8.637287570313156
    endloop
  endfacet
  facet normal -6.531142579121142e-20 0.9135454576425991 -0.4067366430758041
    outer loop
      vertex 2.061073738537633 16.045084971874736 7.866624104240877
      vertex 2.6553775782089843 16.38820645368942 8.637287570313156
      vertex 64.96955145370524 16.38820645368942 8.637287570313156
    endloop
  endfacet
  facet normal -7.087960471750459e-17 0.9781476007338062 -0.20791169081775632
    outer loop
      vertex 2.6553775782089843 16.38820645368942 8.637287570313156
      vertex 2.966316784621 16.567727288213003 9.481866693691515
      vertex 64.14508497187472 16.755282581475768 10.364244973567573
    endloop
  endfacet
  facet normal -2.214089516801035e-17 0.9781476007338056 -0.20791169081775954
    outer loop
      vertex 2.966316784621 16.567727288213003 9.481866693691515
      vertex 3.960441545911202 16.89073800366903 11.001512631310106
      vertex 64.14508497187472 16.755282581475768 10.364244973567573
    endloop
  endfacet
  facet normal -1.3599997417247078e-16 0.9781476007338034 -0.20791169081776983
    outer loop
      vertex 3.960441545911202 16.89073800366903 11.001512631310106
      vertex 4.348491450192345 16.93152369210342 11.193394209154334
      vertex 64.14508497187472 16.755282581475768 10.364244973567573
    endloop
  endfacet
  facet normal 0 1 0
    outer loop
      vertex 4.348491450192345 16.93152369210342 11.193394209154334
      vertex 4.348491450192345 16.93152369210342 12.5
      vertex 63.31593573628797 16.93152369210342 11.193394209154334
    endloop
  endfacet
  facet normal 0 0.30901699437493724 -0.951056516295157
    outer loop
      vertex 7.415791961552497 9.584208038447503 1.0806817794674828
      vertex 60.184208038447494 9.584208038447503 1.0806817794674828
      vertex 59.100000000000016 8.5 0.7284012329618577
    endloop
  endfacet
  facet normal 0 0.5000000000000033 -0.8660254037844368
    outer loop
      vertex 5.152684346344085 11.847315653655915 2.3872875703131626
      vertex 62.447315653655906 11.847315653655915 2.3872875703131626
      vertex 60.184208038447494 9.584208038447503 1.0806817794674828
    endloop
  endfacet
  facet normal 0 0.6691306063588573 -0.743144825477395
    outer loop
      vertex 3.210689681532571 13.789310318467429 4.135867420514273
      vertex 64.38931031846742 13.789310318467429 4.135867420514273
      vertex 62.447315653655906 11.847315653655915 2.3872875703131626
    endloop
  endfacet
  facet normal 0 0.8090169943749475 -0.587785252292473
    outer loop
      vertex 1.674682452694519 15.325317547305483 6.25
      vertex 65.92531754730547 15.325317547305483 6.25
      vertex 64.38931031846742 13.789310318467429 4.135867420514273
    endloop
  endfacet
  facet normal -1.3083648853457498e-17 0.9135454576426014 -0.406736643075799
    outer loop
      vertex 1.674682452694519 15.325317547305483 6.25
      vertex 65.1 16.33012701892219 8.506839024018397
      vertex 65.94565303179428 15.71572412738697 7.126867535637203
    endloop
  endfacet
  facet normal 0 0.9135454576426019 -0.4067366430757981
    outer loop
      vertex 1.674682452694519 15.325317547305483 6.25
      vertex 66.1209912774422 15.520991277442205 6.68949039357409
      vertex 65.92531754730547 15.325317547305483 6.25
    endloop
  endfacet
  facet normal 2.7310840516627346e-17 0.9135454576426003 -0.40673664307580143
    outer loop
      vertex 1.674682452694519 15.325317547305483 6.25
      vertex 65.94565303179428 15.71572412738697 7.126867535637203
      vertex 66.1209912774422 15.520991277442205 6.68949039357409
    endloop
  endfacet
  facet normal 9.413174735717584e-16 0.9135454576425892 -0.4067366430758267
    outer loop
      vertex 1.4790087225577935 15.520991277442203 6.689490393574083
      vertex 64.96955145370524 16.38820645368942 8.637287570313156
      vertex 65.1 16.33012701892219 8.506839024018397
    endloop
  endfacet
  facet normal 0 0.9781476007338057 -0.20791169081775873
    outer loop
      vertex 2.6553775782089843 16.38820645368942 8.637287570313156
      vertex 64.14508497187472 16.755282581475768 10.364244973567573
      vertex 64.96955145370524 16.38820645368942 8.637287570313156
    endloop
  endfacet
  facet normal 0 0.9781476007338055 -0.2079116908177605
    outer loop
      vertex 4.348491450192345 16.93152369210342 11.193394209154334
      vertex 63.31593573628797 16.93152369210342 11.193394209154334
      vertex 64.14508497187472 16.755282581475768 10.364244973567573
    endloop
  endfacet
  facet normal 0 1 0
    outer loop
      vertex 4.348491450192345 16.93152369210342 12.5
      vertex 63.31593573628797 16.93152369210342 12.5
      vertex 63.31593573628797 16.93152369210342 11.193394209154334
    endloop
  endfacet
  facet normal 4.0473103830775957e-19 0.5000000000000032 0.8660254037844368
    outer loop
      vertex 7.415791961552497 9.584208038447503 138.6193182205325
      vertex 62.447315653655906 11.847315653655915 137.31271242968683
      vertex 5.152684346344085 11.847315653655915 137.31271242968683
    endloop
  endfacet
  facet normal 0 0.30901699437493724 0.951056516295157
    outer loop
      vertex 7.415791961552497 9.584208038447503 138.6193182205325
      vertex 8.499999999999979 8.5 138.97159876703813
      vertex 60.184208038447494 9.584208038447503 138.6193182205325
    endloop
  endfacet
  facet normal 7.038272112621843e-19 0.6691306063588572 0.743144825477395
    outer loop
      vertex 5.152684346344085 11.847315653655915 137.31271242968683
      vertex 64.38931031846742 13.789310318467429 135.56413257948572
      vertex 3.210689681532571 13.789310318467429 135.56413257948572
    endloop
  endfacet
  facet normal 1.2937232609624024e-18 0.8090169943749476 0.587785252292473
    outer loop
      vertex 3.210689681532571 13.789310318467429 135.56413257948572
      vertex 65.92531754730547 15.325317547305483 133.45
      vertex 1.674682452694519 15.325317547305483 133.45
    endloop
  endfacet
  facet normal 0 0.9135454576426031 0.406736643075795
    outer loop
      vertex 1.674682452694519 15.325317547305483 133.45
      vertex 65.92531754730547 15.325317547305483 133.45
      vertex 1.4790087225577935 15.520991277442203 133.0105096064259
    endloop
  endfacet
  facet normal -3.076547749127629e-17 0.9135454576426015 0.4067366430757988
    outer loop
      vertex 1.4790087225577935 15.520991277442203 133.0105096064259
      vertex 65.92531754730547 15.325317547305483 133.45
      vertex 2.061073738537633 16.045084971874736 131.8333758957591
    endloop
  endfacet
  facet normal 5.153702797284035e-17 0.978147600733806 0.20791169081775776
    outer loop
      vertex 2.966316784621 16.567727288213003 130.2181333063085
      vertex 64.96955145370524 16.38820645368942 131.06271242968683
      vertex 3.960441545911202 16.89073800366903 128.69848736868988
    endloop
  endfacet
  facet normal 0 1 0
    outer loop
      vertex 4.348491450192345 16.93152369210342 127.19999999999999
      vertex 4.348491450192345 16.93152369210342 128.50660579084564
      vertex 63.31593573628797 16.93152369210342 127.19999999999999
    endloop
  endfacet
  facet normal 5.865087060997146e-20 0.9781476007338064 0.20791169081775537
    outer loop
      vertex 3.960441545911202 16.89073800366903 128.69848736868988
      vertex 63.31593573628797 16.93152369210342 128.50660579084564
      vertex 4.348491450192345 16.93152369210342 128.50660579084564
    endloop
  endfacet
  facet normal -1.162247683669025e-16 0.9135454576425991 0.4067366430758041
    outer loop
      vertex 2.061073738537633 16.045084971874736 131.8333758957591
      vertex 66.12099127744219 15.520991277442203 133.0105096064259
      vertex 2.6553775782089843 16.38820645368942 131.06271242968683
    endloop
  endfacet
  facet normal -1.0659477855648491e-19 0.9781476007338052 0.20791169081776137
    outer loop
      vertex 2.966316784621 16.567727288213003 130.2181333063085
      vertex 2.6553775782089843 16.38820645368942 131.06271242968683
      vertex 64.96955145370524 16.38820645368942 131.06271242968683
    endloop
  endfacet
  facet normal 0 0.30901699437493724 0.9510565162951569
    outer loop
      vertex 8.499999999999979 8.5 138.97159876703813
      vertex 59.09999999999997 8.5 138.97159876703813
      vertex 60.184208038447494 9.584208038447503 138.6193182205325
    endloop
  endfacet
  facet normal 0 0.5000000000000032 0.8660254037844367
    outer loop
      vertex 7.415791961552497 9.584208038447503 138.6193182205325
      vertex 60.184208038447494 9.584208038447503 138.6193182205325
      vertex 62.447315653655906 11.847315653655915 137.31271242968683
    endloop
  endfacet
  facet normal 0 0.6691306063588573 0.743144825477395
    outer loop
      vertex 5.152684346344085 11.847315653655915 137.31271242968683
      vertex 62.447315653655906 11.847315653655915 137.31271242968683
      vertex 64.38931031846742 13.789310318467429 135.56413257948572
    endloop
  endfacet
  facet normal 0 0.8090169943749476 0.587785252292473
    outer loop
      vertex 3.210689681532571 13.789310318467429 135.56413257948572
      vertex 64.38931031846742 13.789310318467429 135.56413257948572
      vertex 65.92531754730547 15.325317547305483 133.45
    endloop
  endfacet
  facet normal 8.174524587062363e-17 0.9135454576426032 0.406736643075795
    outer loop
      vertex 2.061073738537633 16.045084971874736 131.8333758957591
      vertex 65.92531754730547 15.325317547305483 133.45
      vertex 66.12099127744219 15.520991277442203 133.0105096064259
    endloop
  endfacet
  facet normal -5.479719504030346e-16 0.913545457642594 0.40673664307581586
    outer loop
      vertex 2.6553775782089843 16.38820645368942 131.06271242968683
      vertex 66.12099127744219 15.520991277442203 133.0105096064259
      vertex 65.94565303179428 15.71572412738697 132.5731324643628
    endloop
  endfacet
  facet normal 0 1 0
    outer loop
      vertex 4.348491450192345 16.93152369210342 128.50660579084564
      vertex 63.31593573628797 16.93152369210342 128.50660579084564
      vertex 63.31593573628797 16.93152369210342 127.19999999999999
    endloop
  endfacet
  facet normal -1.0467031650885789e-19 0.9781476007338065 0.20791169081775537
    outer loop
      vertex 3.960441545911202 16.89073800366903 128.69848736868988
      vertex 64.14508497187472 16.755282581475768 129.33575502643242
      vertex 63.31593573628797 16.93152369210342 128.50660579084564
    endloop
  endfacet
  facet normal -5.617204718550901e-17 0.9781476007338054 0.2079116908177604
    outer loop
      vertex 3.960441545911202 16.89073800366903 128.69848736868988
      vertex 64.96955145370524 16.38820645368942 131.06271242968683
      vertex 64.14508497187472 16.755282581475768 129.33575502643242
    endloop
  endfacet
  facet normal 0 0.9135454576425889 0.40673664307582724
    outer loop
      vertex 2.6553775782089843 16.38820645368942 131.06271242968683
      vertex 65.1 16.33012701892219 131.19316097598158
      vertex 64.96955145370524 16.38820645368942 131.06271242968683
    endloop
  endfacet
  facet normal 8.393624960978473e-17 0.9135454576426038 0.4067366430757937
    outer loop
      vertex 2.6553775782089843 16.38820645368942 131.06271242968683
      vertex 65.94565303179428 15.71572412738697 132.5731324643628
      vertex 65.1 16.33012701892219 131.19316097598158
    endloop
  endfacet
  facet normal 0 -0.9781476007338056 -0.20791169081775973
    outer loop
      vertex 2.6304485462947618 0.6117935463105812 8.637287570313156
      vertex 64.94462242179101 0.6117935463105812 8.637287570313156
      vertex 3.4549150281252636 0.2447174185242318 10.364244973567573
    endloop
  endfacet
  facet normal -2.3573456006469153e-16 -0.9135454576425982 -0.40673664307580626
    outer loop
      vertex 2.6304485462947618 0.6117935463105812 8.637287570313156
      vertex 2.5 0.6698729810778072 8.506839024018397
      vertex 66.1209912774422 1.4790087225577961 6.689490393574083
    endloop
  endfacet
  facet normal -7.740993216400803e-20 -0.9781476007338059 -0.20791169081775845
    outer loop
      vertex 3.4549150281252636 0.2447174185242318 10.364244973567573
      vertex 63.25150854980765 0.06847630789658332 11.193394209154334
      vertex 4.284064263712022 0.06847630789658332 11.193394209154334
    endloop
  endfacet
  facet normal 0 -1 0
    outer loop
      vertex 4.284064263712022 0.06847630789658332 11.193394209154334
      vertex 63.25150854980765 0.06847630789658332 12.5
      vertex 4.284064263712022 0.06847630789658332 12.5
    endloop
  endfacet
  facet normal -4.06602135168242e-17 -0.9135454576425996 -0.40673664307580304
    outer loop
      vertex 1.654346968205708 1.284275872613029 7.126867535637203
      vertex 1.4790087225577935 1.4790087225577953 6.68949039357409
      vertex 65.92531754730547 1.6746824526945172 6.25
    endloop
  endfacet
  facet normal -1.2951893148854382e-19 -0.9135454576426019 -0.4067366430757981
    outer loop
      vertex 1.4790087225577935 1.4790087225577953 6.68949039357409
      vertex 1.674682452694519 1.6746824526945172 6.25
      vertex 65.92531754730547 1.6746824526945172 6.25
    endloop
  endfacet
  facet normal 1.6878856194812067e-17 -0.9135454576426013 -0.4067366430757995
    outer loop
      vertex 2.5 0.6698729810778072 8.506839024018397
      vertex 1.654346968205708 1.284275872613029 7.126867535637203
      vertex 65.92531754730547 1.6746824526945172 6.25
    endloop
  endfacet
  facet normal 0 -0.8090169943749475 -0.587785252292473
    outer loop
      vertex 1.674682452694519 1.6746824526945172 6.25
      vertex 3.210689681532571 3.210689681532571 4.135867420514273
      vertex 65.92531754730547 1.6746824526945172 6.25
    endloop
  endfacet
  facet normal 0 -0.6691306063588571 -0.7431448254773951
    outer loop
      vertex 3.210689681532571 3.210689681532571 4.135867420514273
      vertex 5.152684346344085 5.152684346344086 2.3872875703131626
      vertex 64.38931031846742 3.210689681532571 4.135867420514273
    endloop
  endfacet
  facet normal 0 -0.5000000000000033 -0.8660254037844368
    outer loop
      vertex 5.152684346344085 5.152684346344086 2.3872875703131626
      vertex 7.415791961552497 7.415791961552498 1.0806817794674828
      vertex 62.447315653655906 5.152684346344086 2.3872875703131626
    endloop
  endfacet
  facet normal 0 -0.30901699437494873 -0.9510565162951532
    outer loop
      vertex 7.415791961552497 7.415791961552498 1.0806817794674828
      vertex 8.500000000000021 8.5 0.7284012329618434
      vertex 60.184208038447494 7.415791961552498 1.0806817794674828
    endloop
  endfacet
  facet normal 0 -0.9135454576426003 -0.40673664307580143
    outer loop
      vertex 2.6304485462947618 0.6117935463105812 8.637287570313156
      vertex 65.53892626146236 0.9549150281252627 7.866624104240877
      vertex 64.94462242179101 0.6117935463105812 8.637287570313156
    endloop
  endfacet
  facet normal 4.252724818231233e-17 -0.9781476007338051 -0.2079116908177614
    outer loop
      vertex 3.4549150281252636 0.2447174185242318 10.364244973567573
      vertex 63.63955845408879 0.10926199633097156 11.001512631310106
      vertex 63.25150854980765 0.06847630789658332 11.193394209154334
    endloop
  endfacet
  facet normal 0 -1 0
    outer loop
      vertex 4.284064263712022 0.06847630789658332 11.193394209154334
      vertex 63.25150854980765 0.06847630789658332 11.193394209154334
      vertex 63.25150854980765 0.06847630789658332 12.5
    endloop
  endfacet
  facet normal 2.224023049786277e-17 -0.9781476007338056 -0.20791169081775956
    outer loop
      vertex 3.4549150281252636 0.2447174185242318 10.364244973567573
      vertex 64.633683215379 0.43227271178699667 9.481866693691515
      vertex 63.63955845408879 0.10926199633097156 11.001512631310106
    endloop
  endfacet
  facet normal 4.072432284740999e-17 -0.9781476007338059 -0.20791169081775834
    outer loop
      vertex 3.4549150281252636 0.2447174185242318 10.364244973567573
      vertex 64.94462242179101 0.6117935463105812 8.637287570313156
      vertex 64.633683215379 0.43227271178699667 9.481866693691515
    endloop
  endfacet
  facet normal 4.0514858024135756e-17 -0.9135454576426015 -0.40673664307579876
    outer loop
      vertex 2.6304485462947618 0.6117935463105812 8.637287570313156
      vertex 66.1209912774422 1.4790087225577961 6.689490393574083
      vertex 65.53892626146236 0.9549150281252627 7.866624104240877
    endloop
  endfacet
  facet normal -9.053014565828252e-17 -0.9135454576426001 -0.4067366430758019
    outer loop
      vertex 2.5 0.6698729810778072 8.506839024018397
      vertex 65.92531754730547 1.6746824526945172 6.25
      vertex 66.1209912774422 1.4790087225577961 6.689490393574083
    endloop
  endfacet
  facet normal 0 -0.8090169943749476 -0.587785252292473
    outer loop
      vertex 3.210689681532571 3.210689681532571 4.135867420514273
      vertex 64.38931031846742 3.210689681532571 4.135867420514273
      vertex 65.92531754730547 1.6746824526945172 6.25
    endloop
  endfacet
  facet normal 0 -0.6691306063588572 -0.7431448254773952
    outer loop
      vertex 5.152684346344085 5.152684346344086 2.3872875703131626
      vertex 62.447315653655906 5.152684346344086 2.3872875703131626
      vertex 64.38931031846742 3.210689681532571 4.135867420514273
    endloop
  endfacet
  facet normal 0 -0.5000000000000032 -0.8660254037844367
    outer loop
      vertex 7.415791961552497 7.415791961552498 1.0806817794674828
      vertex 60.184208038447494 7.415791961552498 1.0806817794674828
      vertex 62.447315653655906 5.152684346344086 2.3872875703131626
    endloop
  endfacet
  facet normal 2.6710130393313485e-16 -0.3090169943749372 -0.9510565162951569
    outer loop
      vertex 8.500000000000021 8.5 0.7284012329618434
      vertex 59.100000000000016 8.5 0.7284012329618577
      vertex 60.184208038447494 7.415791961552498 1.0806817794674828
    endloop
  endfacet
  facet normal 0 -1 0
    outer loop
      vertex 4.284064263712022 0.06847630789658332 127.19999999999999
      vertex 63.25150854980765 0.06847630789658332 128.50660579084564
      vertex 4.284064263712022 0.06847630789658332 128.50660579084564
    endloop
  endfacet
  facet normal -2.227640603427598e-17 -0.9781476007338069 0.20791169081775332
    outer loop
      vertex 3.4549150281252636 0.2447174185242318 129.33575502643242
      vertex 4.284064263712022 0.06847630789658332 128.50660579084564
      vertex 63.63955845408879 0.10926199633097156 128.69848736868988
    endloop
  endfacet
  facet normal 6.675385731613424e-17 -0.9781476007338051 0.20791169081776137
    outer loop
      vertex 3.4549150281252636 0.2447174185242318 129.33575502643242
      vertex 63.63955845408879 0.10926199633097156 128.69848736868988
      vertex 2.6304485462947618 0.6117935463105812 131.06271242968683
    endloop
  endfacet
  facet normal -3.067479156046786e-17 -0.9135454576426036 0.4067366430757942
    outer loop
      vertex 2.5 0.6698729810778072 131.19316097598158
      vertex 64.94462242179101 0.6117935463105812 131.06271242968683
      vertex 1.654346968205708 1.284275872613029 132.5731324643628
    endloop
  endfacet
  facet normal 0 -0.9135454576425981 0.4067366430758064
    outer loop
      vertex 2.6304485462947618 0.6117935463105812 131.06271242968683
      vertex 64.94462242179101 0.6117935463105812 131.06271242968683
      vertex 2.5 0.6698729810778072 131.19316097598158
    endloop
  endfacet
  facet normal 5.873086707678362e-16 -0.9135454576425939 0.40673664307581575
    outer loop
      vertex 1.654346968205708 1.284275872613029 132.5731324643628
      vertex 64.94462242179101 0.6117935463105812 131.06271242968683
      vertex 1.4790087225578006 1.4790087225577961 133.0105096064259
    endloop
  endfacet
  facet normal -4.913320494695725e-17 -0.9135454576426025 0.4067366430757966
    outer loop
      vertex 1.4790087225578006 1.4790087225577961 133.0105096064259
      vertex 65.53892626146236 0.9549150281252627 131.8333758957591
      vertex 1.674682452694519 1.6746824526945172 133.45
    endloop
  endfacet
  facet normal -1.3586860947192163e-18 -0.8090169943749475 0.587785252292473
    outer loop
      vertex 1.674682452694519 1.6746824526945172 133.45
      vertex 64.38931031846742 3.210689681532571 135.56413257948572
      vertex 3.210689681532571 3.210689681532571 135.56413257948572
    endloop
  endfacet
  facet normal 7.230720748626938e-19 -0.6691306063588571 0.7431448254773951
    outer loop
      vertex 3.210689681532571 3.210689681532571 135.56413257948572
      vertex 62.447315653655906 5.152684346344086 137.31271242968683
      vertex 5.152684346344085 5.152684346344086 137.31271242968683
    endloop
  endfacet
  facet normal -4.394468764170846e-19 -0.5000000000000032 0.8660254037844367
    outer loop
      vertex 5.152684346344085 5.152684346344086 137.31271242968683
      vertex 60.184208038447494 7.415791961552498 138.6193182205325
      vertex 7.415791961552497 7.415791961552498 138.6193182205325
    endloop
  endfacet
  facet normal -1.2639144126526873e-19 -0.30901699437493746 0.9510565162951568
    outer loop
      vertex 7.415791961552497 7.415791961552498 138.6193182205325
      vertex 59.09999999999997 8.5 138.97159876703813
      vertex 8.499999999999979 8.5 138.97159876703813
    endloop
  endfacet
  facet normal 0 -1 0
    outer loop
      vertex 4.284064263712022 0.06847630789658332 127.19999999999999
      vertex 63.25150854980765 0.06847630789658332 127.19999999999999
      vertex 63.25150854980765 0.06847630789658332 128.50660579084564
    endloop
  endfacet
  facet normal 0 -0.9781476007338084 0.20791169081774674
    outer loop
      vertex 4.284064263712022 0.06847630789658332 128.50660579084564
      vertex 63.25150854980765 0.06847630789658332 128.50660579084564
      vertex 63.63955845408879 0.10926199633097156 128.69848736868988
    endloop
  endfacet
  facet normal -7.903545716054887e-17 -0.978147600733806 0.20791169081775776
    outer loop
      vertex 2.6304485462947618 0.6117935463105812 131.06271242968683
      vertex 63.63955845408879 0.10926199633097156 128.69848736868988
      vertex 64.633683215379 0.43227271178699667 130.2181333063085
    endloop
  endfacet
  facet normal 0 -0.9781476007338048 0.20791169081776337
    outer loop
      vertex 2.6304485462947618 0.6117935463105812 131.06271242968683
      vertex 64.633683215379 0.43227271178699667 130.2181333063085
      vertex 64.94462242179101 0.6117935463105812 131.06271242968683
    endloop
  endfacet
  facet normal 5.84043306577123e-17 -0.9135454576426004 0.4067366430758015
    outer loop
      vertex 1.4790087225578006 1.4790087225577961 133.0105096064259
      vertex 64.94462242179101 0.6117935463105812 131.06271242968683
      vertex 65.53892626146236 0.9549150281252627 131.8333758957591
    endloop
  endfacet
  facet normal 1.8015325910455064e-17 -0.9135454576426016 0.4067366430757987
    outer loop
      vertex 1.674682452694519 1.6746824526945172 133.45
      vertex 65.53892626146236 0.9549150281252627 131.8333758957591
      vertex 66.1209912774422 1.4790087225577961 133.0105096064259
    endloop
  endfacet
  facet normal 0 -0.9135454576426025 0.40673664307579654
    outer loop
      vertex 1.674682452694519 1.6746824526945172 133.45
      vertex 66.1209912774422 1.4790087225577961 133.0105096064259
      vertex 65.92531754730547 1.6746824526945172 133.45
    endloop
  endfacet
  facet normal 0 -0.8090169943749475 0.587785252292473
    outer loop
      vertex 1.674682452694519 1.6746824526945172 133.45
      vertex 65.92531754730547 1.6746824526945172 133.45
      vertex 64.38931031846742 3.210689681532571 135.56413257948572
    endloop
  endfacet
  facet normal 0 -0.6691306063588571 0.7431448254773951
    outer loop
      vertex 3.210689681532571 3.210689681532571 135.56413257948572
      vertex 64.38931031846742 3.210689681532571 135.56413257948572
      vertex 62.447315653655906 5.152684346344086 137.31271242968683
    endloop
  endfacet
  facet normal 0 -0.5000000000000033 0.8660254037844368
    outer loop
      vertex 5.152684346344085 5.152684346344086 137.31271242968683
      vertex 62.447315653655906 5.152684346344086 137.31271242968683
      vertex 60.184208038447494 7.415791961552498 138.6193182205325
    endloop
  endfacet
  facet normal 0 -0.3090169943749374 0.9510565162951568
    outer loop
      vertex 7.415791961552497 7.415791961552498 138.6193182205325
      vertex 60.184208038447494 7.415791961552498 138.6193182205325
      vertex 59.09999999999997 8.5 138.97159876703813
    endloop
  endfacet
  facet normal -1 0 0
    outer loop
      vertex 0 5 12.5
      vertex 0 5 119.19999999999999
      vertex 0 12 12.5
    endloop
  endfacet
  facet normal 0 -1 0
    outer loop
      vertex 5 0 12.5
      vertex 62.599999999999994 0 12.5
      vertex 5 0 127.19999999999999
    endloop
  endfacet
  facet normal 0 -1 0
    outer loop
      vertex 5 0 127.19999999999999
      vertex 62.599999999999994 0 12.5
      vertex 28.299999999999997 0 124.69999999999999
    endloop
  endfacet
  facet normal 0 -1 0
    outer loop
      vertex 5 0 127.19999999999999
      vertex 28.299999999999997 0 124.69999999999999
      vertex 28.299999999999997 0 125.19999999999999
    endloop
  endfacet
  facet normal 0 -1 0
    outer loop
      vertex 5 0 127.19999999999999
      vertex 28.299999999999997 0 125.19999999999999
      vertex 28.799999999999997 0 125.19999999999999
    endloop
  endfacet
  facet normal 0 -1 0
    outer loop
      vertex 5 0 127.19999999999999
      vertex 28.799999999999997 0 125.19999999999999
      vertex 31.966666666666665 0 125.19999999999999
    endloop
  endfacet
  facet normal 0 -1 0
    outer loop
      vertex 5 0 127.19999999999999
      vertex 31.966666666666665 0 125.19999999999999
      vertex 32.46666666666666 0 125.19999999999999
    endloop
  endfacet
  facet normal 0 -1 0
    outer loop
      vertex 5 0 127.19999999999999
      vertex 32.46666666666666 0 125.19999999999999
      vertex 35.63333333333333 0 125.19999999999999
    endloop
  endfacet
  facet normal 0 -1 0
    outer loop
      vertex 5 0 127.19999999999999
      vertex 35.63333333333333 0 125.19999999999999
      vertex 36.13333333333333 0 125.19999999999999
    endloop
  endfacet
  facet normal 0 -1 0
    outer loop
      vertex 5 0 127.19999999999999
      vertex 36.13333333333333 0 125.19999999999999
      vertex 39.3 0 125.19999999999999
    endloop
  endfacet
  facet normal 0 -1 0
    outer loop
      vertex 5 0 127.19999999999999
      vertex 39.3 0 125.19999999999999
      vertex 39.8 0 125.19999999999999
    endloop
  endfacet
  facet normal 0 -1 0
    outer loop
      vertex 28.799999999999997 0 124.69999999999999
      vertex 31.966666666666665 0 125.19999999999999
      vertex 28.799999999999997 0 125.19999999999999
    endloop
  endfacet
  facet normal 0 -1 0
    outer loop
      vertex 28.799999999999997 0 124.69999999999999
      vertex 31.966666666666665 0 124.69999999999999
      vertex 31.966666666666665 0 125.19999999999999
    endloop
  endfacet
  facet normal 0 -1 0
    outer loop
      vertex 32.46666666666666 0 124.69999999999999
      vertex 35.63333333333333 0 124.69999999999999
      vertex 32.46666666666666 0 125.19999999999999
    endloop
  endfacet
  facet normal -1 0 0
    outer loop
      vertex 0 12 12.5
      vertex 0 5 119.19999999999999
      vertex 0 12 119.19999999999999
    endloop
  endfacet
  facet normal 0 1 0
    outer loop
      vertex 5 17 12.5
      vertex 5 17 127.19999999999999
      vertex 62.599999999999994 17 127.19999999999999
    endloop
  endfacet
  facet normal 0 -1 0
    outer loop
      vertex 62.599999999999994 0 12.5
      vertex 28.799999999999997 0 124.69999999999999
      vertex 28.299999999999997 0 124.69999999999999
    endloop
  endfacet
  facet normal 0 -1 0
    outer loop
      vertex 62.599999999999994 0 12.5
      vertex 31.966666666666665 0 124.69999999999999
      vertex 28.799999999999997 0 124.69999999999999
    endloop
  endfacet
  facet normal 0 -1 0
    outer loop
      vertex 62.599999999999994 0 12.5
      vertex 32.46666666666666 0 124.69999999999999
      vertex 31.966666666666665 0 124.69999999999999
    endloop
  endfacet
  facet normal 0 -1 0
    outer loop
      vertex 62.599999999999994 0 12.5
      vertex 35.63333333333333 0 124.69999999999999
      vertex 32.46666666666666 0 124.69999999999999
    endloop
  endfacet
  facet normal 0 -1 0
    outer loop
      vertex 62.599999999999994 0 12.5
      vertex 36.13333333333333 0 124.69999999999999
      vertex 35.63333333333333 0 124.69999999999999
    endloop
  endfacet
  facet normal 0 -1 0
    outer loop
      vertex 62.599999999999994 0 12.5
      vertex 39.3 0 124.69999999999999
      vertex 36.13333333333333 0 124.69999999999999
    endloop
  endfacet
  facet normal 0 -1 0
    outer loop
      vertex 62.599999999999994 0 12.5
      vertex 39.8 0 124.69999999999999
      vertex 39.3 0 124.69999999999999
    endloop
  endfacet
  facet normal 0 -1 0
    outer loop
      vertex 32.46666666666666 0 125.19999999999999
      vertex 35.63333333333333 0 124.69999999999999
      vertex 35.63333333333333 0 125.19999999999999
    endloop
  endfacet
  facet normal 0 -1 0
    outer loop
      vertex 5 0 127.19999999999999
      vertex 39.8 0 125.19999999999999
      vertex 62.599999999999994 0 127.19999999999999
    endloop
  endfacet
  facet normal 0 -1 0
    outer loop
      vertex 36.13333333333333 0 124.69999999999999
      vertex 39.3 0 125.19999999999999
      vertex 36.13333333333333 0 125.19999999999999
    endloop
  endfacet
  facet normal 0 -1 0
    outer loop
      vertex 36.13333333333333 0 124.69999999999999
      vertex 39.3 0 124.69999999999999
      vertex 39.3 0 125.19999999999999
    endloop
  endfacet
  facet normal 0 -1 0
    outer loop
      vertex 62.599999999999994 0 127.19999999999999
      vertex 39.8 0 125.19999999999999
      vertex 39.8 0 124.69999999999999
    endloop
  endfacet
  facet normal 0 -1 0
    outer loop
      vertex 62.599999999999994 0 12.5
      vertex 62.599999999999994 0 127.19999999999999
      vertex 39.8 0 124.69999999999999
    endloop
  endfacet
  facet normal 1 0 0
    outer loop
      vertex 67.6 5 12.5
      vertex 67.6 12 127.19999999999999
      vertex 67.6 5 127.19999999999999
    endloop
  endfacet
  facet normal 0 1 0
    outer loop
      vertex 5 17 12.5
      vertex 62.599999999999994 17 127.19999999999999
      vertex 62.599999999999994 17 12.5
    endloop
  endfacet
  facet normal 1 0 0
    outer loop
      vertex 67.6 5 12.5
      vertex 67.6 12 12.5
      vertex 67.6 12 127.19999999999999
    endloop
  endfacet
  facet normal -1 0 0
    outer loop
      vertex 28.299999999999997 -0.1 124.69999999999999
      vertex 28.299999999999997 -0.1 125.19999999999999
      vertex 28.299999999999997 0 124.69999999999999
    endloop
  endfacet
  facet normal 0 -1 0
    outer loop
      vertex 28.299999999999997 -0.1 124.69999999999999
      vertex 28.799999999999997 -0.1 124.69999999999999
      vertex 28.299999999999997 -0.1 125.19999999999999
    endloop
  endfacet
  facet normal 0 0 -1
    outer loop
      vertex 28.299999999999997 -0.1 124.69999999999999
      vertex 28.299999999999997 0 124.69999999999999
      vertex 28.799999999999997 0 124.69999999999999
    endloop
  endfacet
  facet normal -1 0 0
    outer loop
      vertex 28.299999999999997 -0.1 125.19999999999999
      vertex 28.299999999999997 0 125.19999999999999
      vertex 28.299999999999997 0 124.69999999999999
    endloop
  endfacet
  facet normal 0 0 1
    outer loop
      vertex 28.299999999999997 -0.1 125.19999999999999
      vertex 28.799999999999997 -0.1 125.19999999999999
      vertex 28.299999999999997 0 125.19999999999999
    endloop
  endfacet
  facet normal 0 0 -1
    outer loop
      vertex 28.299999999999997 -0.1 124.69999999999999
      vertex 28.799999999999997 0 124.69999999999999
      vertex 28.799999999999997 -0.1 124.69999999999999
    endloop
  endfacet
  facet normal 1 0 0
    outer loop
      vertex 28.799999999999997 -0.1 124.69999999999999
      vertex 28.799999999999997 0 124.69999999999999
      vertex 28.799999999999997 0 125.19999999999999
    endloop
  endfacet
  facet normal 0 -1 0
    outer loop
      vertex 28.299999999999997 -0.1 125.19999999999999
      vertex 28.799999999999997 -0.1 124.69999999999999
      vertex 28.799999999999997 -0.1 125.19999999999999
    endloop
  endfacet
  facet normal 0 0 1
    outer loop
      vertex 28.799999999999997 -0.1 125.19999999999999
      vertex 28.799999999999997 0 125.19999999999999
      vertex 28.299999999999997 0 125.19999999999999
    endloop
  endfacet
  facet normal 1 0 0
    outer loop
      vertex 28.799999999999997 -0.1 124.69999999999999
      vertex 28.799999999999997 0 125.19999999999999
      vertex 28.799999999999997 -0.1 125.19999999999999
    endloop
  endfacet
  facet normal -1 0 0
    outer loop
      vertex 31.966666666666665 -0.1 124.69999999999999
      vertex 31.966666666666665 -0.1 125.19999999999999
      vertex 31.966666666666665 0 124.69999999999999
    endloop
  endfacet
  facet normal 0 -1 0
    outer loop
      vertex 31.966666666666665 -0.1 124.69999999999999
      vertex 32.46666666666666 -0.1 124.69999999999999
      vertex 31.966666666666665 -0.1 125.19999999999999
    endloop
  endfacet
  facet normal 0 0 -1
    outer loop
      vertex 31.966666666666665 -0.1 124.69999999999999
      vertex 31.966666666666665 0 124.69999999999999
      vertex 32.46666666666666 0 124.69999999999999
    endloop
  endfacet
  facet normal -1 0 0
    outer loop
      vertex 31.966666666666665 -0.1 125.19999999999999
      vertex 31.966666666666665 0 125.19999999999999
      vertex 31.966666666666665 0 124.69999999999999
    endloop
  endfacet
  facet normal 0 0 1
    outer loop
      vertex 31.966666666666665 -0.1 125.19999999999999
      vertex 32.46666666666666 -0.1 125.19999999999999
      vertex 31.966666666666665 0 125.19999999999999
    endloop
  endfacet
  facet normal 0 0 -1
    outer loop
      vertex 31.966666666666665 -0.1 124.69999999999999
      vertex 32.46666666666666 0 124.69999999999999
      vertex 32.46666666666666 -0.1 124.69999999999999
    endloop
  endfacet
  facet normal 1 0 0
    outer loop
      vertex 32.46666666666666 -0.1 124.69999999999999
      vertex 32.46666666666666 0 124.69999999999999
      vertex 32.46666666666666 0 125.19999999999999
    endloop
  endfacet
  facet normal 0 -1 0
    outer loop
      vertex 31.966666666666665 -0.1 125.19999999999999
      vertex 32.46666666666666 -0.1 124.69999999999999
      vertex 32.46666666666666 -0.1 125.19999999999999
    endloop
  endfacet
  facet normal 0 0 1
    outer loop
      vertex 32.46666666666666 -0.1 125.19999999999999
      vertex 32.46666666666666 0 125.19999999999999
      vertex 31.966666666666665 0 125.19999999999999
    endloop
  endfacet
  facet normal 1 0 0
    outer loop
      vertex 32.46666666666666 -0.1 124.69999999999999
      vertex 32.46666666666666 0 125.19999999999999
      vertex 32.46666666666666 -0.1 125.19999999999999
    endloop
  endfacet
  facet normal -1 0 0
    outer loop
      vertex 35.63333333333333 -0.1 124.69999999999999
      vertex 35.63333333333333 -0.1 125.19999999999999
      vertex 35.63333333333333 0 124.69999999999999
    endloop
  endfacet
  facet normal 0 -1 0
    outer loop
      vertex 35.63333333333333 -0.1 124.69999999999999
      vertex 36.13333333333333 -0.1 124.69999999999999
      vertex 35.63333333333333 -0.1 125.19999999999999
    endloop
  endfacet
  facet normal 0 0 -1
    outer loop
      vertex 35.63333333333333 -0.1 124.69999999999999
      vertex 35.63333333333333 0 124.69999999999999
      vertex 36.13333333333333 0 124.69999999999999
    endloop
  endfacet
  facet normal -1 0 0
    outer loop
      vertex 35.63333333333333 -0.1 125.19999999999999
      vertex 35.63333333333333 0 125.19999999999999
      vertex 35.63333333333333 0 124.69999999999999
    endloop
  endfacet
  facet normal 0 0 1
    outer loop
      vertex 35.63333333333333 -0.1 125.19999999999999
      vertex 36.13333333333333 -0.1 125.19999999999999
      vertex 35.63333333333333 0 125.19999999999999
    endloop
  endfacet
  facet normal 0 0 -1
    outer loop
      vertex 35.63333333333333 -0.1 124.69999999999999
      vertex 36.13333333333333 0 124.69999999999999
      vertex 36.13333333333333 -0.1 124.69999999999999
    endloop
  endfacet
  facet normal 1 0 0
    outer loop
      vertex 36.13333333333333 -0.1 124.69999999999999
      vertex 36.13333333333333 0 124.69999999999999
      vertex 36.13333333333333 0 125.19999999999999
    endloop
  endfacet
  facet normal 0 -1 0
    outer loop
      vertex 35.63333333333333 -0.1 125.19999999999999
      vertex 36.13333333333333 -0.1 124.69999999999999
      vertex 36.13333333333333 -0.1 125.19999999999999
    endloop
  endfacet
  facet normal 0 0 1
    outer loop
      vertex 36.13333333333333 -0.1 125.19999999999999
      vertex 36.13333333333333 0 125.19999999999999
      vertex 35.63333333333333 0 125.19999999999999
    endloop
  endfacet
  facet normal 1 0 0
    outer loop
      vertex 36.13333333333333 -0.1 124.69999999999999
      vertex 36.13333333333333 0 125.19999999999999
      vertex 36.13333333333333 -0.1 125.19999999999999
    endloop
  endfacet
  facet normal -1 0 0
    outer loop
      vertex 39.3 -0.1 124.69999999999999
      vertex 39.3 -0.1 125.19999999999999
      vertex 39.3 0 124.69999999999999
    endloop
  endfacet
  facet normal 0 -1 0
    outer loop
      vertex 39.3 -0.1 124.69999999999999
      vertex 39.8 -0.1 124.69999999999999
      vertex 39.3 -0.1 125.19999999999999
    endloop
  endfacet
  facet normal 0 0 -1
    outer loop
      vertex 39.3 -0.1 124.69999999999999
      vertex 39.3 0 124.69999999999999
      vertex 39.8 0 124.69999999999999
    endloop
  endfacet
  facet normal -1 0 0
    outer loop
      vertex 39.3 -0.1 125.19999999999999
      vertex 39.3 0 125.19999999999999
      vertex 39.3 0 124.69999999999999
    endloop
  endfacet
  facet normal 0 0 1
    outer loop
      vertex 39.3 -0.1 125.19999999999999
      vertex 39.8 -0.1 125.19999999999999
      vertex 39.3 0 125.19999999999999
    endloop
  endfacet
  facet normal 0 0 -1
    outer loop
      vertex 39.3 -0.1 124.69999999999999
      vertex 39.8 0 124.69999999999999
      vertex 39.8 -0.1 124.69999999999999
    endloop
  endfacet
  facet normal 1 0 0
    outer loop
      vertex 39.8 -0.1 124.69999999999999
      vertex 39.8 0 124.69999999999999
      vertex 39.8 0 125.19999999999999
    endloop
  endfacet
  facet normal 0 -1 0
    outer loop
      vertex 39.8 -0.1 124.69999999999999
      vertex 39.8 -0.1 125.19999999999999
      vertex 39.3 -0.1 125.19999999999999
    endloop
  endfacet
  facet normal 0 0 1
    outer loop
      vertex 39.8 -0.1 125.19999999999999
      vertex 39.8 0 125.19999999999999
      vertex 39.3 0 125.19999999999999
    endloop
  endfacet
  facet normal 1 0 0
    outer loop
      vertex 39.8 -0.1 124.69999999999999
      vertex 39.8 0 125.19999999999999
      vertex 39.8 -0.1 125.19999999999999
    endloop
  endfacet
  facet normal 0 -1 0
    outer loop
      vertex -0.05 5 119.19999999999999
      vertex 0 5 119.19999999999999
      vertex 0 5 127.19999999999999
    endloop
  endfacet
  facet normal 0 -1 0
    outer loop
      vertex -0.05 5 119.19999999999999
      vertex 0 5 127.19999999999999
      vertex -0.05 5 130.2
    endloop
  endfacet
  facet normal 0 -1 0
    outer loop
      vertex -0.05 5 130.2
      vertex 0 5 127.19999999999999
      vertex 0.05 5 127.19999999999999
    endloop
  endfacet
  facet normal 0 -1 0
    outer loop
      vertex -0.05 5 130.2
      vertex 0.05 5 127.19999999999999
      vertex 0.05 5 130.2
    endloop
  endfacet
  facet normal 0 0 -1
    outer loop
      vertex -0.05 5 119.19999999999999
      vertex -0.05 12 119.19999999999999
      vertex 0 5 119.19999999999999
    endloop
  endfacet
  facet normal -1 0 0
    outer loop
      vertex -0.05 5 119.19999999999999
      vertex -0.05 5 130.2
      vertex -0.05 12 119.19999999999999
    endloop
  endfacet
  facet normal 1 0 0
    outer loop
      vertex 0.05 5 130.2
      vertex 0.05 5 127.19999999999999
      vertex 0.05 12 127.19999999999999
    endloop
  endfacet
  facet normal 0 0 1
    outer loop
      vertex -0.05 5 130.2
      vertex 0.05 5 130.2
      vertex 0.05 12 130.2
    endloop
  endfacet
  facet normal 0 0 -1
    outer loop
      vertex -0.05 12 119.19999999999999
      vertex 0 12 119.19999999999999
      vertex 0 5 119.19999999999999
    endloop
  endfacet
  facet normal -1 0 0
    outer loop
      vertex -0.05 5 130.2
      vertex -0.05 12 130.2
      vertex -0.05 12 119.19999999999999
    endloop
  endfacet
  facet normal 1 0 0
    outer loop
      vertex 0.05 5 130.2
      vertex 0.05 12 127.19999999999999
      vertex 0.05 12 130.2
    endloop
  endfacet
  facet normal 0 0 1
    outer loop
      vertex -0.05 5 130.2
      vertex 0.05 12 130.2
      vertex -0.05 12 130.2
    endloop
  endfacet
  facet normal 0 1 0
    outer loop
      vertex -0.05 12 130.2
      vertex 0.027390523158629776 12 119.19999999999999
      vertex 0 12 119.19999999999999
    endloop
  endfacet
  facet normal 0 1 0
    outer loop
      vertex -0.05 12 119.19999999999999
      vertex -0.05 12 130.2
      vertex 0 12 119.19999999999999
    endloop
  endfacet
  facet normal 0 1 0
    outer loop
      vertex -0.05 12 130.2
      vertex 0.027390523158629776 12 127.19999999999999
      vertex 0.027390523158629776 12 119.19999999999999
    endloop
  endfacet
  facet normal 0 1 0
    outer loop
      vertex 0.05 12 130.2
      vertex 0.05 12 127.19999999999999
      vertex 0.027390523158629776 12 127.19999999999999
    endloop
  endfacet
  facet normal 0 1 0
    outer loop
      vertex -0.05 12 130.2
      vertex 0.05 12 130.2
      vertex 0.027390523158629776 12 127.19999999999999
    endloop
  endfacet
endsolid OpenSCAD_Model
