solid OpenSCAD_Model
  facet normal 0 0 -1
    outer loop
      vertex 0.6741215586662292 1.7777190208435059 0
      vertex 0.3044818639755249 2.469266176223755 0
      vertex 3.184314489364624 3.184314489364624 0
    endloop
  endfacet
  facet normal 0 0 -1
    outer loop
      vertex 1.1715729236602783 1.1715729236602783 0
      vertex 0.6741215586662292 1.7777190208435059 0
      vertex 3.4232232570648193 3.000993490219116 0
    endloop
  endfacet
  facet normal 0 0 -1
    outer loop
      vertex 1.7777190208435059 0.6741215586662292 0
      vertex 3.7014384269714355 2.8857529163360596 0
      vertex 2.469266176223755 0.3044818639755249 0
    endloop
  endfacet
  facet normal 1.7503946227043617e-18 5.770279498162638e-18 -1
    outer loop
      vertex 2.469266176223755 0.3044818639755249 0
      vertex 4 2.8464465141296387 1.734723475976807e-17
      vertex 3.2196388244628906 0.07685887813568115 0
    endloop
  endfacet
  facet normal 6.002409418754176e-19 6.09434769761425e-18 -1
    outer loop
      vertex 3.2196388244628906 0.07685887813568115 0
      vertex 4 2.8464465141296387 1.734723475976807e-17
      vertex 4 0 0
    endloop
  endfacet
  facet normal 0 0 -1
    outer loop
      vertex 1.1715729236602783 1.1715729236602783 0
      vertex 3.7014384269714355 2.8857529163360596 0
      vertex 1.7777190208435059 0.6741215586662292 0
    endloop
  endfacet
  facet normal 0 0 -1
    outer loop
      vertex 1.1715729236602783 1.1715729236602783 0
      vertex 3.4232232570648193 3.000993490219116 0
      vertex 3.7014384269714355 2.8857529163360596 0
    endloop
  endfacet
  facet normal 5.466717361910121e-17 -2.6095428567512506e-17 -1
    outer loop
      vertex 2.469266176223755 0.3044818639755249 0
      vertex 3.7014384269714355 2.8857529163360596 0
      vertex 4 2.8464465141296387 1.734723475976807e-17
    endloop
  endfacet
  facet normal 0 0 -1
    outer loop
      vertex 0.3044818639755249 2.469266176223755 0
      vertex 0.07685887813568115 3.2196388244628906 0
      vertex 3.000993490219116 3.4232232570648193 0
    endloop
  endfacet
  facet normal 0 0 -1
    outer loop
      vertex 0.07685887813568115 3.2196388244628906 0
      vertex 0 4 0
      vertex 2.8857529163360596 3.7014384269714355 0
    endloop
  endfacet
  facet normal 6.09434769761425e-18 5.890504080333768e-17 -1
    outer loop
      vertex 0 4 0
      vertex 2.8464465141296387 4 1.734723475976807e-17
      vertex 2.8857529163360596 3.7014384269714355 0
    endloop
  endfacet
  facet normal 0 0 -1
    outer loop
      vertex 0.6741215586662292 1.7777190208435059 0
      vertex 3.184314489364624 3.184314489364624 0
      vertex 3.4232232570648193 3.000993490219116 0
    endloop
  endfacet
  facet normal 0 0 -1
    outer loop
      vertex 0.3044818639755249 2.469266176223755 0
      vertex 3.000993490219116 3.4232232570648193 0
      vertex 3.184314489364624 3.184314489364624 0
    endloop
  endfacet
  facet normal 0 0 -1
    outer loop
      vertex 0.07685887813568115 3.2196388244628906 0
      vertex 2.8857529163360596 3.7014384269714355 0
      vertex 3.000993490219116 3.4232232570648193 0
    endloop
  endfacet
  facet normal 0.5633904184110512 0.43230432857837375 0.7040626420532639
    outer loop
      vertex 3.184314489364624 3.184314489364624 0
      vertex 3.000993490219116 3.4232232570648193 0
      vertex 2.397852897644043 3.075000047683716 0.6964465975761414
    endloop
  endfacet
  facet normal 0.6560818573928576 0.27175818552810205 0.7040625575887497
    outer loop
      vertex 2.8857529163360596 3.7014384269714355 0
      vertex 2.2130372524261475 3.5211846828460693 0.6964465975761414
      vertex 3.000993490219116 3.4232232570648193 0
    endloop
  endfacet
  facet normal 0.7040626779136132 0.09269166998244129 0.7040624971442364
    outer loop
      vertex 2.8857529163360596 3.7014384269714355 0
      vertex 2.8464465141296387 4 1.734723475976807e-17
      vertex 2.1500000953674316 4 0.6964465975761414
    endloop
  endfacet
  facet normal 0.2717581484196598 0.6560817678052131 0.7040626553944644
    outer loop
      vertex 3.4232232570648193 3.000993490219116 0
      vertex 3.075000047683716 2.397852897644043 0.6964465975761414
      vertex 3.7014384269714355 2.8857529163360596 0
    endloop
  endfacet
  facet normal 0.4323044530960412 0.563390580685764 0.7040624357455028
    outer loop
      vertex 3.184314489364624 3.184314489364624 0
      vertex 2.691852569580078 2.691852569580078 0.6964465975761414
      vertex 3.4232232570648193 3.000993490219116 0
    endloop
  endfacet
  facet normal 0.09269166232172048 0.7040626197246992 0.7040625563417143
    outer loop
      vertex 3.7014384269714355 2.8857529163360596 0
      vertex 3.5211846828460693 2.2130372524261475 0.6964465975761414
      vertex 4 2.8464465141296387 1.734723475976807e-17
    endloop
  endfacet
  facet normal 0.27175792014901673 0.6560819475602929 0.7040625759985925
    outer loop
      vertex 3.7014384269714355 2.8857529163360596 0
      vertex 3.075000047683716 2.397852897644043 0.6964465975761414
      vertex 3.5211846828460693 2.2130372524261475 0.6964465975761414
    endloop
  endfacet
  facet normal 0.09269150070851742 0.7040626890562806 0.7040625082869009
    outer loop
      vertex 4 2.8464465141296387 1.734723475976807e-17
      vertex 3.5211846828460693 2.2130372524261475 0.6964465975761414
      vertex 4 2.1500000953674316 0.6964465975761414
    endloop
  endfacet
  facet normal 0.5633901909994751 0.4323048977005736 0.7040624745785501
    outer loop
      vertex 3.184314489364624 3.184314489364624 0
      vertex 2.397852897644043 3.075000047683716 0.6964465975761414
      vertex 2.691852569580078 2.691852569580078 0.6964465975761414
    endloop
  endfacet
  facet normal 0.7040626527730327 0.09269149593174293 0.7040625451990297
    outer loop
      vertex 2.8857529163360596 3.7014384269714355 0
      vertex 2.1500000953674316 4 0.6964465975761414
      vertex 2.2130372524261475 3.5211846828460693 0.6964465975761414
    endloop
  endfacet
  facet normal 0.6560818916985534 0.27175789701033687 0.7040626369846413
    outer loop
      vertex 3.000993490219116 3.4232232570648193 0
      vertex 2.2130372524261475 3.5211846828460693 0.6964465975761414
      vertex 2.397852897644043 3.075000047683716 0.6964465975761414
    endloop
  endfacet
  facet normal 0.4323048200584712 0.5633900898144107 0.704062603220142
    outer loop
      vertex 3.4232232570648193 3.000993490219116 0
      vertex 2.691852569580078 2.691852569580078 0.6964465975761414
      vertex 3.075000047683716 2.397852897644043 0.6964465975761414
    endloop
  endfacet
  facet normal 0 6.09434769761425e-18 -1
    outer loop
      vertex 4 0 0
      vertex 4 2.8464465141296387 1.734723475976807e-17
      vertex 38 2.8464465141296387 1.734723475976807e-17
    endloop
  endfacet
  facet normal 0 0.7071068719620314 0.7071066904110522
    outer loop
      vertex 4 2.8464465141296387 1.734723475976807e-17
      vertex 4 2.1500000953674316 0.6964465975761414
      vertex 38 2.1500000953674316 0.6964465975761414
    endloop
  endfacet
  facet normal 6.09434769761425e-18 0 -1
    outer loop
      vertex 0 4 0
      vertex 2.8464465141296387 38 1.734723475976807e-17
      vertex 2.8464465141296387 4 1.734723475976807e-17
    endloop
  endfacet
  facet normal 0.7071068719620314 0 0.7071066904110522
    outer loop
      vertex 2.8464465141296387 4 1.734723475976807e-17
      vertex 2.8464465141296387 38 1.734723475976807e-17
      vertex 2.1500000953674316 4 0.6964465975761414
    endloop
  endfacet
  facet normal 0 0.7071068719620314 0.7071066904110522
    outer loop
      vertex 4 2.8464465141296387 1.734723475976807e-17
      vertex 38 2.1500000953674316 0.6964465975761414
      vertex 38 2.8464465141296387 1.734723475976807e-17
    endloop
  endfacet
  facet normal 0 6.09434769761425e-18 -1
    outer loop
      vertex 4 0 0
      vertex 38 2.8464465141296387 1.734723475976807e-17
      vertex 46 2.8464465141296387 1.734723475976807e-17
    endloop
  endfacet
  facet normal 0.6087617829907231 0.793353068671166 0
    outer loop
      vertex 3.075000047683716 2.397852897644043 0.6964465975761414
      vertex 2.691852569580078 2.691852569580078 0.6964465975761414
      vertex 2.691852569580078 2.691852569580078 2.4964466094970703
    endloop
  endfacet
  facet normal 0.3826832874591375 0.9238795925332842 0
    outer loop
      vertex 3.075000047683716 2.397852897644043 0.6964465975761414
      vertex 3.075000047683716 2.397852897644043 2.4964466094970703
      vertex 3.5211846828460693 2.2130372524261475 0.6964465975761414
    endloop
  endfacet
  facet normal 0.1305260389023199 0.9914448815584608 0
    outer loop
      vertex 3.5211846828460693 2.2130372524261475 0.6964465975761414
      vertex 3.5211846828460693 2.2130372524261475 2.4964466094970703
      vertex 4 2.1500000953674316 0.6964465975761414
    endloop
  endfacet
  facet normal -0.6343933747644619 -0.7730103790085596 0
    outer loop
      vertex 1.1715729236602783 1.1715729236602783 0
      vertex 1.7777190208435059 0.6741215586662292 0
      vertex 1.7777190208435059 0.6741215586662292 4.646446704864502
    endloop
  endfacet
  facet normal -0.8819212436156848 -0.47139677561409365 0
    outer loop
      vertex 0.6741215586662292 1.7777190208435059 0
      vertex 0.6741215586662292 1.7777190208435059 4.646446704864502
      vertex 0.3044818639755249 2.469266176223755 0
    endloop
  endfacet
  facet normal -0.7730103790085596 -0.6343933747644619 0
    outer loop
      vertex 1.1715729236602783 1.1715729236602783 0
      vertex 1.1715729236602783 1.1715729236602783 4.646446704864502
      vertex 0.6741215586662292 1.7777190208435059 0
    endloop
  endfacet
  facet normal -0.47139677561409365 -0.8819212436156848 0
    outer loop
      vertex 1.7777190208435059 0.6741215586662292 0
      vertex 2.469266176223755 0.3044818639755249 0
      vertex 2.469266176223755 0.3044818639755249 4.646446704864502
    endloop
  endfacet
  facet normal -0.2902845972898281 -0.9569403599892118 0
    outer loop
      vertex 2.469266176223755 0.3044818639755249 0
      vertex 3.2196388244628906 0.07685887813568115 0
      vertex 3.2196388244628906 0.07685887813568115 4.646446704864502
    endloop
  endfacet
  facet normal -0.09801715401023346 -0.9951847253247682 -1.0403297753553593e-15
    outer loop
      vertex 3.2196388244628906 0.07685887813568115 0
      vertex 4 0 0
      vertex 4 -4.85722573273506e-15 4.646446704864502
    endloop
  endfacet
  facet normal 0.793353068671166 0.6087617829907231 0
    outer loop
      vertex 2.397852897644043 3.075000047683716 0.6964465975761414
      vertex 2.397852897644043 3.075000047683716 2.4964466094970703
      vertex 2.691852569580078 2.691852569580078 0.6964465975761414
    endloop
  endfacet
  facet normal 0.9238795925332842 0.3826832874591375 0
    outer loop
      vertex 2.397852897644043 3.075000047683716 0.6964465975761414
      vertex 2.2130372524261475 3.5211846828460693 0.6964465975761414
      vertex 2.2130372524261475 3.5211846828460693 2.4964466094970703
    endloop
  endfacet
  facet normal 0.9914448815584608 0.1305260389023199 0
    outer loop
      vertex 2.2130372524261475 3.5211846828460693 0.6964465975761414
      vertex 2.1500000953674316 4 0.6964465975761414
      vertex 2.1500000953674316 4 2.4964466094970703
    endloop
  endfacet
  facet normal -0.9569403599892118 -0.2902845972898281 0
    outer loop
      vertex 0.3044818639755249 2.469266176223755 0
      vertex 0.3044818639755249 2.469266176223755 4.646446704864502
      vertex 0.07685887813568115 3.2196388244628906 0
    endloop
  endfacet
  facet normal -0.9951847253247682 -0.09801715401023346 0
    outer loop
      vertex 0.07685887813568115 3.2196388244628906 0
      vertex 0.07685887813568115 3.2196388244628906 4.646446704864502
      vertex 0 4 0
    endloop
  endfacet
  facet normal 0 1 0
    outer loop
      vertex 4 2.1500000953674316 0.6964465975761414
      vertex 4 2.1500000953674316 2.4964466094970703
      vertex 38 2.1500000953674316 0.6964465975761414
    endloop
  endfacet
  facet normal 0.6087617829907231 0.793353068671166 0
    outer loop
      vertex 3.075000047683716 2.397852897644043 0.6964465975761414
      vertex 2.691852569580078 2.691852569580078 2.4964466094970703
      vertex 3.075000047683716 2.397852897644043 2.4964466094970703
    endloop
  endfacet
  facet normal 0.3826832874591375 0.9238795925332842 0
    outer loop
      vertex 3.5211846828460693 2.2130372524261475 0.6964465975761414
      vertex 3.075000047683716 2.397852897644043 2.4964466094970703
      vertex 3.5211846828460693 2.2130372524261475 2.4964466094970703
    endloop
  endfacet
  facet normal 0.1305260389023199 0.9914448815584608 0
    outer loop
      vertex 4 2.1500000953674316 0.6964465975761414
      vertex 3.5211846828460693 2.2130372524261475 2.4964466094970703
      vertex 4 2.1500000953674316 2.4964466094970703
    endloop
  endfacet
  facet normal 0.9238795925332842 0.3826832874591375 0
    outer loop
      vertex 2.397852897644043 3.075000047683716 0.6964465975761414
      vertex 2.2130372524261475 3.5211846828460693 2.4964466094970703
      vertex 2.397852897644043 3.075000047683716 2.4964466094970703
    endloop
  endfacet
  facet normal 0.793353068671166 0.6087617829907231 0
    outer loop
      vertex 2.691852569580078 2.691852569580078 0.6964465975761414
      vertex 2.397852897644043 3.075000047683716 2.4964466094970703
      vertex 2.691852569580078 2.691852569580078 2.4964466094970703
    endloop
  endfacet
  facet normal 0.9914448815584608 0.1305260389023199 0
    outer loop
      vertex 2.2130372524261475 3.5211846828460693 0.6964465975761414
      vertex 2.1500000953674316 4 2.4964466094970703
      vertex 2.2130372524261475 3.5211846828460693 2.4964466094970703
    endloop
  endfacet
  facet normal 1 0 0
    outer loop
      vertex 2.1500000953674316 4 0.6964465975761414
      vertex 2.1500000953674316 38 2.4964466094970703
      vertex 2.1500000953674316 4 2.4964466094970703
    endloop
  endfacet
  facet normal 0 1 0
    outer loop
      vertex 4 2.1500000953674316 2.4964466094970703
      vertex 38 2.1500000953674316 2.4964466094970703
      vertex 38 2.1500000953674316 0.6964465975761414
    endloop
  endfacet
  facet normal 6.094347697614399e-18 -1.2419327318260697e-32 -1
    outer loop
      vertex 0 4 0
      vertex 7.132452523332008e-14 39 0
      vertex 0.4957386329770088 39 3.0212035965015082e-18
    endloop
  endfacet
  facet normal 6.0943476976143975e-18 -1.2420305864265374e-32 -1
    outer loop
      vertex 0 4 0
      vertex 0.4957386329770088 39 3.0212035965015082e-18
      vertex 2.8464465141296387 38 1.734723475976807e-17
    endloop
  endfacet
  facet normal 0.7071068719620314 0 0.7071066904110522
    outer loop
      vertex 2.1500000953674316 4 0.6964465975761414
      vertex 2.8464465141296387 38 1.734723475976807e-17
      vertex 2.1500000953674316 38 0.6964465975761414
    endloop
  endfacet
  facet normal 6.094347697614399e-18 -1.1667671860026113e-32 -1
    outer loop
      vertex 2.8464465141296387 38 1.734723475976807e-17
      vertex 0.4957386329770088 39 3.0212035965015082e-18
      vertex 0.9921875 40.092187501490116 6.046735606226338e-18
    endloop
  endfacet
  facet normal 0.7040624495045111 -0.09269178795123535 0.7040627100224177
    outer loop
      vertex 2.8464465141296387 38 1.734723475976807e-17
      vertex 2.8857529163360596 38.298561096191406 0
      vertex 2.2130372524261475 38.478816986083984 0.6964465975761414
    endloop
  endfacet
  facet normal 0.6560830553234176 -0.2717565857728971 0.7040620587750396
    outer loop
      vertex 2.8857529163360596 38.298561096191406 0
      vertex 3.000993490219116 38.576778411865234 0
      vertex 2.397852897644043 38.92499923706055 0.6964465975761414
    endloop
  endfacet
  facet normal 0.5633887133362208 -0.43230647158526686 0.7040626906113223
    outer loop
      vertex 3.000993490219116 38.576778411865234 0
      vertex 3.184314489364624 38.8156852722168 0
      vertex 2.691852569580078 39.30814743041992 0.6964465975761414
    endloop
  endfacet
  facet normal 0.4323079470775221 -0.5633892723962085 0.7040613372728891
    outer loop
      vertex 3.184314489364624 38.8156852722168 0
      vertex 3.4232232570648193 38.99900817871094 0
      vertex 3.075000047683716 39.60214614868164 0.6964465975761414
    endloop
  endfacet
  facet normal 0.27175282708625415 -0.6560824945187375 0.7040640321424602
    outer loop
      vertex 3.4232232570648193 38.99900817871094 0
      vertex 3.7014384269714355 39.1142463684082 0
      vertex 3.5211846828460693 39.786964416503906 0.6964465975761414
    endloop
  endfacet
  facet normal 0.09269229030482302 -0.7040631191317518 0.7040619742583143
    outer loop
      vertex 3.7014384269714355 39.1142463684082 0
      vertex 4 39.1535530090332 1.734723475976807e-17
      vertex 4 39.849998474121094 0.6964465975761414
    endloop
  endfacet
  facet normal 6.094347697614398e-18 -1.1757189912306768e-32 -1
    outer loop
      vertex 2.8464465141296387 38 1.734723475976807e-17
      vertex 0.9921875 40.092187501490116 6.046735606226338e-18
      vertex 0.9921875 41.20000000298023 6.046735606226324e-18
    endloop
  endfacet
  facet normal 6.094347697614396e-18 -1.3939233281019007e-32 -1
    outer loop
      vertex 2.8464465141296387 38 1.734723475976807e-17
      vertex 0.9921875 41.20000000298023 6.046735606226324e-18
      vertex 0.9921875 42.79999999701977 6.046735606226304e-18
    endloop
  endfacet
  facet normal 6.0943476976143975e-18 -1.2437356179390424e-32 -1
    outer loop
      vertex 7.580778111120203e-14 41.20000000298023 0
      vertex 0.9921875 42.79999999701977 6.046735606226304e-18
      vertex 0.9921875 41.20000000298023 6.046735606226324e-18
    endloop
  endfacet
  facet normal 6.0943476976144014e-18 -1.11618715642652e-32 -1
    outer loop
      vertex 2.8464465141296387 38 1.734723475976807e-17
      vertex 0.9921875 42.79999999701977 6.046735606226304e-18
      vertex 0.9921875 43.907812498509884 6.04673560622629e-18
    endloop
  endfacet
  facet normal -4.413335687318213e-16 0 -1
    outer loop
      vertex 2.8464465141296387 38 1.734723475976807e-17
      vertex 2.8464465141296387 46 1.734723475976807e-17
      vertex 2.8857529163360596 38.298561096191406 0
    endloop
  endfacet
  facet normal 0 0 -1
    outer loop
      vertex 2.8857529163360596 38.298561096191406 0
      vertex 2.8857529163360596 45.701438903808594 0
      vertex 3.000993490219116 38.576778411865234 0
    endloop
  endfacet
  facet normal 0 0 -1
    outer loop
      vertex 3.000993490219116 38.576778411865234 0
      vertex 3.000993490219116 45.423221588134766 0
      vertex 3.184314489364624 38.8156852722168 0
    endloop
  endfacet
  facet normal 0 0 -1
    outer loop
      vertex 3.184314489364624 38.8156852722168 0
      vertex 3.184314489364624 45.1843147277832 0
      vertex 3.4232232570648193 38.99900817871094 0
    endloop
  endfacet
  facet normal 0 0 -1
    outer loop
      vertex 3.4232232570648193 38.99900817871094 0
      vertex 3.4232232570648193 45.00099182128906 0
      vertex 3.7014384269714355 39.1142463684082 0
    endloop
  endfacet
  facet normal 5.810270418862108e-17 0 -1
    outer loop
      vertex 3.7014384269714355 39.1142463684082 0
      vertex 3.7014384269714355 44.8857536315918 0
      vertex 4 39.1535530090332 1.734723475976807e-17
    endloop
  endfacet
  facet normal 0.7040627101405716 -0.09269118040547483 0.7040625293711866
    outer loop
      vertex 2.8464465141296387 38 1.734723475976807e-17
      vertex 2.2130372524261475 38.478816986083984 0.6964465975761414
      vertex 2.1500000953674316 38 0.6964465975761414
    endloop
  endfacet
  facet normal 0.6560811282729927 -0.27175903293254794 0.7040629099331985
    outer loop
      vertex 2.8857529163360596 38.298561096191406 0
      vertex 2.397852897644043 38.92499923706055 0.6964465975761414
      vertex 2.2130372524261475 38.478816986083984 0.6964465975761414
    endloop
  endfacet
  facet normal 0.5633910334599824 -0.43230473712185596 0.70406189903935
    outer loop
      vertex 3.000993490219116 38.576778411865234 0
      vertex 2.691852569580078 39.30814743041992 0.6964465975761414
      vertex 2.397852897644043 38.92499923706055 0.6964465975761414
    endloop
  endfacet
  facet normal 0.43230400056900514 -0.563390849359683 0.7040624986106053
    outer loop
      vertex 3.184314489364624 38.8156852722168 0
      vertex 3.075000047683716 39.60214614868164 0.6964465975761414
      vertex 2.691852569580078 39.30814743041992 0.6964465975761414
    endloop
  endfacet
  facet normal 0.2717615723390994 -0.6560814546854039 0.7040616255823524
    outer loop
      vertex 3.4232232570648193 38.99900817871094 0
      vertex 3.5211846828460693 39.786964416503906 0.6964465975761414
      vertex 3.075000047683716 39.60214614868164 0.6964465975761414
    endloop
  endfacet
  facet normal 0.09268689727348564 -0.7040623401327213 0.7040634632479168
    outer loop
      vertex 3.7014384269714355 39.1142463684082 0
      vertex 4 39.849998474121094 0.6964465975761414
      vertex 3.5211846828460693 39.786964416503906 0.6964465975761414
    endloop
  endfacet
  facet normal 0 -0.7071073560981417 0.7071062062744861
    outer loop
      vertex 4 39.1535530090332 1.734723475976807e-17
      vertex 38 39.1535530090332 1.734723475976807e-17
      vertex 4 39.849998474121094 0.6964465975761414
    endloop
  endfacet
  facet normal 0 0 -1
    outer loop
      vertex 4 39.1535530090332 1.734723475976807e-17
      vertex 38 44.8464469909668 1.734723475976807e-17
      vertex 38 39.1535530090332 1.734723475976807e-17
    endloop
  endfacet
  facet normal 0 -0.7071073560981417 0.7071062062744861
    outer loop
      vertex 4 39.849998474121094 0.6964465975761414
      vertex 38 39.1535530090332 1.734723475976807e-17
      vertex 38 39.849998474121094 0.6964465975761414
    endloop
  endfacet
  facet normal 1 0 0
    outer loop
      vertex 2.1500000953674316 4 0.6964465975761414
      vertex 2.1500000953674316 38 0.6964465975761414
      vertex 2.1500000953674316 38 2.4964466094970703
    endloop
  endfacet
  facet normal -1 2.0378435780948596e-15 -1.7569966468938716e-14
    outer loop
      vertex 0 4 0
      vertex -1.2351231148954867e-14 38 4.646446704864502
      vertex 7.132452523332008e-14 39 0
    endloop
  endfacet
  facet normal 0.9914449404334391 -0.13052559170114683 0
    outer loop
      vertex 2.1500000953674316 38 0.6964465975761414
      vertex 2.2130372524261475 38.478816986083984 0.6964465975761414
      vertex 2.2130372524261475 38.478816986083984 2.4964466094970703
    endloop
  endfacet
  facet normal 0.9238788695590462 -0.38268503286945904 0
    outer loop
      vertex 2.2130372524261475 38.478816986083984 0.6964465975761414
      vertex 2.397852897644043 38.92499923706055 0.6964465975761414
      vertex 2.397852897644043 38.92499923706055 2.4964466094970703
    endloop
  endfacet
  facet normal 0.7933536175239607 -0.6087610677118283 0
    outer loop
      vertex 2.397852897644043 38.92499923706055 0.6964465975761414
      vertex 2.691852569580078 39.30814743041992 0.6964465975761414
      vertex 2.691852569580078 39.30814743041992 2.4964466094970703
    endloop
  endfacet
  facet normal -1 2.0378435780948537e-15 -1.8748947846025956e-14
    outer loop
      vertex 7.580778111120203e-14 41.20000000298023 0
      vertex 0 41.20000000298023 4.043308549032543
      vertex 7.90683308240073e-14 42.79999999701977 0
    endloop
  endfacet
  facet normal 0.6087605400957938 -0.7933540223773227 0
    outer loop
      vertex 2.691852569580078 39.30814743041992 0.6964465975761414
      vertex 3.075000047683716 39.60214614868164 0.6964465975761414
      vertex 3.075000047683716 39.60214614868164 2.4964466094970703
    endloop
  endfacet
  facet normal 0.38268792260001505 -0.9238776725822987 0
    outer loop
      vertex 3.075000047683716 39.60214614868164 0.6964465975761414
      vertex 3.5211846828460693 39.786964416503906 0.6964465975761414
      vertex 3.5211846828460693 39.786964416503906 2.4964466094970703
    endloop
  endfacet
  facet normal 0.13051973046657964 -0.9914457120583715 0
    outer loop
      vertex 3.5211846828460693 39.786964416503906 0.6964465975761414
      vertex 4 39.849998474121094 0.6964465975761414
      vertex 4 39.849998474121094 2.4964466094970703
    endloop
  endfacet
  facet normal 0.9914449404334391 -0.13052559170114683 0
    outer loop
      vertex 2.1500000953674316 38 0.6964465975761414
      vertex 2.2130372524261475 38.478816986083984 2.4964466094970703
      vertex 2.1500000953674316 38 2.4964466094970703
    endloop
  endfacet
  facet normal 0.9238788695590462 -0.38268503286945904 0
    outer loop
      vertex 2.2130372524261475 38.478816986083984 0.6964465975761414
      vertex 2.397852897644043 38.92499923706055 2.4964466094970703
      vertex 2.2130372524261475 38.478816986083984 2.4964466094970703
    endloop
  endfacet
  facet normal 0.7933536175239607 -0.6087610677118283 0
    outer loop
      vertex 2.397852897644043 38.92499923706055 0.6964465975761414
      vertex 2.691852569580078 39.30814743041992 2.4964466094970703
      vertex 2.397852897644043 38.92499923706055 2.4964466094970703
    endloop
  endfacet
  facet normal 0.6087605400957938 -0.7933540223773227 0
    outer loop
      vertex 2.691852569580078 39.30814743041992 0.6964465975761414
      vertex 3.075000047683716 39.60214614868164 2.4964466094970703
      vertex 2.691852569580078 39.30814743041992 2.4964466094970703
    endloop
  endfacet
  facet normal 0.38268792260001505 -0.9238776725822987 0
    outer loop
      vertex 3.075000047683716 39.60214614868164 0.6964465975761414
      vertex 3.5211846828460693 39.786964416503906 2.4964466094970703
      vertex 3.075000047683716 39.60214614868164 2.4964466094970703
    endloop
  endfacet
  facet normal 0.13051973046657964 -0.9914457120583715 0
    outer loop
      vertex 3.5211846828460693 39.786964416503906 0.6964465975761414
      vertex 4 39.849998474121094 2.4964466094970703
      vertex 3.5211846828460693 39.786964416503906 2.4964466094970703
    endloop
  endfacet
  facet normal 0 -1 0
    outer loop
      vertex 4 39.849998474121094 0.6964465975761414
      vertex 38 39.849998474121094 2.4964466094970703
      vertex 4 39.849998474121094 2.4964466094970703
    endloop
  endfacet
  facet normal 0 -1 0
    outer loop
      vertex 4 39.849998474121094 0.6964465975761414
      vertex 38 39.849998474121094 0.6964465975761414
      vertex 38 39.849998474121094 2.4964466094970703
    endloop
  endfacet
  facet normal -0.09269181675001092 0.7040626682524382 0.7040624874830639
    outer loop
      vertex 38 2.8464465141296387 1.734723475976807e-17
      vertex 38 2.1500000953674316 0.6964465975761414
      vertex 38.298561096191406 2.8857529163360596 0
    endloop
  endfacet
  facet normal -0.2717561879590225 0.656082094909003 0.7040631072892505
    outer loop
      vertex 38.298561096191406 2.8857529163360596 0
      vertex 38.478816986083984 2.2130372524261475 0.6964465975761414
      vertex 38.576778411865234 3.000993490219116 0
    endloop
  endfacet
  facet normal -0.4323070601272051 0.563389480333495 0.7040617154864534
    outer loop
      vertex 38.576778411865234 3.000993490219116 0
      vertex 38.92499923706055 2.397852897644043 0.6964465975761414
      vertex 38.8156852722168 3.184314489364624 0
    endloop
  endfacet
  facet normal -0.5633881471275469 0.43230708362021325 0.7040627678893235
    outer loop
      vertex 38.8156852722168 3.184314489364624 0
      vertex 39.30814743041992 2.691852569580078 0.6964465975761414
      vertex 38.99900817871094 3.4232232570648193 0
    endloop
  endfacet
  facet normal -0.6560852100221538 0.2717539518620812 0.7040610675484963
    outer loop
      vertex 38.99900817871094 3.4232232570648193 0
      vertex 39.60214614868164 3.075000047683716 0.6964465975761414
      vertex 39.1142463684082 3.7014384269714355 0
    endloop
  endfacet
  facet normal -0.7040613161257426 0.09269205293298537 0.7040638085133731
    outer loop
      vertex 39.1142463684082 3.7014384269714355 0
      vertex 39.786964416503906 3.5211846828460693 0.6964465975761414
      vertex 39.1535530090332 4 1.734723475976807e-17
    endloop
  endfacet
  facet normal -0.09269116244843334 0.7040625737426615 0.7040626681331839
    outer loop
      vertex 38.298561096191406 2.8857529163360596 0
      vertex 38 2.1500000953674316 0.6964465975761414
      vertex 38.478816986083984 2.2130372524261475 0.6964465975761414
    endloop
  endfacet
  facet normal -0.27175928099181673 0.6560817271381093 0.7040622561324291
    outer loop
      vertex 38.576778411865234 3.000993490219116 0
      vertex 38.478816986083984 2.2130372524261475 0.6964465975761414
      vertex 38.92499923706055 2.397852897644043 0.6964465975761414
    endloop
  endfacet
  facet normal -0.43230437014528345 0.563390555206351 0.7040625070670711
    outer loop
      vertex 38.8156852722168 3.184314489364624 0
      vertex 38.92499923706055 2.397852897644043 0.6964465975761414
      vertex 39.30814743041992 2.691852569580078 0.6964465975761414
    endloop
  endfacet
  facet normal -0.5633915510188127 0.43230453896974264 0.704061606556397
    outer loop
      vertex 38.99900817871094 3.4232232570648193 0
      vertex 39.30814743041992 2.691852569580078 0.6964465975761414
      vertex 39.60214614868164 3.075000047683716 0.6964465975761414
    endloop
  endfacet
  facet normal 0 -4.413335687318213e-16 -1
    outer loop
      vertex 38 2.8464465141296387 1.734723475976807e-17
      vertex 38.298561096191406 2.8857529163360596 0
      vertex 45.701438903808594 2.8857529163360596 0
    endloop
  endfacet
  facet normal 0 0 -1
    outer loop
      vertex 38.298561096191406 2.8857529163360596 0
      vertex 38.576778411865234 3.000993490219116 0
      vertex 45.423221588134766 3.000993490219116 0
    endloop
  endfacet
  facet normal 0 0 -1
    outer loop
      vertex 38.576778411865234 3.000993490219116 0
      vertex 38.8156852722168 3.184314489364624 0
      vertex 45.1843147277832 3.184314489364624 0
    endloop
  endfacet
  facet normal 0 0 -1
    outer loop
      vertex 38.8156852722168 3.184314489364624 0
      vertex 38.99900817871094 3.4232232570648193 0
      vertex 45.00099182128906 3.4232232570648193 0
    endloop
  endfacet
  facet normal 0 0 -1
    outer loop
      vertex 38.99900817871094 3.4232232570648193 0
      vertex 39.1142463684082 3.7014384269714355 0
      vertex 44.8857536315918 3.7014384269714355 0
    endloop
  endfacet
  facet normal 0 5.810270418862108e-17 -1
    outer loop
      vertex 39.1142463684082 3.7014384269714355 0
      vertex 39.1535530090332 4 1.734723475976807e-17
      vertex 44.8464469909668 4 1.734723475976807e-17
    endloop
  endfacet
  facet normal 0 0 -1
    outer loop
      vertex 38.298561096191406 2.8857529163360596 0
      vertex 45.423221588134766 3.000993490219116 0
      vertex 45.701438903808594 2.8857529163360596 0
    endloop
  endfacet
  facet normal 0 -4.413335687318213e-16 -1
    outer loop
      vertex 38 2.8464465141296387 1.734723475976807e-17
      vertex 45.701438903808594 2.8857529163360596 0
      vertex 46 2.8464465141296387 1.734723475976807e-17
    endloop
  endfacet
  facet normal 0 0 -1
    outer loop
      vertex 38.576778411865234 3.000993490219116 0
      vertex 45.1843147277832 3.184314489364624 0
      vertex 45.423221588134766 3.000993490219116 0
    endloop
  endfacet
  facet normal 0 0 -1
    outer loop
      vertex 38.8156852722168 3.184314489364624 0
      vertex 45.00099182128906 3.4232232570648193 0
      vertex 45.1843147277832 3.184314489364624 0
    endloop
  endfacet
  facet normal 0 0 -1
    outer loop
      vertex 38.99900817871094 3.4232232570648193 0
      vertex 44.8857536315918 3.7014384269714355 0
      vertex 45.00099182128906 3.4232232570648193 0
    endloop
  endfacet
  facet normal 0 5.810270418862108e-17 -1
    outer loop
      vertex 39.1142463684082 3.7014384269714355 0
      vertex 44.8464469909668 4 1.734723475976807e-17
      vertex 44.8857536315918 3.7014384269714355 0
    endloop
  endfacet
  facet normal 0 6.09434769761425e-18 -1
    outer loop
      vertex 4 0 0
      vertex 46 2.8464465141296387 1.734723475976807e-17
      vertex 80 2.8464465141296387 1.734723475976807e-17
    endloop
  endfacet
  facet normal 0.5633892723962085 0.4323079470775221 0.7040613372728891
    outer loop
      vertex 45.1843147277832 3.184314489364624 0
      vertex 45.00099182128906 3.4232232570648193 0
      vertex 44.39785385131836 3.075000047683716 0.6964465975761414
    endloop
  endfacet
  facet normal 0.43230647158526686 0.5633887133362208 0.7040626906113223
    outer loop
      vertex 45.1843147277832 3.184314489364624 0
      vertex 44.69185256958008 2.691852569580078 0.6964465975761414
      vertex 45.423221588134766 3.000993490219116 0
    endloop
  endfacet
  facet normal 0.6560824945187375 0.27175282708625415 0.7040640321424602
    outer loop
      vertex 45.00099182128906 3.4232232570648193 0
      vertex 44.8857536315918 3.7014384269714355 0
      vertex 44.213035583496094 3.5211846828460693 0.6964465975761414
    endloop
  endfacet
  facet normal 0.7040631191317518 0.09269229030482302 0.7040619742583143
    outer loop
      vertex 44.8857536315918 3.7014384269714355 0
      vertex 44.8464469909668 4 1.734723475976807e-17
      vertex 44.150001525878906 4 0.6964465975761414
    endloop
  endfacet
  facet normal 0.2717565857728971 0.6560830553234176 0.7040620587750396
    outer loop
      vertex 45.701438903808594 2.8857529163360596 0
      vertex 45.423221588134766 3.000993490219116 0
      vertex 45.07500076293945 2.397852897644043 0.6964465975761414
    endloop
  endfacet
  facet normal 0.09269178795123535 0.7040624495045111 0.7040627100224177
    outer loop
      vertex 45.701438903808594 2.8857529163360596 0
      vertex 45.521183013916016 2.2130372524261475 0.6964465975761414
      vertex 46 2.8464465141296387 1.734723475976807e-17
    endloop
  endfacet
  facet normal -0.6560797614698306 0.27176087097660356 0.7040634741241218
    outer loop
      vertex 39.1142463684082 3.7014384269714355 0
      vertex 39.60214614868164 3.075000047683716 0.6964465975761414
      vertex 39.786964416503906 3.5211846828460693 0.6964465975761414
    endloop
  endfacet
  facet normal -0.7040634643853044 0.0926870452766918 0.7040623195113055
    outer loop
      vertex 39.1535530090332 4 1.734723475976807e-17
      vertex 39.786964416503906 3.5211846828460693 0.6964465975761414
      vertex 39.849998474121094 4 0.6964465975761414
    endloop
  endfacet
  facet normal 0.27175903293254794 0.6560811282729927 0.7040629099331985
    outer loop
      vertex 45.701438903808594 2.8857529163360596 0
      vertex 45.07500076293945 2.397852897644043 0.6964465975761414
      vertex 45.521183013916016 2.2130372524261475 0.6964465975761414
    endloop
  endfacet
  facet normal 0.09269118040547483 0.7040627101405716 0.7040625293711866
    outer loop
      vertex 46 2.8464465141296387 1.734723475976807e-17
      vertex 45.521183013916016 2.2130372524261475 0.6964465975761414
      vertex 46 2.1500000953674316 0.6964465975761414
    endloop
  endfacet
  facet normal 0.563390849359683 0.43230400056900514 0.7040624986106053
    outer loop
      vertex 45.1843147277832 3.184314489364624 0
      vertex 44.39785385131836 3.075000047683716 0.6964465975761414
      vertex 44.69185256958008 2.691852569580078 0.6964465975761414
    endloop
  endfacet
  facet normal 0.43230473712185596 0.5633910334599824 0.70406189903935
    outer loop
      vertex 45.423221588134766 3.000993490219116 0
      vertex 44.69185256958008 2.691852569580078 0.6964465975761414
      vertex 45.07500076293945 2.397852897644043 0.6964465975761414
    endloop
  endfacet
  facet normal 0.6560814546854039 0.2717615723390994 0.7040616255823524
    outer loop
      vertex 45.00099182128906 3.4232232570648193 0
      vertex 44.213035583496094 3.5211846828460693 0.6964465975761414
      vertex 44.39785385131836 3.075000047683716 0.6964465975761414
    endloop
  endfacet
  facet normal 0.7040623401327213 0.09268689727348564 0.7040634632479168
    outer loop
      vertex 44.8857536315918 3.7014384269714355 0
      vertex 44.150001525878906 4 0.6964465975761414
      vertex 44.213035583496094 3.5211846828460693 0.6964465975761414
    endloop
  endfacet
  facet normal 0 0 -1
    outer loop
      vertex 39.1535530090332 4 1.734723475976807e-17
      vertex 44.8464469909668 38 1.734723475976807e-17
      vertex 44.8464469909668 4 1.734723475976807e-17
    endloop
  endfacet
  facet normal 0.7071073560981417 0 0.7071062062744861
    outer loop
      vertex 44.8464469909668 4 1.734723475976807e-17
      vertex 44.8464469909668 38 1.734723475976807e-17
      vertex 44.150001525878906 4 0.6964465975761414
    endloop
  endfacet
  facet normal -0.7071073560981417 0 0.7071062062744861
    outer loop
      vertex 39.1535530090332 4 1.734723475976807e-17
      vertex 39.849998474121094 4 0.6964465975761414
      vertex 39.849998474121094 38 0.6964465975761414
    endloop
  endfacet
  facet normal 0 0.7071068719620314 0.7071066904110522
    outer loop
      vertex 46 2.8464465141296387 1.734723475976807e-17
      vertex 46 2.1500000953674316 0.6964465975761414
      vertex 80 2.1500000953674316 0.6964465975761414
    endloop
  endfacet
  facet normal -0.13052559170114683 0.9914449404334391 0
    outer loop
      vertex 38 2.1500000953674316 0.6964465975761414
      vertex 38 2.1500000953674316 2.4964466094970703
      vertex 38.478816986083984 2.2130372524261475 0.6964465975761414
    endloop
  endfacet
  facet normal -0.38268503286945904 0.9238788695590462 0
    outer loop
      vertex 38.478816986083984 2.2130372524261475 0.6964465975761414
      vertex 38.478816986083984 2.2130372524261475 2.4964466094970703
      vertex 38.92499923706055 2.397852897644043 0.6964465975761414
    endloop
  endfacet
  facet normal -0.6087610677118283 0.7933536175239607 0
    outer loop
      vertex 38.92499923706055 2.397852897644043 0.6964465975761414
      vertex 38.92499923706055 2.397852897644043 2.4964466094970703
      vertex 39.30814743041992 2.691852569580078 0.6964465975761414
    endloop
  endfacet
  facet normal -0.7933540223773227 0.6087605400957938 0
    outer loop
      vertex 39.30814743041992 2.691852569580078 0.6964465975761414
      vertex 39.30814743041992 2.691852569580078 2.4964466094970703
      vertex 39.60214614868164 3.075000047683716 0.6964465975761414
    endloop
  endfacet
  facet normal -0.9238776725822987 0.38268792260001505 0
    outer loop
      vertex 39.60214614868164 3.075000047683716 0.6964465975761414
      vertex 39.60214614868164 3.075000047683716 2.4964466094970703
      vertex 39.786964416503906 3.5211846828460693 0.6964465975761414
    endloop
  endfacet
  facet normal -0.9914457120583715 0.13051973046657964 0
    outer loop
      vertex 39.786964416503906 3.5211846828460693 0.6964465975761414
      vertex 39.786964416503906 3.5211846828460693 2.4964466094970703
      vertex 39.849998474121094 4 0.6964465975761414
    endloop
  endfacet
  facet normal 0.6087610677118283 0.7933536175239607 0
    outer loop
      vertex 45.07500076293945 2.397852897644043 0.6964465975761414
      vertex 44.69185256958008 2.691852569580078 0.6964465975761414
      vertex 44.69185256958008 2.691852569580078 2.4964466094970703
    endloop
  endfacet
  facet normal 0.38268503286945904 0.9238788695590462 0
    outer loop
      vertex 45.07500076293945 2.397852897644043 0.6964465975761414
      vertex 45.07500076293945 2.397852897644043 2.4964466094970703
      vertex 45.521183013916016 2.2130372524261475 0.6964465975761414
    endloop
  endfacet
  facet normal 0.13052559170114683 0.9914449404334391 0
    outer loop
      vertex 45.521183013916016 2.2130372524261475 0.6964465975761414
      vertex 45.521183013916016 2.2130372524261475 2.4964466094970703
      vertex 46 2.1500000953674316 0.6964465975761414
    endloop
  endfacet
  facet normal 0.9238776725822987 0.38268792260001505 0
    outer loop
      vertex 44.213035583496094 3.5211846828460693 0.6964465975761414
      vertex 44.213035583496094 3.5211846828460693 2.4964466094970703
      vertex 44.39785385131836 3.075000047683716 0.6964465975761414
    endloop
  endfacet
  facet normal 0.9914457120583715 0.13051973046657964 0
    outer loop
      vertex 44.213035583496094 3.5211846828460693 0.6964465975761414
      vertex 44.150001525878906 4 0.6964465975761414
      vertex 44.150001525878906 4 2.4964466094970703
    endloop
  endfacet
  facet normal 0.7933540223773227 0.6087605400957938 0
    outer loop
      vertex 44.69185256958008 2.691852569580078 0.6964465975761414
      vertex 44.39785385131836 3.075000047683716 0.6964465975761414
      vertex 44.39785385131836 3.075000047683716 2.4964466094970703
    endloop
  endfacet
  facet normal -0.13052559170114683 0.9914449404334391 0
    outer loop
      vertex 38.478816986083984 2.2130372524261475 0.6964465975761414
      vertex 38 2.1500000953674316 2.4964466094970703
      vertex 38.478816986083984 2.2130372524261475 2.4964466094970703
    endloop
  endfacet
  facet normal -0.38268503286945904 0.9238788695590462 0
    outer loop
      vertex 38.92499923706055 2.397852897644043 0.6964465975761414
      vertex 38.478816986083984 2.2130372524261475 2.4964466094970703
      vertex 38.92499923706055 2.397852897644043 2.4964466094970703
    endloop
  endfacet
  facet normal -0.6087610677118283 0.7933536175239607 0
    outer loop
      vertex 39.30814743041992 2.691852569580078 0.6964465975761414
      vertex 38.92499923706055 2.397852897644043 2.4964466094970703
      vertex 39.30814743041992 2.691852569580078 2.4964466094970703
    endloop
  endfacet
  facet normal -0.7933540223773227 0.6087605400957938 0
    outer loop
      vertex 39.60214614868164 3.075000047683716 0.6964465975761414
      vertex 39.30814743041992 2.691852569580078 2.4964466094970703
      vertex 39.60214614868164 3.075000047683716 2.4964466094970703
    endloop
  endfacet
  facet normal -0.9238776725822987 0.38268792260001505 0
    outer loop
      vertex 39.786964416503906 3.5211846828460693 0.6964465975761414
      vertex 39.60214614868164 3.075000047683716 2.4964466094970703
      vertex 39.786964416503906 3.5211846828460693 2.4964466094970703
    endloop
  endfacet
  facet normal -0.9914457120583715 0.13051973046657964 0
    outer loop
      vertex 39.849998474121094 4 0.6964465975761414
      vertex 39.786964416503906 3.5211846828460693 2.4964466094970703
      vertex 39.849998474121094 4 2.4964466094970703
    endloop
  endfacet
  facet normal 0.6087610677118283 0.7933536175239607 0
    outer loop
      vertex 45.07500076293945 2.397852897644043 0.6964465975761414
      vertex 44.69185256958008 2.691852569580078 2.4964466094970703
      vertex 45.07500076293945 2.397852897644043 2.4964466094970703
    endloop
  endfacet
  facet normal 0.38268503286945904 0.9238788695590462 0
    outer loop
      vertex 45.521183013916016 2.2130372524261475 0.6964465975761414
      vertex 45.07500076293945 2.397852897644043 2.4964466094970703
      vertex 45.521183013916016 2.2130372524261475 2.4964466094970703
    endloop
  endfacet
  facet normal 0.13052559170114683 0.9914449404334391 0
    outer loop
      vertex 46 2.1500000953674316 0.6964465975761414
      vertex 45.521183013916016 2.2130372524261475 2.4964466094970703
      vertex 46 2.1500000953674316 2.4964466094970703
    endloop
  endfacet
  facet normal 0.9914457120583715 0.13051973046657964 0
    outer loop
      vertex 44.213035583496094 3.5211846828460693 0.6964465975761414
      vertex 44.150001525878906 4 2.4964466094970703
      vertex 44.213035583496094 3.5211846828460693 2.4964466094970703
    endloop
  endfacet
  facet normal 0.7933540223773227 0.6087605400957938 0
    outer loop
      vertex 44.69185256958008 2.691852569580078 0.6964465975761414
      vertex 44.39785385131836 3.075000047683716 2.4964466094970703
      vertex 44.69185256958008 2.691852569580078 2.4964466094970703
    endloop
  endfacet
  facet normal 0.9238776725822987 0.38268792260001505 0
    outer loop
      vertex 44.39785385131836 3.075000047683716 0.6964465975761414
      vertex 44.213035583496094 3.5211846828460693 2.4964466094970703
      vertex 44.39785385131836 3.075000047683716 2.4964466094970703
    endloop
  endfacet
  facet normal -1 0 0
    outer loop
      vertex 39.849998474121094 4 0.6964465975761414
      vertex 39.849998474121094 4 2.4964466094970703
      vertex 39.849998474121094 38 0.6964465975761414
    endloop
  endfacet
  facet normal 1 0 0
    outer loop
      vertex 44.150001525878906 4 0.6964465975761414
      vertex 44.150001525878906 38 2.4964466094970703
      vertex 44.150001525878906 4 2.4964466094970703
    endloop
  endfacet
  facet normal 0 1 0
    outer loop
      vertex 46 2.1500000953674316 0.6964465975761414
      vertex 46 2.1500000953674316 2.4964466094970703
      vertex 80 2.1500000953674316 0.6964465975761414
    endloop
  endfacet
  facet normal -6.350852047643904e-16 -1 4.695276681970581e-15
    outer loop
      vertex 4 0 0
      vertex 122 -7.494005416219807e-14 0
      vertex 46 -4.85722573273506e-15 4.646446704864502
    endloop
  endfacet
  facet normal 0 0 -1
    outer loop
      vertex 39.1535530090332 4 1.734723475976807e-17
      vertex 39.1535530090332 38 1.734723475976807e-17
      vertex 44.8464469909668 38 1.734723475976807e-17
    endloop
  endfacet
  facet normal -0.7071073560981417 0 0.7071062062744861
    outer loop
      vertex 39.1535530090332 4 1.734723475976807e-17
      vertex 39.849998474121094 38 0.6964465975761414
      vertex 39.1535530090332 38 1.734723475976807e-17
    endloop
  endfacet
  facet normal 0.7071073560981417 0 0.7071062062744861
    outer loop
      vertex 44.150001525878906 4 0.6964465975761414
      vertex 44.8464469909668 38 1.734723475976807e-17
      vertex 44.150001525878906 38 0.6964465975761414
    endloop
  endfacet
  facet normal -0.09269217856289225 -0.704061145904826 0.7040639621940951
    outer loop
      vertex 38 39.1535530090332 1.734723475976807e-17
      vertex 38.298561096191406 39.1142463684082 0
      vertex 38.478816986083984 39.786964416503906 0.6964465975761414
    endloop
  endfacet
  facet normal -0.7040631094704414 -0.09269243707335785 0.7040619645970196
    outer loop
      vertex 39.1535530090332 38 1.734723475976807e-17
      vertex 39.849998474121094 38 0.6964465975761414
      vertex 39.1142463684082 38.298561096191406 0
    endloop
  endfacet
  facet normal -0.6560827320227766 -0.27175082955145213 0.7040645818244426
    outer loop
      vertex 39.1142463684082 38.298561096191406 0
      vertex 39.786964416503906 38.478816986083984 0.6964465975761414
      vertex 38.99900817871094 38.576778411865234 0
    endloop
  endfacet
  facet normal -0.27175238922797 -0.6560864975193994 0.7040604709267643
    outer loop
      vertex 38.298561096191406 39.1142463684082 0
      vertex 38.576778411865234 38.99900817871094 0
      vertex 38.92499923706055 39.60214614868164 0.6964465975761414
    endloop
  endfacet
  facet normal -0.4323091021087056 -0.5633862797691078 0.7040630227485954
    outer loop
      vertex 38.576778411865234 38.99900817871094 0
      vertex 38.8156852722168 38.8156852722168 0
      vertex 39.30814743041992 39.30814743041992 0.6964465975761414
    endloop
  endfacet
  facet normal -0.5633883343058533 -0.43231067863793177 0.7040604106919285
    outer loop
      vertex 38.99900817871094 38.576778411865234 0
      vertex 39.60214614868164 38.92499923706055 0.6964465975761414
      vertex 38.8156852722168 38.8156852722168 0
    endloop
  endfacet
  facet normal -5.810279698546804e-17 0 -1
    outer loop
      vertex 38 39.1535530090332 1.734723475976807e-17
      vertex 38.298561096191406 44.8857536315918 0
      vertex 38.298561096191406 39.1142463684082 0
    endloop
  endfacet
  facet normal 0 0 -1
    outer loop
      vertex 38.298561096191406 39.1142463684082 0
      vertex 38.576778411865234 45.00099182128906 0
      vertex 38.576778411865234 38.99900817871094 0
    endloop
  endfacet
  facet normal -0.5633912135658263 -0.43230347301392114 0.7040625310985719
    outer loop
      vertex 38.8156852722168 38.8156852722168 0
      vertex 39.60214614868164 38.92499923706055 0.6964465975761414
      vertex 39.30814743041992 39.30814743041992 0.6964465975761414
    endloop
  endfacet
  facet normal -0.43230445603180095 -0.5633924946650329 0.7040609023729123
    outer loop
      vertex 38.576778411865234 38.99900817871094 0
      vertex 39.30814743041992 39.30814743041992 0.6964465975761414
      vertex 38.92499923706055 39.60214614868164 0.6964465975761414
    endloop
  endfacet
  facet normal -0.09268672498877852 -0.704063485467592 0.7040623405935588
    outer loop
      vertex 38 39.1535530090332 1.734723475976807e-17
      vertex 38.478816986083984 39.786964416503906 0.6964465975761414
      vertex 38 39.849998474121094 0.6964465975761414
    endloop
  endfacet
  facet normal -0.2717619837670722 -0.6560789421728381 0.7040638080574483
    outer loop
      vertex 38.298561096191406 39.1142463684082 0
      vertex 38.92499923706055 39.60214614868164 0.6964465975761414
      vertex 38.478816986083984 39.786964416503906 0.6964465975761414
    endloop
  endfacet
  facet normal 0 -5.810279698546804e-17 -1
    outer loop
      vertex 39.1535530090332 38 1.734723475976807e-17
      vertex 39.1142463684082 38.298561096191406 0
      vertex 44.8857536315918 38.298561096191406 0
    endloop
  endfacet
  facet normal 0 0 -1
    outer loop
      vertex 39.1142463684082 38.298561096191406 0
      vertex 38.99900817871094 38.576778411865234 0
      vertex 45.00099182128906 38.576778411865234 0
    endloop
  endfacet
  facet normal 0 0 -1
    outer loop
      vertex 38.99900817871094 38.576778411865234 0
      vertex 38.8156852722168 38.8156852722168 0
      vertex 45.1843147277832 38.8156852722168 0
    endloop
  endfacet
  facet normal 0 0 -1
    outer loop
      vertex 38.576778411865234 38.99900817871094 0
      vertex 45.423221588134766 38.99900817871094 0
      vertex 38.8156852722168 38.8156852722168 0
    endloop
  endfacet
  facet normal 0 -5.810279698546804e-17 -1
    outer loop
      vertex 39.1535530090332 38 1.734723475976807e-17
      vertex 44.8857536315918 38.298561096191406 0
      vertex 44.8464469909668 38 1.734723475976807e-17
    endloop
  endfacet
  facet normal 0 0 -1
    outer loop
      vertex 39.1142463684082 38.298561096191406 0
      vertex 45.00099182128906 38.576778411865234 0
      vertex 44.8857536315918 38.298561096191406 0
    endloop
  endfacet
  facet normal 0 0 -1
    outer loop
      vertex 38.99900817871094 38.576778411865234 0
      vertex 45.1843147277832 38.8156852722168 0
      vertex 45.00099182128906 38.576778411865234 0
    endloop
  endfacet
  facet normal 0 0 -1
    outer loop
      vertex 38.8156852722168 38.8156852722168 0
      vertex 45.423221588134766 38.99900817871094 0
      vertex 45.1843147277832 38.8156852722168 0
    endloop
  endfacet
  facet normal 0 0 -1
    outer loop
      vertex 38.576778411865234 38.99900817871094 0
      vertex 45.423221588134766 45.00099182128906 0
      vertex 45.423221588134766 38.99900817871094 0
    endloop
  endfacet
  facet normal 0.704061145904826 -0.09269217856289225 0.7040639621940951
    outer loop
      vertex 44.8464469909668 38 1.734723475976807e-17
      vertex 44.8857536315918 38.298561096191406 0
      vertex 44.213035583496094 38.478816986083984 0.6964465975761414
    endloop
  endfacet
  facet normal 0.6560864975193994 -0.27175238922797 0.7040604709267643
    outer loop
      vertex 44.8857536315918 38.298561096191406 0
      vertex 45.00099182128906 38.576778411865234 0
      vertex 44.39785385131836 38.92499923706055 0.6964465975761414
    endloop
  endfacet
  facet normal 0.5633862797691078 -0.4323091021087056 0.7040630227485954
    outer loop
      vertex 45.00099182128906 38.576778411865234 0
      vertex 45.1843147277832 38.8156852722168 0
      vertex 44.69185256958008 39.30814743041992 0.6964465975761414
    endloop
  endfacet
  facet normal 0.43231067863793177 -0.5633883343058533 0.7040604106919285
    outer loop
      vertex 45.1843147277832 38.8156852722168 0
      vertex 45.423221588134766 38.99900817871094 0
      vertex 45.07500076293945 39.60214614868164 0.6964465975761414
    endloop
  endfacet
  facet normal 0.27175082955145213 -0.6560827320227766 0.7040645818244426
    outer loop
      vertex 45.423221588134766 38.99900817871094 0
      vertex 45.701438903808594 39.1142463684082 0
      vertex 45.521183013916016 39.786964416503906 0.6964465975761414
    endloop
  endfacet
  facet normal 0.09269243707335784 -0.7040631094704414 0.7040619645970196
    outer loop
      vertex 45.701438903808594 39.1142463684082 0
      vertex 46 39.1535530090332 1.734723475976807e-17
      vertex 46 39.849998474121094 0.6964465975761414
    endloop
  endfacet
  facet normal 0 0 -1
    outer loop
      vertex 45.423221588134766 38.99900817871094 0
      vertex 45.423221588134766 45.00099182128906 0
      vertex 45.701438903808594 39.1142463684082 0
    endloop
  endfacet
  facet normal 5.810279698546804e-17 0 -1
    outer loop
      vertex 45.701438903808594 39.1142463684082 0
      vertex 45.701438903808594 44.8857536315918 0
      vertex 46 39.1535530090332 1.734723475976807e-17
    endloop
  endfacet
  facet normal -0.7040622611051295 -0.09268656380708226 0.7040635861746922
    outer loop
      vertex 39.1142463684082 38.298561096191406 0
      vertex 39.849998474121094 38 0.6964465975761414
      vertex 39.786964416503906 38.478816986083984 0.6964465975761414
    endloop
  endfacet
  facet normal -0.6560812901192069 -0.2717629563368682 0.70406124472134
    outer loop
      vertex 38.99900817871094 38.576778411865234 0
      vertex 39.786964416503906 38.478816986083984 0.6964465975761414
      vertex 39.60214614868164 38.92499923706055 0.6964465975761414
    endloop
  endfacet
  facet normal 0.704063485467592 -0.09268672498877852 0.7040623405935588
    outer loop
      vertex 44.8464469909668 38 1.734723475976807e-17
      vertex 44.213035583496094 38.478816986083984 0.6964465975761414
      vertex 44.150001525878906 38 0.6964465975761414
    endloop
  endfacet
  facet normal 0.6560789421728381 -0.2717619837670722 0.7040638080574483
    outer loop
      vertex 44.8857536315918 38.298561096191406 0
      vertex 44.39785385131836 38.92499923706055 0.6964465975761414
      vertex 44.213035583496094 38.478816986083984 0.6964465975761414
    endloop
  endfacet
  facet normal 0.5633924946650329 -0.43230445603180095 0.7040609023729123
    outer loop
      vertex 45.00099182128906 38.576778411865234 0
      vertex 44.69185256958008 39.30814743041992 0.6964465975761414
      vertex 44.39785385131836 38.92499923706055 0.6964465975761414
    endloop
  endfacet
  facet normal 0.43230347301392114 -0.5633912135658263 0.7040625310985719
    outer loop
      vertex 45.1843147277832 38.8156852722168 0
      vertex 45.07500076293945 39.60214614868164 0.6964465975761414
      vertex 44.69185256958008 39.30814743041992 0.6964465975761414
    endloop
  endfacet
  facet normal 0.2717629563368682 -0.6560812901192069 0.70406124472134
    outer loop
      vertex 45.423221588134766 38.99900817871094 0
      vertex 45.521183013916016 39.786964416503906 0.6964465975761414
      vertex 45.07500076293945 39.60214614868164 0.6964465975761414
    endloop
  endfacet
  facet normal 0.09268656380708226 -0.7040622611051295 0.7040635861746922
    outer loop
      vertex 45.701438903808594 39.1142463684082 0
      vertex 46 39.849998474121094 0.6964465975761414
      vertex 45.521183013916016 39.786964416503906 0.6964465975761414
    endloop
  endfacet
  facet normal 0 -0.7071073560981417 0.7071062062744861
    outer loop
      vertex 46 39.1535530090332 1.734723475976807e-17
      vertex 80 39.1535530090332 1.734723475976807e-17
      vertex 46 39.849998474121094 0.6964465975761414
    endloop
  endfacet
  facet normal 1 0 0
    outer loop
      vertex 44.150001525878906 4 0.6964465975761414
      vertex 44.150001525878906 38 0.6964465975761414
      vertex 44.150001525878906 38 2.4964466094970703
    endloop
  endfacet
  facet normal -1 0 0
    outer loop
      vertex 39.849998474121094 4 2.4964466094970703
      vertex 39.849998474121094 38 2.4964466094970703
      vertex 39.849998474121094 38 0.6964465975761414
    endloop
  endfacet
  facet normal -0.13051928328627102 -0.9914457709277084 0
    outer loop
      vertex 38 39.849998474121094 0.6964465975761414
      vertex 38.478816986083984 39.786964416503906 0.6964465975761414
      vertex 38.478816986083984 39.786964416503906 2.4964466094970703
    endloop
  endfacet
  facet normal -0.3826896680242229 -0.9238769495920495 0
    outer loop
      vertex 38.478816986083984 39.786964416503906 0.6964465975761414
      vertex 38.92499923706055 39.60214614868164 0.6964465975761414
      vertex 38.92499923706055 39.60214614868164 2.4964466094970703
    endloop
  endfacet
  facet normal -0.6087598248166396 -0.793354571228536 0
    outer loop
      vertex 39.30814743041992 39.30814743041992 0.6964465975761414
      vertex 39.30814743041992 39.30814743041992 2.4964466094970703
      vertex 38.92499923706055 39.60214614868164 0.6964465975761414
    endloop
  endfacet
  facet normal -0.9914457709277084 -0.13051928328627102 0
    outer loop
      vertex 39.849998474121094 38 0.6964465975761414
      vertex 39.849998474121094 38 2.4964466094970703
      vertex 39.786964416503906 38.478816986083984 0.6964465975761414
    endloop
  endfacet
  facet normal -0.9238769495920495 -0.3826896680242229 0
    outer loop
      vertex 39.786964416503906 38.478816986083984 0.6964465975761414
      vertex 39.786964416503906 38.478816986083984 2.4964466094970703
      vertex 39.60214614868164 38.92499923706055 0.6964465975761414
    endloop
  endfacet
  facet normal -0.793354571228536 -0.6087598248166396 0
    outer loop
      vertex 39.30814743041992 39.30814743041992 0.6964465975761414
      vertex 39.60214614868164 38.92499923706055 0.6964465975761414
      vertex 39.60214614868164 38.92499923706055 2.4964466094970703
    endloop
  endfacet
  facet normal 0.9914457709277084 -0.13051928328627102 0
    outer loop
      vertex 44.150001525878906 38 0.6964465975761414
      vertex 44.213035583496094 38.478816986083984 0.6964465975761414
      vertex 44.213035583496094 38.478816986083984 2.4964466094970703
    endloop
  endfacet
  facet normal 0.9238769495920495 -0.3826896680242229 0
    outer loop
      vertex 44.213035583496094 38.478816986083984 0.6964465975761414
      vertex 44.39785385131836 38.92499923706055 0.6964465975761414
      vertex 44.39785385131836 38.92499923706055 2.4964466094970703
    endloop
  endfacet
  facet normal 0.793354571228536 -0.6087598248166396 0
    outer loop
      vertex 44.39785385131836 38.92499923706055 0.6964465975761414
      vertex 44.69185256958008 39.30814743041992 0.6964465975761414
      vertex 44.69185256958008 39.30814743041992 2.4964466094970703
    endloop
  endfacet
  facet normal 0.6087598248166396 -0.793354571228536 0
    outer loop
      vertex 44.69185256958008 39.30814743041992 0.6964465975761414
      vertex 45.07500076293945 39.60214614868164 0.6964465975761414
      vertex 45.07500076293945 39.60214614868164 2.4964466094970703
    endloop
  endfacet
  facet normal 0.3826896680242229 -0.9238769495920495 0
    outer loop
      vertex 45.07500076293945 39.60214614868164 0.6964465975761414
      vertex 45.521183013916016 39.786964416503906 0.6964465975761414
      vertex 45.521183013916016 39.786964416503906 2.4964466094970703
    endloop
  endfacet
  facet normal 0.13051928328627102 -0.9914457709277084 0
    outer loop
      vertex 45.521183013916016 39.786964416503906 0.6964465975761414
      vertex 46 39.849998474121094 0.6964465975761414
      vertex 46 39.849998474121094 2.4964466094970703
    endloop
  endfacet
  facet normal -0.13051928328627102 -0.9914457709277084 0
    outer loop
      vertex 38 39.849998474121094 0.6964465975761414
      vertex 38.478816986083984 39.786964416503906 2.4964466094970703
      vertex 38 39.849998474121094 2.4964466094970703
    endloop
  endfacet
  facet normal -0.3826896680242229 -0.9238769495920495 0
    outer loop
      vertex 38.478816986083984 39.786964416503906 0.6964465975761414
      vertex 38.92499923706055 39.60214614868164 2.4964466094970703
      vertex 38.478816986083984 39.786964416503906 2.4964466094970703
    endloop
  endfacet
  facet normal -0.6087598248166396 -0.793354571228536 0
    outer loop
      vertex 38.92499923706055 39.60214614868164 0.6964465975761414
      vertex 39.30814743041992 39.30814743041992 2.4964466094970703
      vertex 38.92499923706055 39.60214614868164 2.4964466094970703
    endloop
  endfacet
  facet normal -0.9914457709277084 -0.13051928328627102 0
    outer loop
      vertex 39.786964416503906 38.478816986083984 0.6964465975761414
      vertex 39.849998474121094 38 2.4964466094970703
      vertex 39.786964416503906 38.478816986083984 2.4964466094970703
    endloop
  endfacet
  facet normal -0.9238769495920495 -0.3826896680242229 0
    outer loop
      vertex 39.60214614868164 38.92499923706055 0.6964465975761414
      vertex 39.786964416503906 38.478816986083984 2.4964466094970703
      vertex 39.60214614868164 38.92499923706055 2.4964466094970703
    endloop
  endfacet
  facet normal -0.793354571228536 -0.6087598248166396 0
    outer loop
      vertex 39.30814743041992 39.30814743041992 0.6964465975761414
      vertex 39.60214614868164 38.92499923706055 2.4964466094970703
      vertex 39.30814743041992 39.30814743041992 2.4964466094970703
    endloop
  endfacet
  facet normal 0.9914457709277084 -0.13051928328627102 0
    outer loop
      vertex 44.150001525878906 38 0.6964465975761414
      vertex 44.213035583496094 38.478816986083984 2.4964466094970703
      vertex 44.150001525878906 38 2.4964466094970703
    endloop
  endfacet
  facet normal 0.9238769495920495 -0.3826896680242229 0
    outer loop
      vertex 44.213035583496094 38.478816986083984 0.6964465975761414
      vertex 44.39785385131836 38.92499923706055 2.4964466094970703
      vertex 44.213035583496094 38.478816986083984 2.4964466094970703
    endloop
  endfacet
  facet normal 0.793354571228536 -0.6087598248166396 0
    outer loop
      vertex 44.39785385131836 38.92499923706055 0.6964465975761414
      vertex 44.69185256958008 39.30814743041992 2.4964466094970703
      vertex 44.39785385131836 38.92499923706055 2.4964466094970703
    endloop
  endfacet
  facet normal 0.6087598248166396 -0.793354571228536 0
    outer loop
      vertex 44.69185256958008 39.30814743041992 0.6964465975761414
      vertex 45.07500076293945 39.60214614868164 2.4964466094970703
      vertex 44.69185256958008 39.30814743041992 2.4964466094970703
    endloop
  endfacet
  facet normal 0.3826896680242229 -0.9238769495920495 0
    outer loop
      vertex 45.07500076293945 39.60214614868164 0.6964465975761414
      vertex 45.521183013916016 39.786964416503906 2.4964466094970703
      vertex 45.07500076293945 39.60214614868164 2.4964466094970703
    endloop
  endfacet
  facet normal 0.13051928328627102 -0.9914457709277084 0
    outer loop
      vertex 45.521183013916016 39.786964416503906 0.6964465975761414
      vertex 46 39.849998474121094 2.4964466094970703
      vertex 45.521183013916016 39.786964416503906 2.4964466094970703
    endloop
  endfacet
  facet normal 0 -1 0
    outer loop
      vertex 46 39.849998474121094 0.6964465975761414
      vertex 80 39.849998474121094 2.4964466094970703
      vertex 46 39.849998474121094 2.4964466094970703
    endloop
  endfacet
  facet normal -0.6343933747644619 -0.7730103790085596 0
    outer loop
      vertex 1.1715729236602783 1.1715729236602783 0
      vertex 1.7777190208435059 0.6741215586662292 4.646446704864502
      vertex 1.1715729236602783 1.1715729236602783 4.646446704864502
    endloop
  endfacet
  facet normal -0.7730103790085596 -0.6343933747644619 0
    outer loop
      vertex 0.6741215586662292 1.7777190208435059 0
      vertex 1.1715729236602783 1.1715729236602783 4.646446704864502
      vertex 0.6741215586662292 1.7777190208435059 4.646446704864502
    endloop
  endfacet
  facet normal -0.8819212436156848 -0.47139677561409365 0
    outer loop
      vertex 0.3044818639755249 2.469266176223755 0
      vertex 0.6741215586662292 1.7777190208435059 4.646446704864502
      vertex 0.3044818639755249 2.469266176223755 4.646446704864502
    endloop
  endfacet
  facet normal -0.47139677561409365 -0.8819212436156848 0
    outer loop
      vertex 1.7777190208435059 0.6741215586662292 0
      vertex 2.469266176223755 0.3044818639755249 4.646446704864502
      vertex 1.7777190208435059 0.6741215586662292 4.646446704864502
    endloop
  endfacet
  facet normal -0.2902845972898281 -0.9569403599892118 0
    outer loop
      vertex 2.469266176223755 0.3044818639755249 0
      vertex 3.2196388244628906 0.07685887813568115 4.646446704864502
      vertex 2.469266176223755 0.3044818639755249 4.646446704864502
    endloop
  endfacet
  facet normal -0.0980171540102396 -0.9951847253247675 0
    outer loop
      vertex 3.2196388244628906 0.07685887813568115 0
      vertex 4 -4.85722573273506e-15 4.646446704864502
      vertex 3.2196388244628906 0.07685887813568115 4.646446704864502
    endloop
  endfacet
  facet normal -0.9569403599892118 -0.2902845972898281 0
    outer loop
      vertex 0.07685887813568115 3.2196388244628906 0
      vertex 0.3044818639755249 2.469266176223755 4.646446704864502
      vertex 0.07685887813568115 3.2196388244628906 4.646446704864502
    endloop
  endfacet
  facet normal -0.995184725324768 -0.09801715401023539 -3.269607865402557e-16
    outer loop
      vertex 0 4 0
      vertex 0.07685887813568115 3.2196388244628906 4.646446704864502
      vertex -1.5265566588595902e-15 4 4.646446704864502
    endloop
  endfacet
  facet normal 1.0285889786968363e-15 -1 -1.045363487684016e-15
    outer loop
      vertex 4 0 0
      vertex 38 3.011479954295737e-14 4.646446704864502
      vertex 4 -4.85722573273506e-15 4.646446704864502
    endloop
  endfacet
  facet normal 0.5600386499096526 0.4297331673951442 0.7082980413977655
    outer loop
      vertex 2.397852897644043 3.075000047683716 2.4964466094970703
      vertex 0.6741215586662292 1.7777190208435059 4.646446704864502
      vertex 2.691852569580078 2.691852569580078 2.4964466094970703
    endloop
  endfacet
  facet normal 0.4297331673951442 0.5600386499096526 0.7082980413977655
    outer loop
      vertex 3.075000047683716 2.397852897644043 2.4964466094970703
      vertex 2.691852569580078 2.691852569580078 2.4964466094970703
      vertex 1.7777190208435059 0.6741215586662292 4.646446704864502
    endloop
  endfacet
  facet normal 0.26960380359957586 0.6508814478646298 0.7096950964395093
    outer loop
      vertex 3.075000047683716 2.397852897644043 2.4964466094970703
      vertex 2.469266176223755 0.3044818639755249 4.646446704864502
      vertex 3.5211846828460693 2.2130372524261475 2.4964466094970703
    endloop
  endfacet
  facet normal 0.09214009342494814 0.6998743299093525 0.7082980485061193
    outer loop
      vertex 3.5211846828460693 2.2130372524261475 2.4964466094970703
      vertex 3.2196388244628906 0.07685887813568115 4.646446704864502
      vertex 4 2.1500000953674316 2.4964466094970703
    endloop
  endfacet
  facet normal 0.6508814478646298 0.26960380359957586 0.7096950964395093
    outer loop
      vertex 2.397852897644043 3.075000047683716 2.4964466094970703
      vertex 2.2130372524261475 3.5211846828460693 2.4964466094970703
      vertex 0.3044818639755249 2.469266176223755 4.646446704864502
    endloop
  endfacet
  facet normal 0.6998743299093525 0.09214009342494814 0.7082980485061193
    outer loop
      vertex 2.2130372524261475 3.5211846828460693 2.4964466094970703
      vertex 2.1500000953674316 4 2.4964466094970703
      vertex 0.07685887813568115 3.2196388244628906 4.646446704864502
    endloop
  endfacet
  facet normal 0 0.7071067811865468 0.7071067811865483
    outer loop
      vertex 4 2.1500000953674316 2.4964466094970703
      vertex 4 -4.85722573273506e-15 4.646446704864502
      vertex 38 2.1500000953674316 2.4964466094970703
    endloop
  endfacet
  facet normal -1 -3.183727791204493e-16 -3.285428104149765e-16
    outer loop
      vertex 0 4 0
      vertex -1.5265566588595902e-15 4 4.646446704864502
      vertex -1.2351231148954867e-14 38 4.646446704864502
    endloop
  endfacet
  facet normal -4.371503159461554e-15 -1 3.846937634677179e-14
    outer loop
      vertex 4 0 0
      vertex 46 -4.85722573273506e-15 4.646446704864502
      vertex 38 3.011479954295737e-14 4.646446704864502
    endloop
  endfacet
  facet normal 0.44966517875269324 0.5479184746902926 0.7053981656556612
    outer loop
      vertex 2.691852569580078 2.691852569580078 2.4964466094970703
      vertex 1.1715729236602783 1.1715729236602783 4.646446704864502
      vertex 1.7777190208435059 0.6741215586662292 4.646446704864502
    endloop
  endfacet
  facet normal 0.5479184746902926 0.44966517875269324 0.7053981656556612
    outer loop
      vertex 2.691852569580078 2.691852569580078 2.4964466094970703
      vertex 0.6741215586662292 1.7777190208435059 4.646446704864502
      vertex 1.1715729236602783 1.1715729236602783 4.646446704864502
    endloop
  endfacet
  facet normal 0.6262678286394554 0.3347471639090343 0.7040830512560857
    outer loop
      vertex 2.397852897644043 3.075000047683716 2.4964466094970703
      vertex 0.3044818639755249 2.469266176223755 4.646446704864502
      vertex 0.6741215586662292 1.7777190208435059 4.646446704864502
    endloop
  endfacet
  facet normal 0.3347471639090343 0.6262678286394554 0.7040830512560857
    outer loop
      vertex 3.075000047683716 2.397852897644043 2.4964466094970703
      vertex 1.7777190208435059 0.6741215586662292 4.646446704864502
      vertex 2.469266176223755 0.3044818639755249 4.646446704864502
    endloop
  endfacet
  facet normal 0.2061362100093553 0.679540219683838 0.7040830581366236
    outer loop
      vertex 3.5211846828460693 2.2130372524261475 2.4964466094970703
      vertex 2.469266176223755 0.3044818639755249 4.646446704864502
      vertex 3.2196388244628906 0.07685887813568115 4.646446704864502
    endloop
  endfacet
  facet normal 0.06947566462636356 0.7053981613332725 0.705398161333274
    outer loop
      vertex 4 2.1500000953674316 2.4964466094970703
      vertex 3.2196388244628906 0.07685887813568115 4.646446704864502
      vertex 4 -4.85722573273506e-15 4.646446704864502
    endloop
  endfacet
  facet normal 0.679540219683838 0.2061362100093553 0.7040830581366236
    outer loop
      vertex 2.2130372524261475 3.5211846828460693 2.4964466094970703
      vertex 0.07685887813568115 3.2196388244628906 4.646446704864502
      vertex 0.3044818639755249 2.469266176223755 4.646446704864502
    endloop
  endfacet
  facet normal 0.7053981613332732 0.06947566462636028 0.7053981613332736
    outer loop
      vertex 2.1500000953674316 4 2.4964466094970703
      vertex -1.5265566588595902e-15 4 4.646446704864502
      vertex 0.07685887813568115 3.2196388244628906 4.646446704864502
    endloop
  endfacet
  facet normal 0.7071067811865474 2.300367906534775e-16 0.7071067811865478
    outer loop
      vertex 2.1500000953674316 4 2.4964466094970703
      vertex -1.2351231148954867e-14 38 4.646446704864502
      vertex -1.5265566588595902e-15 4 4.646446704864502
    endloop
  endfacet
  facet normal -7.287720258484462e-16 0.7071067811865525 0.7071067811865426
    outer loop
      vertex 38 2.1500000953674316 2.4964466094970703
      vertex 4 -4.85722573273506e-15 4.646446704864502
      vertex 38 3.011479954295737e-14 4.646446704864502
    endloop
  endfacet
  facet normal 0.7071067811865454 0 0.7071067811865495
    outer loop
      vertex 2.1500000953674316 4 2.4964466094970703
      vertex 2.1500000953674316 38 2.4964466094970703
      vertex -1.2351231148954867e-14 38 4.646446704864502
    endloop
  endfacet
  facet normal 0.6512677980824407 -0.2697652765182876 0.7092791768872542
    outer loop
      vertex 2.2130372524261475 38.478816986083984 2.4964466094970703
      vertex 2.397852897644043 38.92499923706055 2.4964466094970703
      vertex 0.6554532016216522 39.351372049100654 4.258502276255436
    endloop
  endfacet
  facet normal 0.5600590822249041 -0.4297480434273588 0.7082728595589096
    outer loop
      vertex 2.397852897644043 38.92499923706055 2.4964466094970703
      vertex 2.691852569580078 39.30814743041992 2.4964466094970703
      vertex 0.9578077251605348 40.016551997256066 4.297451721354216
    endloop
  endfacet
  facet normal -1 2.7970048152144023e-15 -1.7406581137019433e-14
    outer loop
      vertex -1.2351231148954867e-14 38 4.646446704864502
      vertex -1.151411187531523e-14 38.83171081542969 4.731999397277832
      vertex 7.132452523332008e-14 39 0
    endloop
  endfacet
  facet normal -1 4.231922425517356e-15 -1.7355549618566076e-14
    outer loop
      vertex -1.151411187531523e-14 38.83171081542969 4.731999397277832
      vertex -1.1541291442782134e-14 39 4.77460054549103
      vertex 7.132452523332008e-14 39 0
    endloop
  endfacet
  facet normal 0.700334433555997 -0.09220034577877897 0.707835275621436
    outer loop
      vertex 2.1500000953674316 38 2.4964466094970703
      vertex 2.2130372524261475 38.478816986083984 2.4964466094970703
      vertex -1.151411187531523e-14 38.83171081542969 4.731999397277832
    endloop
  endfacet
  facet normal 0.09219624645130699 -0.7003352894253073 0.7078349627744175
    outer loop
      vertex 3.5211846828460693 39.786964416503906 2.4964466094970703
      vertex 4 39.849998474121094 2.4964466094970703
      vertex 3.168290615081787 42 4.731999397277832
    endloop
  endfacet
  facet normal 0.42974765976981716 -0.5600593534396553 0.7082728778847321
    outer loop
      vertex 2.691852569580078 39.30814743041992 2.4964466094970703
      vertex 3.075000047683716 39.60214614868164 2.4964466094970703
      vertex 1.5576485395431519 41.60393524169922 5
    endloop
  endfacet
  facet normal 0.26976734634374877 -0.651267033423635 0.7092790917701083
    outer loop
      vertex 3.075000047683716 39.60214614868164 2.4964466094970703
      vertex 3.5211846828460693 39.786964416503906 2.4964466094970703
      vertex 2.2814462184906006 42 5
    endloop
  endfacet
  facet normal 0.6512677980824356 -0.2697652765183034 0.7092791768872531
    outer loop
      vertex 2.397852897644043 38.92499923706055 2.4964466094970703
      vertex 0.7148242286872432 39.48198830793213 4.253665384101775
      vertex 0.6554532016216522 39.351372049100654 4.258502276255436
    endloop
  endfacet
  facet normal 0.6849689159097774 -0.17879294470453266 0.7062936125728919
    outer loop
      vertex 2.2130372524261475 38.478816986083984 2.4964466094970703
      vertex 0.5303661459143817 39.07618052804648 4.279531955262819
      vertex 0.4957386329770088 39 4.293829449787797
    endloop
  endfacet
  facet normal 0.6621260922144556 -0.2468963838668837 0.7075529758557098
    outer loop
      vertex 2.2130372524261475 38.478816986083984 2.4964466094970703
      vertex 0.6554532016216522 39.351372049100654 4.258502276255436
      vertex 0.5303661459143817 39.07618052804648 4.279531955262819
    endloop
  endfacet
  facet normal 0.6226801126859066 -0.3407335793942084 0.7043934306470193
    outer loop
      vertex 2.397852897644043 38.92499923706055 2.4964466094970703
      vertex 0.9578077251605348 40.016551997256066 4.297451721354216
      vertex 0.7148242286872432 39.48198830793213 4.253665384101775
    endloop
  endfacet
  facet normal 0.5600590822248993 -0.4297480434273672 0.7082728595589084
    outer loop
      vertex 2.691852569580078 39.30814743041992 2.4964466094970703
      vertex 0.9921875 40.092187501490116 4.316158501708312
      vertex 0.9578077251605348 40.016551997256066 4.297451721354216
    endloop
  endfacet
  facet normal 0.5600590822249047 -0.42974804342735823 0.7082728595589097
    outer loop
      vertex 2.691852569580078 39.30814743041992 2.4964466094970703
      vertex 0.9921875 40.1478455531275 4.349929298470229
      vertex 0.9921875 40.092187501490116 4.316158501708312
    endloop
  endfacet
  facet normal 0 -0.7071065459483729 0.7071070164246439
    outer loop
      vertex 4 39.849998474121094 2.4964466094970703
      vertex 38 39.849998474121094 2.4964466094970703
      vertex 38 42 4.646446704864502
    endloop
  endfacet
  facet normal 0.6849689159097755 -0.17879294470454002 0.7062936125728917
    outer loop
      vertex 2.2130372524261475 38.478816986083984 2.4964466094970703
      vertex 0.4957386329770088 39 4.293829449787797
      vertex -1.1541291442782134e-14 39 4.77460054549103
    endloop
  endfacet
  facet normal 0.7052437135126218 -0.07254384261843438 0.7052437135126259
    outer loop
      vertex 2.1500000953674316 38 2.4964466094970703
      vertex -1.151411187531523e-14 38.83171081542969 4.731999397277832
      vertex -1.2351231148954867e-14 38 4.646446704864502
    endloop
  endfacet
  facet normal 0.6849689159097747 -0.17879294470454316 0.7062936125728917
    outer loop
      vertex 2.2130372524261475 38.478816986083984 2.4964466094970703
      vertex -1.1541291442782134e-14 39 4.77460054549103
      vertex -1.151411187531523e-14 38.83171081542969 4.731999397277832
    endloop
  endfacet
  facet normal 0.5463568932907098 -0.45138574209843096 0.7055104938864996
    outer loop
      vertex 2.691852569580078 39.30814743041992 2.4964466094970703
      vertex 0.9921875 41.007811756048 4.900135831255391
      vertex 0.9921875 40.1478455531275 4.349929298470229
    endloop
  endfacet
  facet normal 0.07254399074140525 -0.7052434712760195 0.7052439405126861
    outer loop
      vertex 4 39.849998474121094 2.4964466094970703
      vertex 4 42 4.646446704864502
      vertex 3.168290615081787 42 4.731999397277832
    endloop
  endfacet
  facet normal 0.1787916192010079 -0.6849694450968334 0.7062934349030988
    outer loop
      vertex 3.5211846828460693 39.786964416503906 2.4964466094970703
      vertex 3.168290615081787 42 4.731999397277832
      vertex 2.7355329990386963 42 4.841547966003418
    endloop
  endfacet
  facet normal 0.45138566939943375 -0.5463569792245796 0.705510473850968
    outer loop
      vertex 2.691852569580078 39.30814743041992 2.4964466094970703
      vertex 1.5576485395431519 41.60393524169922 5
      vertex 0.9921875 41.007811756048 4.900135831255391
    endloop
  endfacet
  facet normal 0.24689817267436587 -0.6621255049875844 0.7075529011847775
    outer loop
      vertex 3.5211846828460693 39.786964416503906 2.4964466094970703
      vertex 2.7355329990386963 42 4.841547966003418
      vertex 2.2814462184906006 42 5
    endloop
  endfacet
  facet normal 0.34073301375463405 -0.6226804059882618 0.704393444983681
    outer loop
      vertex 3.075000047683716 39.60214614868164 2.4964466094970703
      vertex 2.2814462184906006 42 5
      vertex 1.5576485395431519 41.60393524169922 5
    endloop
  endfacet
  facet normal 0 -0.7071065459483729 0.7071070164246439
    outer loop
      vertex 4 39.849998474121094 2.4964466094970703
      vertex 38 42 4.646446704864502
      vertex 4 42 4.646446704864502
    endloop
  endfacet
  facet normal 0 0 1
    outer loop
      vertex 0.9921875 41.20000000298023 5
      vertex 0 42.79999999701977 5
      vertex 0 41.20000000298023 5
    endloop
  endfacet
  facet normal 0.45138566939943925 -0.5463569792245838 0.7055104738509612
    outer loop
      vertex 1.5576485395431519 41.60393524169922 5
      vertex 0.9921875 41.13676630351573 5
      vertex 0.9921875 41.007811756048 4.900135831255391
    endloop
  endfacet
  facet normal 0 0 1
    outer loop
      vertex 1.5576485395431519 41.60393524169922 5
      vertex 0.9921875 41.20000000298023 5
      vertex 0.9921875 41.13676630351573 5
    endloop
  endfacet
  facet normal 0 0 1
    outer loop
      vertex 1.5576485395431519 41.60393524169922 5
      vertex 1.5576485395431519 42.39606475830078 5
      vertex 0.9921875 41.20000000298023 5
    endloop
  endfacet
  facet normal -0.09220034577877986 0.7003344335560037 0.7078352756214293
    outer loop
      vertex 38 2.1500000953674316 2.4964466094970703
      vertex 38.83171081542969 3.133708502650427e-14 4.731999397277832
      vertex 38.478816986083984 2.2130372524261475 2.4964466094970703
    endloop
  endfacet
  facet normal -0.2697652765182901 0.6512677980824467 0.709279176887248
    outer loop
      vertex 38.478816986083984 2.2130372524261475 2.4964466094970703
      vertex 39.71855545043945 3.275157922644212e-14 5
      vertex 38.92499923706055 2.397852897644043 2.4964466094970703
    endloop
  endfacet
  facet normal -0.4297480434273588 0.5600590822249041 0.7082728595589098
    outer loop
      vertex 38.92499923706055 2.397852897644043 2.4964466094970703
      vertex 40.442352294921875 0.3960651457309723 5
      vertex 39.30814743041992 2.691852569580078 2.4964466094970703
    endloop
  endfacet
  facet normal -0.5600593534396553 0.42974765976981716 0.7082728778847321
    outer loop
      vertex 39.30814743041992 2.691852569580078 2.4964466094970703
      vertex 41.60393524169922 1.5576485395431519 5
      vertex 39.60214614868164 3.075000047683716 2.4964466094970703
    endloop
  endfacet
  facet normal -0.7003352894253073 0.09219624645130699 0.7078349627744175
    outer loop
      vertex 39.786964416503906 3.5211846828460693 2.4964466094970703
      vertex 42 3.168290615081787 4.731999397277832
      vertex 39.849998474121094 4 2.4964466094970703
    endloop
  endfacet
  facet normal -0.651267033423635 0.26976734634374877 0.7092790917701083
    outer loop
      vertex 39.60214614868164 3.075000047683716 2.4964466094970703
      vertex 42 2.2814462184906006 5
      vertex 39.786964416503906 3.5211846828460693 2.4964466094970703
    endloop
  endfacet
  facet normal 0.09220034577877913 0.7003344335559981 0.7078352756214351
    outer loop
      vertex 45.521183013916016 2.2130372524261475 2.4964466094970703
      vertex 45.16828918457031 -5.5244013980352766e-15 4.731999397277832
      vertex 46 2.1500000953674316 2.4964466094970703
    endloop
  endfacet
  facet normal 0.5600593534396553 0.42974765976981716 0.7082728778847321
    outer loop
      vertex 44.69185256958008 2.691852569580078 2.4964466094970703
      vertex 44.39785385131836 3.075000047683716 2.4964466094970703
      vertex 42.39606475830078 1.5576485395431519 5
    endloop
  endfacet
  facet normal 0.4297480434273588 0.5600590822249041 0.7082728595589098
    outer loop
      vertex 45.07500076293945 2.397852897644043 2.4964466094970703
      vertex 44.69185256958008 2.691852569580078 2.4964466094970703
      vertex 43.557647705078125 0.3960651457309723 5
    endloop
  endfacet
  facet normal 0.26976527651828813 0.651267798082442 0.7092791768872531
    outer loop
      vertex 45.07500076293945 2.397852897644043 2.4964466094970703
      vertex 44.28144454956055 -6.661338147750939e-15 5
      vertex 45.521183013916016 2.2130372524261475 2.4964466094970703
    endloop
  endfacet
  facet normal 0.7003352894253073 0.09219624645130699 0.7078349627744175
    outer loop
      vertex 44.213035583496094 3.5211846828460693 2.4964466094970703
      vertex 44.150001525878906 4 2.4964466094970703
      vertex 42 3.168290615081787 4.731999397277832
    endloop
  endfacet
  facet normal 0.651267033423635 0.26976734634374877 0.7092790917701083
    outer loop
      vertex 44.213035583496094 3.5211846828460693 2.4964466094970703
      vertex 42 2.2814462184906006 5
      vertex 44.39785385131836 3.075000047683716 2.4964466094970703
    endloop
  endfacet
  facet normal -0.7071065459483729 0 0.7071070164246439
    outer loop
      vertex 39.849998474121094 4 2.4964466094970703
      vertex 42 4 4.646446704864502
      vertex 39.849998474121094 38 2.4964466094970703
    endloop
  endfacet
  facet normal 0 0.7071067811865468 0.7071067811865483
    outer loop
      vertex 46 2.1500000953674316 2.4964466094970703
      vertex 46 -4.85722573273506e-15 4.646446704864502
      vertex 80 2.1500000953674316 2.4964466094970703
    endloop
  endfacet
  facet normal -0.07254384261843395 0.7052437135126289 0.7052437135126189
    outer loop
      vertex 38 2.1500000953674316 2.4964466094970703
      vertex 38 3.011479954295737e-14 4.646446704864502
      vertex 38.83171081542969 3.133708502650427e-14 4.731999397277832
    endloop
  endfacet
  facet normal -0.1787929447045404 0.684968915909782 0.7062936125728854
    outer loop
      vertex 38.478816986083984 2.2130372524261475 2.4964466094970703
      vertex 38.83171081542969 3.133708502650427e-14 4.731999397277832
      vertex 39.26446533203125 3.17564442624263e-14 4.841547966003418
    endloop
  endfacet
  facet normal -0.24689638386688578 0.6621260922144616 0.7075529758557033
    outer loop
      vertex 38.478816986083984 2.2130372524261475 2.4964466094970703
      vertex 39.26446533203125 3.17564442624263e-14 4.841547966003418
      vertex 39.71855545043945 3.275157922644212e-14 5
    endloop
  endfacet
  facet normal -0.7052434712760195 0.07254399074140525 0.7052439405126861
    outer loop
      vertex 39.849998474121094 4 2.4964466094970703
      vertex 42 3.168290615081787 4.731999397277832
      vertex 42 4 4.646446704864502
    endloop
  endfacet
  facet normal -0.6849694450968334 0.1787916192010079 0.7062934349030988
    outer loop
      vertex 39.786964416503906 3.5211846828460693 2.4964466094970703
      vertex 42 2.7355329990386963 4.841547966003418
      vertex 42 3.168290615081787 4.731999397277832
    endloop
  endfacet
  facet normal 0.7052434712760195 0.07254399074140525 0.7052439405126861
    outer loop
      vertex 44.150001525878906 4 2.4964466094970703
      vertex 42 4 4.646446704864502
      vertex 42 3.168290615081787 4.731999397277832
    endloop
  endfacet
  facet normal 0.6849694450968334 0.1787916192010079 0.7062934349030988
    outer loop
      vertex 44.213035583496094 3.5211846828460693 2.4964466094970703
      vertex 42 3.168290615081787 4.731999397277832
      vertex 42 2.7355329990386963 4.841547966003418
    endloop
  endfacet
  facet normal 0.17879294470454066 0.6849689159097763 0.706293612572891
    outer loop
      vertex 45.521183013916016 2.2130372524261475 2.4964466094970703
      vertex 44.73553466796875 -5.943757245825514e-15 4.841547966003418
      vertex 45.16828918457031 -5.5244013980352766e-15 4.731999397277832
    endloop
  endfacet
  facet normal 0.07254384261843305 0.7052437135126232 0.7052437135126248
    outer loop
      vertex 46 2.1500000953674316 2.4964466094970703
      vertex 45.16828918457031 -5.5244013980352766e-15 4.731999397277832
      vertex 46 -4.85722573273506e-15 4.646446704864502
    endloop
  endfacet
  facet normal -0.34073357939418036 0.6226801126859246 0.7043934306470171
    outer loop
      vertex 38.92499923706055 2.397852897644043 2.4964466094970703
      vertex 39.71855545043945 3.275157922644212e-14 5
      vertex 40.442352294921875 0.3960651457309723 5
    endloop
  endfacet
  facet normal -0.45138574209843196 0.5463568932907089 0.7055104938864998
    outer loop
      vertex 39.30814743041992 2.691852569580078 2.4964466094970703
      vertex 40.442352294921875 0.3960651457309723 5
      vertex 41.078426361083984 0.9215728640556335 5
    endloop
  endfacet
  facet normal -0.5463569792245802 0.451385669399433 0.7055104738509681
    outer loop
      vertex 39.30814743041992 2.691852569580078 2.4964466094970703
      vertex 41.078426361083984 0.9215728640556335 5
      vertex 41.60393524169922 1.5576485395431519 5
    endloop
  endfacet
  facet normal -0.6226804059882618 0.34073301375463405 0.704393444983681
    outer loop
      vertex 39.60214614868164 3.075000047683716 2.4964466094970703
      vertex 41.60393524169922 1.5576485395431519 5
      vertex 42 2.2814462184906006 5
    endloop
  endfacet
  facet normal 0.6226804059882618 0.34073301375463405 0.704393444983681
    outer loop
      vertex 44.39785385131836 3.075000047683716 2.4964466094970703
      vertex 42 2.2814462184906006 5
      vertex 42.39606475830078 1.5576485395431519 5
    endloop
  endfacet
  facet normal -0.6621255049875844 0.24689817267436587 0.7075529011847775
    outer loop
      vertex 39.786964416503906 3.5211846828460693 2.4964466094970703
      vertex 42 2.2814462184906006 5
      vertex 42 2.7355329990386963 4.841547966003418
    endloop
  endfacet
  facet normal 0.6621255049875844 0.24689817267436587 0.7075529011847775
    outer loop
      vertex 44.213035583496094 3.5211846828460693 2.4964466094970703
      vertex 42 2.7355329990386963 4.841547966003418
      vertex 42 2.2814462184906006 5
    endloop
  endfacet
  facet normal 0.2468963838668848 0.6621260922144564 0.7075529758557086
    outer loop
      vertex 45.521183013916016 2.2130372524261475 2.4964466094970703
      vertex 44.28144454956055 -6.661338147750939e-15 5
      vertex 44.73553466796875 -5.943757245825514e-15 4.841547966003418
    endloop
  endfacet
  facet normal 0.3407335793942055 0.6226801126859083 0.7043934306470193
    outer loop
      vertex 45.07500076293945 2.397852897644043 2.4964466094970703
      vertex 43.557647705078125 0.3960651457309723 5
      vertex 44.28144454956055 -6.661338147750939e-15 5
    endloop
  endfacet
  facet normal 0.45138574209843196 0.5463568932907089 0.7055104938864998
    outer loop
      vertex 44.69185256958008 2.691852569580078 2.4964466094970703
      vertex 42.921573638916016 0.9215728640556335 5
      vertex 43.557647705078125 0.3960651457309723 5
    endloop
  endfacet
  facet normal 0.5463569792245802 0.451385669399433 0.7055104738509681
    outer loop
      vertex 44.69185256958008 2.691852569580078 2.4964466094970703
      vertex 42.39606475830078 1.5576485395431519 5
      vertex 42.921573638916016 0.9215728640556335 5
    endloop
  endfacet
  facet normal -4.371503159461554e-15 -1 5.6785026910493534e-14
    outer loop
      vertex 38 3.011479954295737e-14 4.646446704864502
      vertex 46 -4.85722573273506e-15 4.646446704864502
      vertex 38.83171081542969 3.133708502650427e-14 4.731999397277832
    endloop
  endfacet
  facet normal -5.817254088429865e-15 -1 2.6808220783472837e-14
    outer loop
      vertex 38.83171081542969 3.133708502650427e-14 4.731999397277832
      vertex 45.16828918457031 -5.5244013980352766e-15 4.731999397277832
      vertex 39.26446533203125 3.17564442624263e-14 4.841547966003418
    endloop
  endfacet
  facet normal -6.890828683272693e-15 -1 -3.1049178671831156e-14
    outer loop
      vertex 39.26446533203125 3.17564442624263e-14 4.841547966003418
      vertex 45.16828918457031 -5.5244013980352766e-15 4.731999397277832
      vertex 44.73553466796875 -5.943757245825514e-15 4.841547966003418
    endloop
  endfacet
  facet normal -6.890828683272693e-15 -1 2.6028016635133398e-14
    outer loop
      vertex 39.26446533203125 3.17564442624263e-14 4.841547966003418
      vertex 44.73553466796875 -5.943757245825514e-15 4.841547966003418
      vertex 39.71855545043945 3.275157922644212e-14 5
    endloop
  endfacet
  facet normal 0 0 1
    outer loop
      vertex 39.71855545043945 3.275157922644212e-14 5
      vertex 44.28144454956055 -6.661338147750939e-15 5
      vertex 40.442352294921875 0.3960651457309723 5
    endloop
  endfacet
  facet normal 0 0 1
    outer loop
      vertex 40.442352294921875 0.3960651457309723 5
      vertex 43.557647705078125 0.3960651457309723 5
      vertex 41.078426361083984 0.9215728640556335 5
    endloop
  endfacet
  facet normal 0 0 1
    outer loop
      vertex 41.078426361083984 0.9215728640556335 5
      vertex 42.921573638916016 0.9215728640556335 5
      vertex 41.60393524169922 1.5576485395431519 5
    endloop
  endfacet
  facet normal -8.637711002396441e-15 -1 -2.928255319133077e-14
    outer loop
      vertex 39.71855545043945 3.275157922644212e-14 5
      vertex 44.73553466796875 -5.943757245825514e-15 4.841547966003418
      vertex 44.28144454956055 -6.661338147750939e-15 5
    endloop
  endfacet
  facet normal 0 0 1
    outer loop
      vertex 40.442352294921875 0.3960651457309723 5
      vertex 44.28144454956055 -6.661338147750939e-15 5
      vertex 43.557647705078125 0.3960651457309723 5
    endloop
  endfacet
  facet normal 0 0 1
    outer loop
      vertex 41.078426361083984 0.9215728640556335 5
      vertex 43.557647705078125 0.3960651457309723 5
      vertex 42.921573638916016 0.9215728640556335 5
    endloop
  endfacet
  facet normal 0 0 1
    outer loop
      vertex 42.921573638916016 0.9215728640556335 5
      vertex 42.39606475830078 1.5576485395431519 5
      vertex 41.60393524169922 1.5576485395431519 5
    endloop
  endfacet
  facet normal 0 0 1
    outer loop
      vertex 41.60393524169922 1.5576485395431519 5
      vertex 42.39606475830078 1.5576485395431519 5
      vertex 42 2.2814462184906006 5
    endloop
  endfacet
  facet normal -5.817254088429865e-15 -1 -6.435155518135502e-14
    outer loop
      vertex 38.83171081542969 3.133708502650427e-14 4.731999397277832
      vertex 46 -4.85722573273506e-15 4.646446704864502
      vertex 45.16828918457031 -5.5244013980352766e-15 4.731999397277832
    endloop
  endfacet
  facet normal 0.7071065459483729 0 0.7071070164246439
    outer loop
      vertex 44.150001525878906 4 2.4964466094970703
      vertex 42 38 4.646446704864502
      vertex 42 4 4.646446704864502
    endloop
  endfacet
  facet normal 0.7071065459483729 0 0.7071070164246439
    outer loop
      vertex 44.150001525878906 4 2.4964466094970703
      vertex 44.150001525878906 38 2.4964466094970703
      vertex 42 38 4.646446704864502
    endloop
  endfacet
  facet normal -0.09219593178233416 -0.7003353401952798 0.7078349535282563
    outer loop
      vertex 38 39.849998474121094 2.4964466094970703
      vertex 38.478816986083984 39.786964416503906 2.4964466094970703
      vertex 38.83171081542969 42 4.731999397277832
    endloop
  endfacet
  facet normal -0.26976854636282543 -0.6512664504279039 0.7092791706657731
    outer loop
      vertex 38.478816986083984 39.786964416503906 2.4964466094970703
      vertex 38.92499923706055 39.60214614868164 2.4964466094970703
      vertex 39.71855545043945 42 5
    endloop
  endfacet
  facet normal -0.7003353401952798 -0.09219593178233416 0.7078349535282563
    outer loop
      vertex 39.849998474121094 38 2.4964466094970703
      vertex 42 38.83171081542969 4.731999397277832
      vertex 39.786964416503906 38.478816986083984 2.4964466094970703
    endloop
  endfacet
  facet normal -0.6512664504279039 -0.26976854636282543 0.7092791706657731
    outer loop
      vertex 39.786964416503906 38.478816986083984 2.4964466094970703
      vertex 42 39.71855545043945 5
      vertex 39.60214614868164 38.92499923706055 2.4964466094970703
    endloop
  endfacet
  facet normal -0.5600596338789025 -0.42974707271054374 0.7082730123308021
    outer loop
      vertex 39.30814743041992 39.30814743041992 2.4964466094970703
      vertex 39.60214614868164 38.92499923706055 2.4964466094970703
      vertex 41.60393524169922 40.442352294921875 5
    endloop
  endfacet
  facet normal -0.42974707271054374 -0.5600596338789025 0.7082730123308021
    outer loop
      vertex 39.30814743041992 39.30814743041992 2.4964466094970703
      vertex 40.442352294921875 41.60393524169922 5
      vertex 38.92499923706055 39.60214614868164 2.4964466094970703
    endloop
  endfacet
  facet normal 0.7003353401952798 -0.09219593178233416 0.7078349535282563
    outer loop
      vertex 44.150001525878906 38 2.4964466094970703
      vertex 44.213035583496094 38.478816986083984 2.4964466094970703
      vertex 42 38.83171081542969 4.731999397277832
    endloop
  endfacet
  facet normal 0.6512664504279039 -0.26976854636282543 0.7092791706657731
    outer loop
      vertex 44.213035583496094 38.478816986083984 2.4964466094970703
      vertex 44.39785385131836 38.92499923706055 2.4964466094970703
      vertex 42 39.71855545043945 5
    endloop
  endfacet
  facet normal 0.09219593178233416 -0.7003353401952798 0.7078349535282563
    outer loop
      vertex 45.521183013916016 39.786964416503906 2.4964466094970703
      vertex 46 39.849998474121094 2.4964466094970703
      vertex 45.16828918457031 42 4.731999397277832
    endloop
  endfacet
  facet normal 0.5600596338789025 -0.42974707271054374 0.7082730123308021
    outer loop
      vertex 44.39785385131836 38.92499923706055 2.4964466094970703
      vertex 44.69185256958008 39.30814743041992 2.4964466094970703
      vertex 42.39606475830078 40.442352294921875 5
    endloop
  endfacet
  facet normal 0.42974707271054374 -0.5600596338789025 0.7082730123308021
    outer loop
      vertex 44.69185256958008 39.30814743041992 2.4964466094970703
      vertex 45.07500076293945 39.60214614868164 2.4964466094970703
      vertex 43.557647705078125 41.60393524169922 5
    endloop
  endfacet
  facet normal 0.26976854636282543 -0.6512664504279039 0.7092791706657731
    outer loop
      vertex 45.07500076293945 39.60214614868164 2.4964466094970703
      vertex 45.521183013916016 39.786964416503906 2.4964466094970703
      vertex 44.28144454956055 42 5
    endloop
  endfacet
  facet normal -0.7071065459483729 0 0.7071070164246439
    outer loop
      vertex 39.849998474121094 38 2.4964466094970703
      vertex 42 4 4.646446704864502
      vertex 42 38 4.646446704864502
    endloop
  endfacet
  facet normal -0.0725438666250885 -0.7052434776595449 0.7052439468962158
    outer loop
      vertex 38 39.849998474121094 2.4964466094970703
      vertex 38.83171081542969 42 4.731999397277832
      vertex 38 42 4.646446704864502
    endloop
  endfacet
  facet normal -0.17879288144270752 -0.6849691901086544 0.7062933626668935
    outer loop
      vertex 38.478816986083984 39.786964416503906 2.4964466094970703
      vertex 39.26446533203125 42 4.841547966003418
      vertex 38.83171081542969 42 4.731999397277832
    endloop
  endfacet
  facet normal -0.24689630223763326 -0.662126372634368 0.7075527419234819
    outer loop
      vertex 38.478816986083984 39.786964416503906 2.4964466094970703
      vertex 39.71855545043945 42 5
      vertex 39.26446533203125 42 4.841547966003418
    endloop
  endfacet
  facet normal -0.7052434776595449 -0.0725438666250885 0.7052439468962158
    outer loop
      vertex 39.849998474121094 38 2.4964466094970703
      vertex 42 38 4.646446704864502
      vertex 42 38.83171081542969 4.731999397277832
    endloop
  endfacet
  facet normal -0.6849691901086544 -0.17879288144270752 0.7062933626668935
    outer loop
      vertex 39.786964416503906 38.478816986083984 2.4964466094970703
      vertex 42 38.83171081542969 4.731999397277832
      vertex 42 39.26446533203125 4.841547966003418
    endloop
  endfacet
  facet normal 0.7052434776595449 -0.0725438666250885 0.7052439468962158
    outer loop
      vertex 44.150001525878906 38 2.4964466094970703
      vertex 42 38.83171081542969 4.731999397277832
      vertex 42 38 4.646446704864502
    endloop
  endfacet
  facet normal 0.6849691901086544 -0.17879288144270752 0.7062933626668935
    outer loop
      vertex 44.213035583496094 38.478816986083984 2.4964466094970703
      vertex 42 39.26446533203125 4.841547966003418
      vertex 42 38.83171081542969 4.731999397277832
    endloop
  endfacet
  facet normal 0.17879288144270752 -0.6849691901086544 0.7062933626668935
    outer loop
      vertex 45.521183013916016 39.786964416503906 2.4964466094970703
      vertex 45.16828918457031 42 4.731999397277832
      vertex 44.73553466796875 42 4.841547966003418
    endloop
  endfacet
  facet normal 0.0725438666250885 -0.7052434776595449 0.7052439468962158
    outer loop
      vertex 46 39.849998474121094 2.4964466094970703
      vertex 46 42 4.646446704864502
      vertex 45.16828918457031 42 4.731999397277832
    endloop
  endfacet
  facet normal -0.662126372634368 -0.24689630223763326 0.7075527419234819
    outer loop
      vertex 39.786964416503906 38.478816986083984 2.4964466094970703
      vertex 42 39.26446533203125 4.841547966003418
      vertex 42 39.71855545043945 5
    endloop
  endfacet
  facet normal 0.662126372634368 -0.24689630223763326 0.7075527419234819
    outer loop
      vertex 44.213035583496094 38.478816986083984 2.4964466094970703
      vertex 42 39.71855545043945 5
      vertex 42 39.26446533203125 4.841547966003418
    endloop
  endfacet
  facet normal -0.4513863660750399 -0.5463564401487407 0.7055104455850144
    outer loop
      vertex 39.30814743041992 39.30814743041992 2.4964466094970703
      vertex 41.078426361083984 41.078426361083984 5
      vertex 40.442352294921875 41.60393524169922 5
    endloop
  endfacet
  facet normal -0.6226801257039576 -0.34073325321277703 0.7043935769215538
    outer loop
      vertex 39.60214614868164 38.92499923706055 2.4964466094970703
      vertex 42 39.71855545043945 5
      vertex 41.60393524169922 40.442352294921875 5
    endloop
  endfacet
  facet normal -0.5463564401487407 -0.4513863660750399 0.7055104455850144
    outer loop
      vertex 39.30814743041992 39.30814743041992 2.4964466094970703
      vertex 41.60393524169922 40.442352294921875 5
      vertex 41.078426361083984 41.078426361083984 5
    endloop
  endfacet
  facet normal -0.34073325321277703 -0.6226801257039576 0.7043935769215538
    outer loop
      vertex 38.92499923706055 39.60214614868164 2.4964466094970703
      vertex 40.442352294921875 41.60393524169922 5
      vertex 39.71855545043945 42 5
    endloop
  endfacet
  facet normal 0.6226801257039576 -0.34073325321277703 0.7043935769215538
    outer loop
      vertex 44.39785385131836 38.92499923706055 2.4964466094970703
      vertex 42.39606475830078 40.442352294921875 5
      vertex 42 39.71855545043945 5
    endloop
  endfacet
  facet normal 0.5463564401487407 -0.4513863660750399 0.7055104455850144
    outer loop
      vertex 44.69185256958008 39.30814743041992 2.4964466094970703
      vertex 42.921573638916016 41.078426361083984 5
      vertex 42.39606475830078 40.442352294921875 5
    endloop
  endfacet
  facet normal 0.4513863660750399 -0.5463564401487407 0.7055104455850144
    outer loop
      vertex 44.69185256958008 39.30814743041992 2.4964466094970703
      vertex 43.557647705078125 41.60393524169922 5
      vertex 42.921573638916016 41.078426361083984 5
    endloop
  endfacet
  facet normal 0.24689630223763326 -0.662126372634368 0.7075527419234819
    outer loop
      vertex 45.521183013916016 39.786964416503906 2.4964466094970703
      vertex 44.73553466796875 42 4.841547966003418
      vertex 44.28144454956055 42 5
    endloop
  endfacet
  facet normal 0.34073325321277703 -0.6226801257039576 0.7043935769215538
    outer loop
      vertex 45.07500076293945 39.60214614868164 2.4964466094970703
      vertex 44.28144454956055 42 5
      vertex 43.557647705078125 41.60393524169922 5
    endloop
  endfacet
  facet normal 0 0 1
    outer loop
      vertex 41.078426361083984 41.078426361083984 5
      vertex 41.078426361083984 42.921573638916016 5
      vertex 40.442352294921875 41.60393524169922 5
    endloop
  endfacet
  facet normal 0 0 1
    outer loop
      vertex 41.078426361083984 41.078426361083984 5
      vertex 41.60393524169922 40.442352294921875 5
      vertex 42.39606475830078 40.442352294921875 5
    endloop
  endfacet
  facet normal 0 0 1
    outer loop
      vertex 42 39.71855545043945 5
      vertex 42.39606475830078 40.442352294921875 5
      vertex 41.60393524169922 40.442352294921875 5
    endloop
  endfacet
  facet normal 0 0 1
    outer loop
      vertex 41.078426361083984 41.078426361083984 5
      vertex 42.39606475830078 40.442352294921875 5
      vertex 42.921573638916016 41.078426361083984 5
    endloop
  endfacet
  facet normal 0 0 1
    outer loop
      vertex 41.078426361083984 41.078426361083984 5
      vertex 42.921573638916016 41.078426361083984 5
      vertex 41.078426361083984 42.921573638916016 5
    endloop
  endfacet
  facet normal 0 0 1
    outer loop
      vertex 42.921573638916016 41.078426361083984 5
      vertex 43.557647705078125 41.60393524169922 5
      vertex 42.921573638916016 42.921573638916016 5
    endloop
  endfacet
  facet normal 0 -0.7071065459483729 0.7071070164246439
    outer loop
      vertex 46 39.849998474121094 2.4964466094970703
      vertex 80 42 4.646446704864502
      vertex 46 42 4.646446704864502
    endloop
  endfacet
  facet normal 6.094347697614398e-18 -1.241932731826066e-32 -1
    outer loop
      vertex 7.90683308240073e-14 42.79999999701977 0
      vertex 0.9921875 42.79999999701977 6.046735606226304e-18
      vertex 7.580778111120203e-14 41.20000000298023 0
    endloop
  endfacet
  facet normal 0 0 -1
    outer loop
      vertex 3.184314489364624 38.8156852722168 0
      vertex 3.000993490219116 45.423221588134766 0
      vertex 3.184314489364624 45.1843147277832 0
    endloop
  endfacet
  facet normal 0 0 -1
    outer loop
      vertex 3.000993490219116 38.576778411865234 0
      vertex 2.8857529163360596 45.701438903808594 0
      vertex 3.000993490219116 45.423221588134766 0
    endloop
  endfacet
  facet normal 0 0 -1
    outer loop
      vertex 3.4232232570648193 38.99900817871094 0
      vertex 3.184314489364624 45.1843147277832 0
      vertex 3.4232232570648193 45.00099182128906 0
    endloop
  endfacet
  facet normal 5.810270418862108e-17 0 -1
    outer loop
      vertex 4 39.1535530090332 1.734723475976807e-17
      vertex 3.7014384269714355 44.8857536315918 0
      vertex 4 44.8464469909668 1.734723475976807e-17
    endloop
  endfacet
  facet normal 0 0 -1
    outer loop
      vertex 3.7014384269714355 39.1142463684082 0
      vertex 3.4232232570648193 45.00099182128906 0
      vertex 3.7014384269714355 44.8857536315918 0
    endloop
  endfacet
  facet normal -4.413335687318213e-16 0 -1
    outer loop
      vertex 2.8857529163360596 38.298561096191406 0
      vertex 2.8464465141296387 46 1.734723475976807e-17
      vertex 2.8857529163360596 45.701438903808594 0
    endloop
  endfacet
  facet normal 0.563389480333495 0.4323070601272051 0.7040617154864534
    outer loop
      vertex 3.184314489364624 45.1843147277832 0
      vertex 3.000993490219116 45.423221588134766 0
      vertex 2.397852897644043 45.07500076293945 0.6964465975761414
    endloop
  endfacet
  facet normal 0.656082094909003 0.2717561879590225 0.7040631072892505
    outer loop
      vertex 2.8857529163360596 45.701438903808594 0
      vertex 2.2130372524261475 45.521183013916016 0.6964465975761414
      vertex 3.000993490219116 45.423221588134766 0
    endloop
  endfacet
  facet normal 0.7040626682524382 0.09269181675001091 0.7040624874830639
    outer loop
      vertex 2.8857529163360596 45.701438903808594 0
      vertex 2.8464465141296387 46 1.734723475976807e-17
      vertex 2.1500000953674316 46 0.6964465975761414
    endloop
  endfacet
  facet normal 0.2717539518620812 0.6560852100221538 0.7040610675484963
    outer loop
      vertex 3.4232232570648193 45.00099182128906 0
      vertex 3.075000047683716 44.39785385131836 0.6964465975761414
      vertex 3.7014384269714355 44.8857536315918 0
    endloop
  endfacet
  facet normal 0.43230708362021325 0.5633881471275469 0.7040627678893235
    outer loop
      vertex 3.184314489364624 45.1843147277832 0
      vertex 2.691852569580078 44.69185256958008 0.6964465975761414
      vertex 3.4232232570648193 45.00099182128906 0
    endloop
  endfacet
  facet normal 0.09269205293298537 0.7040613161257426 0.7040638085133731
    outer loop
      vertex 3.7014384269714355 44.8857536315918 0
      vertex 3.5211846828460693 44.213035583496094 0.6964465975761414
      vertex 4 44.8464469909668 1.734723475976807e-17
    endloop
  endfacet
  facet normal 0.27176087097660356 0.6560797614698306 0.7040634741241218
    outer loop
      vertex 3.7014384269714355 44.8857536315918 0
      vertex 3.075000047683716 44.39785385131836 0.6964465975761414
      vertex 3.5211846828460693 44.213035583496094 0.6964465975761414
    endloop
  endfacet
  facet normal 0.0926870452766918 0.7040634643853044 0.7040623195113055
    outer loop
      vertex 4 44.8464469909668 1.734723475976807e-17
      vertex 3.5211846828460693 44.213035583496094 0.6964465975761414
      vertex 4 44.150001525878906 0.6964465975761414
    endloop
  endfacet
  facet normal 0.563390555206351 0.43230437014528345 0.7040625070670711
    outer loop
      vertex 3.184314489364624 45.1843147277832 0
      vertex 2.397852897644043 45.07500076293945 0.6964465975761414
      vertex 2.691852569580078 44.69185256958008 0.6964465975761414
    endloop
  endfacet
  facet normal 0.7040625737426615 0.09269116244843334 0.7040626681331839
    outer loop
      vertex 2.8857529163360596 45.701438903808594 0
      vertex 2.1500000953674316 46 0.6964465975761414
      vertex 2.2130372524261475 45.521183013916016 0.6964465975761414
    endloop
  endfacet
  facet normal 0.6560817271381093 0.27175928099181673 0.7040622561324291
    outer loop
      vertex 3.000993490219116 45.423221588134766 0
      vertex 2.2130372524261475 45.521183013916016 0.6964465975761414
      vertex 2.397852897644043 45.07500076293945 0.6964465975761414
    endloop
  endfacet
  facet normal 0.43230453896974264 0.5633915510188127 0.704061606556397
    outer loop
      vertex 3.4232232570648193 45.00099182128906 0
      vertex 2.691852569580078 44.69185256958008 0.6964465975761414
      vertex 3.075000047683716 44.39785385131836 0.6964465975761414
    endloop
  endfacet
  facet normal 0 0 -1
    outer loop
      vertex 4 39.1535530090332 1.734723475976807e-17
      vertex 4 44.8464469909668 1.734723475976807e-17
      vertex 38 44.8464469909668 1.734723475976807e-17
    endloop
  endfacet
  facet normal 0 0.7071073560981417 0.7071062062744861
    outer loop
      vertex 4 44.8464469909668 1.734723475976807e-17
      vertex 4 44.150001525878906 0.6964465975761414
      vertex 38 44.150001525878906 0.6964465975761414
    endloop
  endfacet
  facet normal 6.094347697614398e-18 -1.2468123818994982e-32 -1
    outer loop
      vertex 2.8464465141296387 38 1.734723475976807e-17
      vertex 0.9921875 43.907812498509884 6.04673560622629e-18
      vertex 1.5487611193520934e-13 80 0
    endloop
  endfacet
  facet normal 6.094347697614582e-18 0 -1
    outer loop
      vertex 2.8464465141296387 38 1.734723475976807e-17
      vertex 1.5487611193520934e-13 80 0
      vertex 2.8464465141296387 46 1.734723475976807e-17
    endloop
  endfacet
  facet normal 6.094347697614398e-18 -1.2442375372980992e-32 -1
    outer loop
      vertex 1.5487611193520934e-13 80 0
      vertex 0.9921875 43.907812498509884 6.04673560622629e-18
      vertex 0.4957386329770088 45 3.021203596501434e-18
    endloop
  endfacet
  facet normal 6.094347697614398e-18 -1.2419327318260694e-32 -1
    outer loop
      vertex 1.5487611193520934e-13 80 0
      vertex 0.4957386329770088 45 3.021203596501434e-18
      vertex 8.355158670188926e-14 45 0
    endloop
  endfacet
  facet normal 0.7071068719620314 0 0.7071066904110522
    outer loop
      vertex 2.8464465141296387 46 1.734723475976807e-17
      vertex 2.8464465141296387 80 1.734723475976807e-17
      vertex 2.1500000953674316 46 0.6964465975761414
    endloop
  endfacet
  facet normal 0 0.7071073560981417 0.7071062062744861
    outer loop
      vertex 4 44.8464469909668 1.734723475976807e-17
      vertex 38 44.150001525878906 0.6964465975761414
      vertex 38 44.8464469909668 1.734723475976807e-17
    endloop
  endfacet
  facet normal 0.6087605400957938 0.7933540223773227 0
    outer loop
      vertex 3.075000047683716 44.39785385131836 0.6964465975761414
      vertex 2.691852569580078 44.69185256958008 0.6964465975761414
      vertex 2.691852569580078 44.69185256958008 2.4964466094970703
    endloop
  endfacet
  facet normal 0.38268792260001505 0.9238776725822987 0
    outer loop
      vertex 3.075000047683716 44.39785385131836 0.6964465975761414
      vertex 3.075000047683716 44.39785385131836 2.4964466094970703
      vertex 3.5211846828460693 44.213035583496094 0.6964465975761414
    endloop
  endfacet
  facet normal 0.13051973046657964 0.9914457120583715 0
    outer loop
      vertex 3.5211846828460693 44.213035583496094 0.6964465975761414
      vertex 3.5211846828460693 44.213035583496094 2.4964466094970703
      vertex 4 44.150001525878906 0.6964465975761414
    endloop
  endfacet
  facet normal 0.7933536175239607 0.6087610677118283 0
    outer loop
      vertex 2.397852897644043 45.07500076293945 0.6964465975761414
      vertex 2.397852897644043 45.07500076293945 2.4964466094970703
      vertex 2.691852569580078 44.69185256958008 0.6964465975761414
    endloop
  endfacet
  facet normal 0.9238788695590462 0.38268503286945904 0
    outer loop
      vertex 2.397852897644043 45.07500076293945 0.6964465975761414
      vertex 2.2130372524261475 45.521183013916016 0.6964465975761414
      vertex 2.2130372524261475 45.521183013916016 2.4964466094970703
    endloop
  endfacet
  facet normal 0.9914449404334391 0.13052559170114683 0
    outer loop
      vertex 2.2130372524261475 45.521183013916016 0.6964465975761414
      vertex 2.1500000953674316 46 0.6964465975761414
      vertex 2.1500000953674316 46 2.4964466094970703
    endloop
  endfacet
  facet normal 0 1 0
    outer loop
      vertex 4 44.150001525878906 0.6964465975761414
      vertex 4 44.150001525878906 2.4964466094970703
      vertex 38 44.150001525878906 0.6964465975761414
    endloop
  endfacet
  facet normal 0.6087605400957938 0.7933540223773227 0
    outer loop
      vertex 3.075000047683716 44.39785385131836 0.6964465975761414
      vertex 2.691852569580078 44.69185256958008 2.4964466094970703
      vertex 3.075000047683716 44.39785385131836 2.4964466094970703
    endloop
  endfacet
  facet normal 0.38268792260001505 0.9238776725822987 0
    outer loop
      vertex 3.5211846828460693 44.213035583496094 0.6964465975761414
      vertex 3.075000047683716 44.39785385131836 2.4964466094970703
      vertex 3.5211846828460693 44.213035583496094 2.4964466094970703
    endloop
  endfacet
  facet normal 0.13051973046657964 0.9914457120583715 0
    outer loop
      vertex 4 44.150001525878906 0.6964465975761414
      vertex 3.5211846828460693 44.213035583496094 2.4964466094970703
      vertex 4 44.150001525878906 2.4964466094970703
    endloop
  endfacet
  facet normal 0.9238788695590462 0.38268503286945904 0
    outer loop
      vertex 2.397852897644043 45.07500076293945 0.6964465975761414
      vertex 2.2130372524261475 45.521183013916016 2.4964466094970703
      vertex 2.397852897644043 45.07500076293945 2.4964466094970703
    endloop
  endfacet
  facet normal 0.7933536175239607 0.6087610677118283 0
    outer loop
      vertex 2.691852569580078 44.69185256958008 0.6964465975761414
      vertex 2.397852897644043 45.07500076293945 2.4964466094970703
      vertex 2.691852569580078 44.69185256958008 2.4964466094970703
    endloop
  endfacet
  facet normal 0.9914449404334391 0.13052559170114683 0
    outer loop
      vertex 2.2130372524261475 45.521183013916016 0.6964465975761414
      vertex 2.1500000953674316 46 2.4964466094970703
      vertex 2.2130372524261475 45.521183013916016 2.4964466094970703
    endloop
  endfacet
  facet normal -1 2.0378435780948596e-15 -1.8748947846025956e-14
    outer loop
      vertex 1.5487611193520934e-13 80 0
      vertex 8.355158670188926e-14 45 0
      vertex -1.5265566588595902e-15 46 4.646446704864502
    endloop
  endfacet
  facet normal 1 0 0
    outer loop
      vertex 2.1500000953674316 46 0.6964465975761414
      vertex 2.1500000953674316 80 2.4964466094970703
      vertex 2.1500000953674316 46 2.4964466094970703
    endloop
  endfacet
  facet normal 0 1 0
    outer loop
      vertex 4 44.150001525878906 2.4964466094970703
      vertex 38 44.150001525878906 2.4964466094970703
      vertex 38 44.150001525878906 0.6964465975761414
    endloop
  endfacet
  facet normal 6.094347697614582e-18 0 -1
    outer loop
      vertex 2.8464465141296387 46 1.734723475976807e-17
      vertex 1.5487611193520934e-13 80 0
      vertex 2.8464465141296387 80 1.734723475976807e-17
    endloop
  endfacet
  facet normal 0.7071068719620314 0 0.7071066904110522
    outer loop
      vertex 2.1500000953674316 46 0.6964465975761414
      vertex 2.8464465141296387 80 1.734723475976807e-17
      vertex 2.1500000953674316 80 0.6964465975761414
    endloop
  endfacet
  facet normal 0 0 -1
    outer loop
      vertex 1.5487611193520934e-13 80 0
      vertex 0.07685887813568115 80.78036499023438 0
      vertex 2.8857529163360596 80.2985610961914 0
    endloop
  endfacet
  facet normal 6.094347697614582e-18 -5.890513488161055e-17 -1
    outer loop
      vertex 1.5487611193520934e-13 80 0
      vertex 2.8857529163360596 80.2985610961914 0
      vertex 2.8464465141296387 80 1.734723475976807e-17
    endloop
  endfacet
  facet normal 0 0 -1
    outer loop
      vertex 0.07685887813568115 80.78036499023438 0
      vertex 0.3044818639755249 81.53073120117188 0
      vertex 3.000993490219116 80.57677459716797 0
    endloop
  endfacet
  facet normal 0 0 -1
    outer loop
      vertex 0.07685887813568115 80.78036499023438 0
      vertex 3.000993490219116 80.57677459716797 0
      vertex 2.8857529163360596 80.2985610961914 0
    endloop
  endfacet
  facet normal 0 0 -1
    outer loop
      vertex 3.000993490219116 80.57677459716797 0
      vertex 0.3044818639755249 81.53073120117188 0
      vertex 3.184314489364624 80.81568908691406 0
    endloop
  endfacet
  facet normal 0 0 -1
    outer loop
      vertex 3.184314489364624 80.81568908691406 0
      vertex 0.6741215586662292 82.22228240966797 0
      vertex 3.4232232570648193 80.99900817871094 0
    endloop
  endfacet
  facet normal 0.7040627011772167 -0.09269182108464996 0.7040624539876079
    outer loop
      vertex 2.8464465141296387 80 1.734723475976807e-17
      vertex 2.8857529163360596 80.2985610961914 0
      vertex 2.2130372524261475 80.47881317138672 0.6964465975761414
    endloop
  endfacet
  facet normal 0.6560801552045307 -0.27175911066021324 0.7040637866841106
    outer loop
      vertex 2.8857529163360596 80.2985610961914 0
      vertex 3.000993490219116 80.57677459716797 0
      vertex 2.397852897644043 80.92500305175781 0.6964465975761414
    endloop
  endfacet
  facet normal 0.5633959477919267 -0.43229821754850273 0.7040619696560977
    outer loop
      vertex 3.000993490219116 80.57677459716797 0
      vertex 3.184314489364624 80.81568908691406 0
      vertex 2.691852569580078 81.30815124511719 0.6964465975761414
    endloop
  endfacet
  facet normal 0.43230106227598347 -0.5633920234466337 0.7040633632506126
    outer loop
      vertex 3.184314489364624 80.81568908691406 0
      vertex 3.4232232570648193 80.99900817871094 0
      vertex 3.075000047683716 81.6021499633789 0.6964465975761414
    endloop
  endfacet
  facet normal 0.2717614005841333 -0.656081475108069 0.7040616728473226
    outer loop
      vertex 3.4232232570648193 80.99900817871094 0
      vertex 3.7014384269714355 81.11425018310547 0
      vertex 3.5211846828460693 81.7869644165039 0.6964465975761414
    endloop
  endfacet
  facet normal 0.09269254197916046 -0.7040650307753031 0.7040600294724969
    outer loop
      vertex 3.7014384269714355 81.11425018310547 0
      vertex 4 81.15355682373047 1.734723475976807e-17
      vertex 4 81.8499984741211 0.6964465975761414
    endloop
  endfacet
  facet normal 0 0 -1
    outer loop
      vertex 3.184314489364624 80.81568908691406 0
      vertex 0.3044818639755249 81.53073120117188 0
      vertex 0.6741215586662292 82.22228240966797 0
    endloop
  endfacet
  facet normal 0 0 -1
    outer loop
      vertex 3.4232232570648193 80.99900817871094 0
      vertex 0.6741215586662292 82.22228240966797 0
      vertex 1.1715729236602783 82.82843017578125 0
    endloop
  endfacet
  facet normal 0 0 -1
    outer loop
      vertex 3.4232232570648193 80.99900817871094 0
      vertex 1.1715729236602783 82.82843017578125 0
      vertex 3.7014384269714355 81.11425018310547 0
    endloop
  endfacet
  facet normal 0 0 -1
    outer loop
      vertex 3.7014384269714355 81.11425018310547 0
      vertex 1.1715729236602783 82.82843017578125 0
      vertex 1.7777190208435059 83.32588195800781 0
    endloop
  endfacet
  facet normal 5.466715057911768e-17 2.609544528781003e-17 -1
    outer loop
      vertex 3.7014384269714355 81.11425018310547 0
      vertex 2.469266176223755 83.69551849365234 0
      vertex 4 81.15355682373047 1.734723475976807e-17
    endloop
  endfacet
  facet normal 0 0 -1
    outer loop
      vertex 3.7014384269714355 81.11425018310547 0
      vertex 1.7777190208435059 83.32588195800781 0
      vertex 2.469266176223755 83.69551849365234 0
    endloop
  endfacet
  facet normal 1.7503963579186034e-18 -5.77028521839911e-18 -1
    outer loop
      vertex 2.469266176223755 83.69551849365234 0
      vertex 3.2196388244628906 83.92314147949219 0
      vertex 4 81.15355682373047 1.734723475976807e-17
    endloop
  endfacet
  facet normal 6.002388527916485e-19 -6.094354844105081e-18 -1
    outer loop
      vertex 3.2196388244628906 83.92314147949219 0
      vertex 4 84 0
      vertex 4 81.15355682373047 1.734723475976807e-17
    endloop
  endfacet
  facet normal 0.7040626619475848 -0.09269191252995367 0.7040624811782121
    outer loop
      vertex 2.8464465141296387 80 1.734723475976807e-17
      vertex 2.2130372524261475 80.47881317138672 0.6964465975761414
      vertex 2.1500000953674316 80 0.6964465975761414
    endloop
  endfacet
  facet normal 0.6560831999035789 -0.2717552442156572 0.7040624418654706
    outer loop
      vertex 2.8857529163360596 80.2985610961914 0
      vertex 2.397852897644043 80.92500305175781 0.6964465975761414
      vertex 2.2130372524261475 80.47881317138672 0.6964465975761414
    endloop
  endfacet
  facet normal 0.5633891549551823 -0.4323032956957849 0.7040642872703092
    outer loop
      vertex 3.000993490219116 80.57677459716797 0
      vertex 2.691852569580078 81.30815124511719 0.6964465975761414
      vertex 2.397852897644043 80.92500305175781 0.6964465975761414
    endloop
  endfacet
  facet normal 0.43230400056900514 -0.563390849359683 0.7040624986106053
    outer loop
      vertex 3.184314489364624 80.81568908691406 0
      vertex 3.075000047683716 81.6021499633789 0.6964465975761414
      vertex 2.691852569580078 81.30815124511719 0.6964465975761414
    endloop
  endfacet
  facet normal 0.2717562264034127 -0.6560820903378934 0.7040630967099734
    outer loop
      vertex 3.4232232570648193 80.99900817871094 0
      vertex 3.5211846828460693 81.7869644165039 0.6964465975761414
      vertex 3.075000047683716 81.6021499633789 0.6964465975761414
    endloop
  endfacet
  facet normal 0.0926871489334339 -0.7040642517760852 0.7040615184723368
    outer loop
      vertex 3.7014384269714355 81.11425018310547 0
      vertex 4 81.8499984741211 0.6964465975761414
      vertex 3.5211846828460693 81.7869644165039 0.6964465975761414
    endloop
  endfacet
  facet normal 0 -6.094354844105081e-18 -1
    outer loop
      vertex 4 81.15355682373047 1.734723475976807e-17
      vertex 4 84 0
      vertex 38 81.15355682373047 1.734723475976807e-17
    endloop
  endfacet
  facet normal 0 -0.7071092926458977 0.7071042697182773
    outer loop
      vertex 4 81.15355682373047 1.734723475976807e-17
      vertex 38 81.15355682373047 1.734723475976807e-17
      vertex 4 81.8499984741211 0.6964465975761414
    endloop
  endfacet
  facet normal 0 -6.094354844105081e-18 -1
    outer loop
      vertex 4 84 0
      vertex 46 81.15355682373047 1.734723475976807e-17
      vertex 38 81.15355682373047 1.734723475976807e-17
    endloop
  endfacet
  facet normal 0 -0.7071092926458977 0.7071042697182773
    outer loop
      vertex 4 81.8499984741211 0.6964465975761414
      vertex 38 81.15355682373047 1.734723475976807e-17
      vertex 38 81.8499984741211 0.6964465975761414
    endloop
  endfacet
  facet normal 1 0 0
    outer loop
      vertex 2.1500000953674316 46 0.6964465975761414
      vertex 2.1500000953674316 80 0.6964465975761414
      vertex 2.1500000953674316 80 2.4964466094970703
    endloop
  endfacet
  facet normal 0.9914448058611707 -0.13052661387972042 0
    outer loop
      vertex 2.1500000953674316 80 0.6964465975761414
      vertex 2.2130372524261475 80.47881317138672 0.6964465975761414
      vertex 2.2130372524261475 80.47881317138672 2.4964466094970703
    endloop
  endfacet
  facet normal 0.923881183041787 -0.3826794476076655 0
    outer loop
      vertex 2.2130372524261475 80.47881317138672 0.6964465975761414
      vertex 2.397852897644043 80.92500305175781 0.6964465975761414
      vertex 2.397852897644043 80.92500305175781 2.4964466094970703
    endloop
  endfacet
  facet normal 0.7933536175239607 -0.6087610677118283 0
    outer loop
      vertex 2.397852897644043 80.92500305175781 0.6964465975761414
      vertex 2.691852569580078 81.30815124511719 0.6964465975761414
      vertex 2.691852569580078 81.30815124511719 2.4964466094970703
    endloop
  endfacet
  facet normal -0.9951847720626824 0.09801667947113381 -3.581706966220655e-14
    outer loop
      vertex 1.5487611193520934e-13 80 0
      vertex -1.2351231148954867e-14 80 4.646446704864502
      vertex 0.07685887813568115 80.78036499023438 0
    endloop
  endfacet
  facet normal -0.9569396682142505 0.2902868777571596 0
    outer loop
      vertex 0.07685887813568115 80.78036499023438 0
      vertex 0.07685887813568115 80.78036499023438 4.646446704864502
      vertex 0.3044818639755249 81.53073120117188 0
    endloop
  endfacet
  facet normal 0.6087605400957938 -0.7933540223773227 0
    outer loop
      vertex 2.691852569580078 81.30815124511719 0.6964465975761414
      vertex 3.075000047683716 81.6021499633789 0.6964465975761414
      vertex 3.075000047683716 81.6021499633789 2.4964466094970703
    endloop
  endfacet
  facet normal 0.38268118056736755 -0.923880465233228 0
    outer loop
      vertex 3.075000047683716 81.6021499633789 0.6964465975761414
      vertex 3.5211846828460693 81.7869644165039 0.6964465975761414
      vertex 3.5211846828460693 81.7869644165039 2.4964466094970703
    endloop
  endfacet
  facet normal 0.13051973046657964 -0.9914457120583715 0
    outer loop
      vertex 3.5211846828460693 81.7869644165039 0.6964465975761414
      vertex 4 81.8499984741211 0.6964465975761414
      vertex 4 81.8499984741211 2.4964466094970703
    endloop
  endfacet
  facet normal -0.8819223922115988 0.47139462673620997 0
    outer loop
      vertex 0.3044818639755249 81.53073120117188 0
      vertex 0.3044818639755249 81.53073120117188 4.646446704864502
      vertex 0.6741215586662292 82.22228240966797 0
    endloop
  endfacet
  facet normal -0.7730112355775602 0.6343923310309272 0
    outer loop
      vertex 0.6741215586662292 82.22228240966797 0
      vertex 0.6741215586662292 82.22228240966797 4.646446704864502
      vertex 1.1715729236602783 82.82843017578125 0
    endloop
  endfacet
  facet normal -0.6343936927128198 0.7730101180749139 0
    outer loop
      vertex 1.1715729236602783 82.82843017578125 0
      vertex 1.1715729236602783 82.82843017578125 4.646446704864502
      vertex 1.7777190208435059 83.32588195800781 0
    endloop
  endfacet
  facet normal -0.47139364214927126 0.8819229184805466 0
    outer loop
      vertex 1.7777190208435059 83.32588195800781 0
      vertex 1.7777190208435059 83.32588195800781 4.646446704864502
      vertex 2.469266176223755 83.69551849365234 0
    endloop
  endfacet
  facet normal -0.2902845972898281 0.9569403599892118 0
    outer loop
      vertex 2.469266176223755 83.69551849365234 0
      vertex 2.469266176223755 83.69551849365234 4.646446704864502
      vertex 3.2196388244628906 83.92314147949219 0
    endloop
  endfacet
  facet normal -0.09801670231362045 0.9951847698129043 0
    outer loop
      vertex 3.2196388244628906 83.92314147949219 0
      vertex 3.2196388244628906 83.92314147949219 4.646446704864502
      vertex 4 84 0
    endloop
  endfacet
  facet normal 0.9914448058611707 -0.13052661387972042 0
    outer loop
      vertex 2.1500000953674316 80 0.6964465975761414
      vertex 2.2130372524261475 80.47881317138672 2.4964466094970703
      vertex 2.1500000953674316 80 2.4964466094970703
    endloop
  endfacet
  facet normal 0.923881183041787 -0.3826794476076655 0
    outer loop
      vertex 2.2130372524261475 80.47881317138672 0.6964465975761414
      vertex 2.397852897644043 80.92500305175781 2.4964466094970703
      vertex 2.2130372524261475 80.47881317138672 2.4964466094970703
    endloop
  endfacet
  facet normal 0.7933536175239607 -0.6087610677118283 0
    outer loop
      vertex 2.397852897644043 80.92500305175781 0.6964465975761414
      vertex 2.691852569580078 81.30815124511719 2.4964466094970703
      vertex 2.397852897644043 80.92500305175781 2.4964466094970703
    endloop
  endfacet
  facet normal 0.6087605400957938 -0.7933540223773227 0
    outer loop
      vertex 2.691852569580078 81.30815124511719 0.6964465975761414
      vertex 3.075000047683716 81.6021499633789 2.4964466094970703
      vertex 2.691852569580078 81.30815124511719 2.4964466094970703
    endloop
  endfacet
  facet normal 0.38268118056736755 -0.923880465233228 0
    outer loop
      vertex 3.075000047683716 81.6021499633789 0.6964465975761414
      vertex 3.5211846828460693 81.7869644165039 2.4964466094970703
      vertex 3.075000047683716 81.6021499633789 2.4964466094970703
    endloop
  endfacet
  facet normal 0.13051973046657964 -0.9914457120583715 0
    outer loop
      vertex 3.5211846828460693 81.7869644165039 0.6964465975761414
      vertex 4 81.8499984741211 2.4964466094970703
      vertex 3.5211846828460693 81.7869644165039 2.4964466094970703
    endloop
  endfacet
  facet normal 0 -1 0
    outer loop
      vertex 4 81.8499984741211 0.6964465975761414
      vertex 38 81.8499984741211 2.4964466094970703
      vertex 4 81.8499984741211 2.4964466094970703
    endloop
  endfacet
  facet normal 0 -1 0
    outer loop
      vertex 4 81.8499984741211 0.6964465975761414
      vertex 38 81.8499984741211 0.6964465975761414
      vertex 38 81.8499984741211 2.4964466094970703
    endloop
  endfacet
  facet normal -5.810279698546804e-17 0 -1
    outer loop
      vertex 38 39.1535530090332 1.734723475976807e-17
      vertex 38 44.8464469909668 1.734723475976807e-17
      vertex 38.298561096191406 44.8857536315918 0
    endloop
  endfacet
  facet normal 0 0 -1
    outer loop
      vertex 38.298561096191406 39.1142463684082 0
      vertex 38.298561096191406 44.8857536315918 0
      vertex 38.576778411865234 45.00099182128906 0
    endloop
  endfacet
  facet normal -0.09269243707335785 0.7040631094704414 0.7040619645970196
    outer loop
      vertex 38 44.8464469909668 1.734723475976807e-17
      vertex 38 44.150001525878906 0.6964465975761414
      vertex 38.298561096191406 44.8857536315918 0
    endloop
  endfacet
  facet normal -0.27175082955145213 0.6560827320227766 0.7040645818244426
    outer loop
      vertex 38.298561096191406 44.8857536315918 0
      vertex 38.478816986083984 44.213035583496094 0.6964465975761414
      vertex 38.576778411865234 45.00099182128906 0
    endloop
  endfacet
  facet normal -0.43231067863793177 0.5633883343058533 0.7040604106919285
    outer loop
      vertex 38.576778411865234 45.00099182128906 0
      vertex 38.92499923706055 44.39785385131836 0.6964465975761414
      vertex 38.8156852722168 45.1843147277832 0
    endloop
  endfacet
  facet normal -0.5633862797691078 0.4323091021087056 0.7040630227485954
    outer loop
      vertex 38.8156852722168 45.1843147277832 0
      vertex 39.30814743041992 44.69185256958008 0.6964465975761414
      vertex 38.99900817871094 45.423221588134766 0
    endloop
  endfacet
  facet normal -0.6560864975193994 0.27175238922797 0.7040604709267643
    outer loop
      vertex 38.99900817871094 45.423221588134766 0
      vertex 39.60214614868164 45.07500076293945 0.6964465975761414
      vertex 39.1142463684082 45.701438903808594 0
    endloop
  endfacet
  facet normal -0.704061145904826 0.09269217856289225 0.7040639621940951
    outer loop
      vertex 39.1142463684082 45.701438903808594 0
      vertex 39.786964416503906 45.521183013916016 0.6964465975761414
      vertex 39.1535530090332 46 1.734723475976807e-17
    endloop
  endfacet
  facet normal -0.09268656380708226 0.7040622611051295 0.7040635861746922
    outer loop
      vertex 38.298561096191406 44.8857536315918 0
      vertex 38 44.150001525878906 0.6964465975761414
      vertex 38.478816986083984 44.213035583496094 0.6964465975761414
    endloop
  endfacet
  facet normal -0.2717629563368682 0.6560812901192069 0.70406124472134
    outer loop
      vertex 38.576778411865234 45.00099182128906 0
      vertex 38.478816986083984 44.213035583496094 0.6964465975761414
      vertex 38.92499923706055 44.39785385131836 0.6964465975761414
    endloop
  endfacet
  facet normal -0.43230347301392114 0.5633912135658263 0.7040625310985719
    outer loop
      vertex 38.8156852722168 45.1843147277832 0
      vertex 38.92499923706055 44.39785385131836 0.6964465975761414
      vertex 39.30814743041992 44.69185256958008 0.6964465975761414
    endloop
  endfacet
  facet normal -0.5633924946650329 0.43230445603180095 0.7040609023729123
    outer loop
      vertex 38.99900817871094 45.423221588134766 0
      vertex 39.30814743041992 44.69185256958008 0.6964465975761414
      vertex 39.60214614868164 45.07500076293945 0.6964465975761414
    endloop
  endfacet
  facet normal 0 0 -1
    outer loop
      vertex 38.576778411865234 38.99900817871094 0
      vertex 38.576778411865234 45.00099182128906 0
      vertex 45.423221588134766 45.00099182128906 0
    endloop
  endfacet
  facet normal 0 0 -1
    outer loop
      vertex 38.576778411865234 45.00099182128906 0
      vertex 38.8156852722168 45.1843147277832 0
      vertex 45.1843147277832 45.1843147277832 0
    endloop
  endfacet
  facet normal 0 0 -1
    outer loop
      vertex 38.8156852722168 45.1843147277832 0
      vertex 38.99900817871094 45.423221588134766 0
      vertex 45.00099182128906 45.423221588134766 0
    endloop
  endfacet
  facet normal 0 0 -1
    outer loop
      vertex 38.99900817871094 45.423221588134766 0
      vertex 39.1142463684082 45.701438903808594 0
      vertex 44.8857536315918 45.701438903808594 0
    endloop
  endfacet
  facet normal 0 5.810279698546804e-17 -1
    outer loop
      vertex 39.1142463684082 45.701438903808594 0
      vertex 39.1535530090332 46 1.734723475976807e-17
      vertex 44.8464469909668 46 1.734723475976807e-17
    endloop
  endfacet
  facet normal 0 0 -1
    outer loop
      vertex 38.576778411865234 45.00099182128906 0
      vertex 45.1843147277832 45.1843147277832 0
      vertex 45.423221588134766 45.00099182128906 0
    endloop
  endfacet
  facet normal 0 0 -1
    outer loop
      vertex 38.8156852722168 45.1843147277832 0
      vertex 45.00099182128906 45.423221588134766 0
      vertex 45.1843147277832 45.1843147277832 0
    endloop
  endfacet
  facet normal 0 0 -1
    outer loop
      vertex 38.99900817871094 45.423221588134766 0
      vertex 44.8857536315918 45.701438903808594 0
      vertex 45.00099182128906 45.423221588134766 0
    endloop
  endfacet
  facet normal 0 5.810279698546804e-17 -1
    outer loop
      vertex 39.1142463684082 45.701438903808594 0
      vertex 44.8464469909668 46 1.734723475976807e-17
      vertex 44.8857536315918 45.701438903808594 0
    endloop
  endfacet
  facet normal 0 0 -1
    outer loop
      vertex 45.701438903808594 39.1142463684082 0
      vertex 45.423221588134766 45.00099182128906 0
      vertex 45.701438903808594 44.8857536315918 0
    endloop
  endfacet
  facet normal 5.810279698546804e-17 0 -1
    outer loop
      vertex 46 39.1535530090332 1.734723475976807e-17
      vertex 45.701438903808594 44.8857536315918 0
      vertex 46 44.8464469909668 1.734723475976807e-17
    endloop
  endfacet
  facet normal 0.5633883343058533 0.43231067863793177 0.7040604106919285
    outer loop
      vertex 45.1843147277832 45.1843147277832 0
      vertex 45.00099182128906 45.423221588134766 0
      vertex 44.39785385131836 45.07500076293945 0.6964465975761414
    endloop
  endfacet
  facet normal 0.4323091021087056 0.5633862797691078 0.7040630227485954
    outer loop
      vertex 45.1843147277832 45.1843147277832 0
      vertex 44.69185256958008 44.69185256958008 0.6964465975761414
      vertex 45.423221588134766 45.00099182128906 0
    endloop
  endfacet
  facet normal 0.6560827320227766 0.27175082955145213 0.7040645818244426
    outer loop
      vertex 45.00099182128906 45.423221588134766 0
      vertex 44.8857536315918 45.701438903808594 0
      vertex 44.213035583496094 45.521183013916016 0.6964465975761414
    endloop
  endfacet
  facet normal 0.7040631094704414 0.09269243707335784 0.7040619645970196
    outer loop
      vertex 44.8857536315918 45.701438903808594 0
      vertex 44.8464469909668 46 1.734723475976807e-17
      vertex 44.150001525878906 46 0.6964465975761414
    endloop
  endfacet
  facet normal 0.27175238922797 0.6560864975193994 0.7040604709267643
    outer loop
      vertex 45.701438903808594 44.8857536315918 0
      vertex 45.423221588134766 45.00099182128906 0
      vertex 45.07500076293945 44.39785385131836 0.6964465975761414
    endloop
  endfacet
  facet normal 0.09269217856289225 0.704061145904826 0.7040639621940951
    outer loop
      vertex 45.701438903808594 44.8857536315918 0
      vertex 45.521183013916016 44.213035583496094 0.6964465975761414
      vertex 46 44.8464469909668 1.734723475976807e-17
    endloop
  endfacet
  facet normal -0.6560789421728381 0.2717619837670722 0.7040638080574483
    outer loop
      vertex 39.1142463684082 45.701438903808594 0
      vertex 39.60214614868164 45.07500076293945 0.6964465975761414
      vertex 39.786964416503906 45.521183013916016 0.6964465975761414
    endloop
  endfacet
  facet normal -0.704063485467592 0.09268672498877852 0.7040623405935588
    outer loop
      vertex 39.1535530090332 46 1.734723475976807e-17
      vertex 39.786964416503906 45.521183013916016 0.6964465975761414
      vertex 39.849998474121094 46 0.6964465975761414
    endloop
  endfacet
  facet normal 0.2717619837670722 0.6560789421728381 0.7040638080574483
    outer loop
      vertex 45.701438903808594 44.8857536315918 0
      vertex 45.07500076293945 44.39785385131836 0.6964465975761414
      vertex 45.521183013916016 44.213035583496094 0.6964465975761414
    endloop
  endfacet
  facet normal 0.09268672498877852 0.704063485467592 0.7040623405935588
    outer loop
      vertex 46 44.8464469909668 1.734723475976807e-17
      vertex 45.521183013916016 44.213035583496094 0.6964465975761414
      vertex 46 44.150001525878906 0.6964465975761414
    endloop
  endfacet
  facet normal 0.5633912135658263 0.43230347301392114 0.7040625310985719
    outer loop
      vertex 45.1843147277832 45.1843147277832 0
      vertex 44.39785385131836 45.07500076293945 0.6964465975761414
      vertex 44.69185256958008 44.69185256958008 0.6964465975761414
    endloop
  endfacet
  facet normal 0.43230445603180095 0.5633924946650329 0.7040609023729123
    outer loop
      vertex 45.423221588134766 45.00099182128906 0
      vertex 44.69185256958008 44.69185256958008 0.6964465975761414
      vertex 45.07500076293945 44.39785385131836 0.6964465975761414
    endloop
  endfacet
  facet normal 0.6560812901192069 0.2717629563368682 0.70406124472134
    outer loop
      vertex 45.00099182128906 45.423221588134766 0
      vertex 44.213035583496094 45.521183013916016 0.6964465975761414
      vertex 44.39785385131836 45.07500076293945 0.6964465975761414
    endloop
  endfacet
  facet normal 0.7040622611051295 0.09268656380708226 0.7040635861746922
    outer loop
      vertex 44.8857536315918 45.701438903808594 0
      vertex 44.150001525878906 46 0.6964465975761414
      vertex 44.213035583496094 45.521183013916016 0.6964465975761414
    endloop
  endfacet
  facet normal 0 0 -1
    outer loop
      vertex 39.1535530090332 46 1.734723475976807e-17
      vertex 44.8464469909668 80 1.734723475976807e-17
      vertex 44.8464469909668 46 1.734723475976807e-17
    endloop
  endfacet
  facet normal 0.7071073560981417 0 0.7071062062744861
    outer loop
      vertex 44.8464469909668 46 1.734723475976807e-17
      vertex 44.8464469909668 80 1.734723475976807e-17
      vertex 44.150001525878906 46 0.6964465975761414
    endloop
  endfacet
  facet normal -0.7071073560981417 0 0.7071062062744861
    outer loop
      vertex 39.1535530090332 46 1.734723475976807e-17
      vertex 39.849998474121094 46 0.6964465975761414
      vertex 39.849998474121094 80 0.6964465975761414
    endloop
  endfacet
  facet normal 0 0 -1
    outer loop
      vertex 46 39.1535530090332 1.734723475976807e-17
      vertex 46 44.8464469909668 1.734723475976807e-17
      vertex 80 44.8464469909668 1.734723475976807e-17
    endloop
  endfacet
  facet normal 0 0.7071073560981417 0.7071062062744861
    outer loop
      vertex 46 44.8464469909668 1.734723475976807e-17
      vertex 46 44.150001525878906 0.6964465975761414
      vertex 80 44.150001525878906 0.6964465975761414
    endloop
  endfacet
  facet normal -0.13051928328627102 0.9914457709277084 0
    outer loop
      vertex 38 44.150001525878906 0.6964465975761414
      vertex 38 44.150001525878906 2.4964466094970703
      vertex 38.478816986083984 44.213035583496094 0.6964465975761414
    endloop
  endfacet
  facet normal -0.3826896680242229 0.9238769495920495 0
    outer loop
      vertex 38.478816986083984 44.213035583496094 0.6964465975761414
      vertex 38.478816986083984 44.213035583496094 2.4964466094970703
      vertex 38.92499923706055 44.39785385131836 0.6964465975761414
    endloop
  endfacet
  facet normal -0.6087598248166396 0.793354571228536 0
    outer loop
      vertex 38.92499923706055 44.39785385131836 0.6964465975761414
      vertex 38.92499923706055 44.39785385131836 2.4964466094970703
      vertex 39.30814743041992 44.69185256958008 0.6964465975761414
    endloop
  endfacet
  facet normal -0.793354571228536 0.6087598248166396 0
    outer loop
      vertex 39.30814743041992 44.69185256958008 0.6964465975761414
      vertex 39.30814743041992 44.69185256958008 2.4964466094970703
      vertex 39.60214614868164 45.07500076293945 0.6964465975761414
    endloop
  endfacet
  facet normal -0.9238769495920495 0.3826896680242229 0
    outer loop
      vertex 39.60214614868164 45.07500076293945 0.6964465975761414
      vertex 39.60214614868164 45.07500076293945 2.4964466094970703
      vertex 39.786964416503906 45.521183013916016 0.6964465975761414
    endloop
  endfacet
  facet normal -0.9914457709277084 0.13051928328627102 0
    outer loop
      vertex 39.786964416503906 45.521183013916016 0.6964465975761414
      vertex 39.786964416503906 45.521183013916016 2.4964466094970703
      vertex 39.849998474121094 46 0.6964465975761414
    endloop
  endfacet
  facet normal 0.6087598248166396 0.793354571228536 0
    outer loop
      vertex 45.07500076293945 44.39785385131836 0.6964465975761414
      vertex 44.69185256958008 44.69185256958008 0.6964465975761414
      vertex 44.69185256958008 44.69185256958008 2.4964466094970703
    endloop
  endfacet
  facet normal 0.3826896680242229 0.9238769495920495 0
    outer loop
      vertex 45.07500076293945 44.39785385131836 0.6964465975761414
      vertex 45.07500076293945 44.39785385131836 2.4964466094970703
      vertex 45.521183013916016 44.213035583496094 0.6964465975761414
    endloop
  endfacet
  facet normal 0.13051928328627102 0.9914457709277084 0
    outer loop
      vertex 45.521183013916016 44.213035583496094 0.6964465975761414
      vertex 45.521183013916016 44.213035583496094 2.4964466094970703
      vertex 46 44.150001525878906 0.6964465975761414
    endloop
  endfacet
  facet normal 0.9238769495920495 0.3826896680242229 0
    outer loop
      vertex 44.213035583496094 45.521183013916016 0.6964465975761414
      vertex 44.213035583496094 45.521183013916016 2.4964466094970703
      vertex 44.39785385131836 45.07500076293945 0.6964465975761414
    endloop
  endfacet
  facet normal 0.9914457709277084 0.13051928328627102 0
    outer loop
      vertex 44.213035583496094 45.521183013916016 0.6964465975761414
      vertex 44.150001525878906 46 0.6964465975761414
      vertex 44.150001525878906 46 2.4964466094970703
    endloop
  endfacet
  facet normal 0.793354571228536 0.6087598248166396 0
    outer loop
      vertex 44.69185256958008 44.69185256958008 0.6964465975761414
      vertex 44.39785385131836 45.07500076293945 0.6964465975761414
      vertex 44.39785385131836 45.07500076293945 2.4964466094970703
    endloop
  endfacet
  facet normal -0.13051928328627102 0.9914457709277084 0
    outer loop
      vertex 38.478816986083984 44.213035583496094 0.6964465975761414
      vertex 38 44.150001525878906 2.4964466094970703
      vertex 38.478816986083984 44.213035583496094 2.4964466094970703
    endloop
  endfacet
  facet normal -0.3826896680242229 0.9238769495920495 0
    outer loop
      vertex 38.92499923706055 44.39785385131836 0.6964465975761414
      vertex 38.478816986083984 44.213035583496094 2.4964466094970703
      vertex 38.92499923706055 44.39785385131836 2.4964466094970703
    endloop
  endfacet
  facet normal -0.6087598248166396 0.793354571228536 0
    outer loop
      vertex 39.30814743041992 44.69185256958008 0.6964465975761414
      vertex 38.92499923706055 44.39785385131836 2.4964466094970703
      vertex 39.30814743041992 44.69185256958008 2.4964466094970703
    endloop
  endfacet
  facet normal -0.793354571228536 0.6087598248166396 0
    outer loop
      vertex 39.60214614868164 45.07500076293945 0.6964465975761414
      vertex 39.30814743041992 44.69185256958008 2.4964466094970703
      vertex 39.60214614868164 45.07500076293945 2.4964466094970703
    endloop
  endfacet
  facet normal -0.9238769495920495 0.3826896680242229 0
    outer loop
      vertex 39.786964416503906 45.521183013916016 0.6964465975761414
      vertex 39.60214614868164 45.07500076293945 2.4964466094970703
      vertex 39.786964416503906 45.521183013916016 2.4964466094970703
    endloop
  endfacet
  facet normal -0.9914457709277084 0.13051928328627102 0
    outer loop
      vertex 39.849998474121094 46 0.6964465975761414
      vertex 39.786964416503906 45.521183013916016 2.4964466094970703
      vertex 39.849998474121094 46 2.4964466094970703
    endloop
  endfacet
  facet normal 0.6087598248166396 0.793354571228536 0
    outer loop
      vertex 45.07500076293945 44.39785385131836 0.6964465975761414
      vertex 44.69185256958008 44.69185256958008 2.4964466094970703
      vertex 45.07500076293945 44.39785385131836 2.4964466094970703
    endloop
  endfacet
  facet normal 0.3826896680242229 0.9238769495920495 0
    outer loop
      vertex 45.521183013916016 44.213035583496094 0.6964465975761414
      vertex 45.07500076293945 44.39785385131836 2.4964466094970703
      vertex 45.521183013916016 44.213035583496094 2.4964466094970703
    endloop
  endfacet
  facet normal 0.13051928328627102 0.9914457709277084 0
    outer loop
      vertex 46 44.150001525878906 0.6964465975761414
      vertex 45.521183013916016 44.213035583496094 2.4964466094970703
      vertex 46 44.150001525878906 2.4964466094970703
    endloop
  endfacet
  facet normal 0.9914457709277084 0.13051928328627102 0
    outer loop
      vertex 44.213035583496094 45.521183013916016 0.6964465975761414
      vertex 44.150001525878906 46 2.4964466094970703
      vertex 44.213035583496094 45.521183013916016 2.4964466094970703
    endloop
  endfacet
  facet normal 0.793354571228536 0.6087598248166396 0
    outer loop
      vertex 44.69185256958008 44.69185256958008 0.6964465975761414
      vertex 44.39785385131836 45.07500076293945 2.4964466094970703
      vertex 44.69185256958008 44.69185256958008 2.4964466094970703
    endloop
  endfacet
  facet normal 0.9238769495920495 0.3826896680242229 0
    outer loop
      vertex 44.39785385131836 45.07500076293945 0.6964465975761414
      vertex 44.213035583496094 45.521183013916016 2.4964466094970703
      vertex 44.39785385131836 45.07500076293945 2.4964466094970703
    endloop
  endfacet
  facet normal -1 0 0
    outer loop
      vertex 39.849998474121094 46 0.6964465975761414
      vertex 39.849998474121094 46 2.4964466094970703
      vertex 39.849998474121094 80 0.6964465975761414
    endloop
  endfacet
  facet normal 1 0 0
    outer loop
      vertex 44.150001525878906 46 0.6964465975761414
      vertex 44.150001525878906 80 2.4964466094970703
      vertex 44.150001525878906 46 2.4964466094970703
    endloop
  endfacet
  facet normal 0 1 0
    outer loop
      vertex 46 44.150001525878906 0.6964465975761414
      vertex 46 44.150001525878906 2.4964466094970703
      vertex 80 44.150001525878906 0.6964465975761414
    endloop
  endfacet
  facet normal 0 0 -1
    outer loop
      vertex 39.1535530090332 46 1.734723475976807e-17
      vertex 39.1535530090332 80 1.734723475976807e-17
      vertex 44.8464469909668 80 1.734723475976807e-17
    endloop
  endfacet
  facet normal -0.7071073560981417 0 0.7071062062744861
    outer loop
      vertex 39.1535530090332 46 1.734723475976807e-17
      vertex 39.849998474121094 80 0.6964465975761414
      vertex 39.1535530090332 80 1.734723475976807e-17
    endloop
  endfacet
  facet normal 0.7071073560981417 0 0.7071062062744861
    outer loop
      vertex 44.150001525878906 46 0.6964465975761414
      vertex 44.8464469909668 80 1.734723475976807e-17
      vertex 44.150001525878906 80 0.6964465975761414
    endloop
  endfacet
  facet normal -0.09269243023693155 -0.7040630575430598 0.7040620174245233
    outer loop
      vertex 38 81.15355682373047 1.734723475976807e-17
      vertex 38.298561096191406 81.11425018310547 0
      vertex 38.478816986083984 81.7869644165039 0.6964465975761414
    endloop
  endfacet
  facet normal -0.7040631094704414 -0.09269243707335785 0.7040619645970196
    outer loop
      vertex 39.1535530090332 80 1.734723475976807e-17
      vertex 39.849998474121094 80 0.6964465975761414
      vertex 39.1142463684082 80.2985610961914 0
    endloop
  endfacet
  facet normal -0.6560823097889873 -0.2717543807439192 0.7040636046043258
    outer loop
      vertex 39.1142463684082 80.2985610961914 0
      vertex 39.786964416503906 80.47881317138672 0.6964465975761414
      vertex 38.99900817871094 80.57677459716797 0
    endloop
  endfacet
  facet normal -0.27175917243288694 -0.6560811560095248 0.7040628302415902
    outer loop
      vertex 38.298561096191406 81.11425018310547 0
      vertex 38.576778411865234 80.99900817871094 0
      vertex 38.92499923706055 81.6021499633789 0.6964465975761414
    endloop
  endfacet
  facet normal -0.43230372362691977 -0.5633909939093293 0.7040625529881261
    outer loop
      vertex 38.576778411865234 80.99900817871094 0
      vertex 38.8156852722168 80.81568908691406 0
      vertex 39.30814743041992 81.30815124511719 0.6964465975761414
    endloop
  endfacet
  facet normal -0.5633925561891542 -0.43230011292962134 0.7040635198557638
    outer loop
      vertex 38.99900817871094 80.57677459716797 0
      vertex 39.60214614868164 80.92500305175781 0.6964465975761414
      vertex 38.8156852722168 80.81568908691406 0
    endloop
  endfacet
  facet normal -0.5633912135658263 -0.43230347301392114 0.7040625310985719
    outer loop
      vertex 38.8156852722168 80.81568908691406 0
      vertex 39.60214614868164 80.92500305175781 0.6964465975761414
      vertex 39.30814743041992 81.30815124511719 0.6964465975761414
    endloop
  endfacet
  facet normal -0.4323035167783691 -0.5633912706010041 0.7040624585870494
    outer loop
      vertex 38.576778411865234 80.99900817871094 0
      vertex 39.30814743041992 81.30815124511719 0.6964465975761414
      vertex 38.92499923706055 81.6021499633789 0.6964465975761414
    endloop
  endfacet
  facet normal -0.09268697664826711 -0.7040653971141273 0.7040603958087188
    outer loop
      vertex 38 81.15355682373047 1.734723475976807e-17
      vertex 38.478816986083984 81.7869644165039 0.6964465975761414
      vertex 38 81.8499984741211 0.6964465975761414
    endloop
  endfacet
  facet normal -0.27175775414366365 -0.6560822728628525 0.704062336940349
    outer loop
      vertex 38.298561096191406 81.11425018310547 0
      vertex 38.92499923706055 81.6021499633789 0.6964465975761414
      vertex 38.478816986083984 81.7869644165039 0.6964465975761414
    endloop
  endfacet
  facet normal 0 -5.810279698546804e-17 -1
    outer loop
      vertex 39.1535530090332 80 1.734723475976807e-17
      vertex 39.1142463684082 80.2985610961914 0
      vertex 44.8857536315918 80.2985610961914 0
    endloop
  endfacet
  facet normal 0 0 -1
    outer loop
      vertex 39.1142463684082 80.2985610961914 0
      vertex 38.99900817871094 80.57677459716797 0
      vertex 45.00099182128906 80.57677459716797 0
    endloop
  endfacet
  facet normal 0 4.4133089177645974e-16 -1
    outer loop
      vertex 38 81.15355682373047 1.734723475976807e-17
      vertex 46 81.15355682373047 1.734723475976807e-17
      vertex 38.298561096191406 81.11425018310547 0
    endloop
  endfacet
  facet normal 0 0 -1
    outer loop
      vertex 38.99900817871094 80.57677459716797 0
      vertex 38.8156852722168 80.81568908691406 0
      vertex 45.1843147277832 80.81568908691406 0
    endloop
  endfacet
  facet normal 0 0 -1
    outer loop
      vertex 38.576778411865234 80.99900817871094 0
      vertex 45.423221588134766 80.99900817871094 0
      vertex 38.8156852722168 80.81568908691406 0
    endloop
  endfacet
  facet normal 0 0 -1
    outer loop
      vertex 38.298561096191406 81.11425018310547 0
      vertex 45.701438903808594 81.11425018310547 0
      vertex 38.576778411865234 80.99900817871094 0
    endloop
  endfacet
  facet normal 0 -5.810279698546804e-17 -1
    outer loop
      vertex 39.1535530090332 80 1.734723475976807e-17
      vertex 44.8857536315918 80.2985610961914 0
      vertex 44.8464469909668 80 1.734723475976807e-17
    endloop
  endfacet
  facet normal 0 0 -1
    outer loop
      vertex 39.1142463684082 80.2985610961914 0
      vertex 45.00099182128906 80.57677459716797 0
      vertex 44.8857536315918 80.2985610961914 0
    endloop
  endfacet
  facet normal 0 0 -1
    outer loop
      vertex 38.99900817871094 80.57677459716797 0
      vertex 45.1843147277832 80.81568908691406 0
      vertex 45.00099182128906 80.57677459716797 0
    endloop
  endfacet
  facet normal 0 0 -1
    outer loop
      vertex 38.8156852722168 80.81568908691406 0
      vertex 45.423221588134766 80.99900817871094 0
      vertex 45.1843147277832 80.81568908691406 0
    endloop
  endfacet
  facet normal 0 0 -1
    outer loop
      vertex 38.576778411865234 80.99900817871094 0
      vertex 45.701438903808594 81.11425018310547 0
      vertex 45.423221588134766 80.99900817871094 0
    endloop
  endfacet
  facet normal 0 4.4133089177645974e-16 -1
    outer loop
      vertex 38.298561096191406 81.11425018310547 0
      vertex 46 81.15355682373047 1.734723475976807e-17
      vertex 45.701438903808594 81.11425018310547 0
    endloop
  endfacet
  facet normal 0.7040613975785738 -0.09269221169664506 0.7040637061591016
    outer loop
      vertex 44.8464469909668 80 1.734723475976807e-17
      vertex 44.8857536315918 80.2985610961914 0
      vertex 44.213035583496094 80.47881317138672 0.6964465975761414
    endloop
  endfacet
  facet normal 0.6560835974453825 -0.2717549141011841 0.7040621988325915
    outer loop
      vertex 44.8857536315918 80.2985610961914 0
      vertex 45.00099182128906 80.57677459716797 0
      vertex 44.39785385131836 80.92500305175781 0.6964465975761414
    endloop
  endfacet
  facet normal 0.563393514259872 -0.4323008480725957 0.7040623018211001
    outer loop
      vertex 45.00099182128906 80.57677459716797 0
      vertex 45.1843147277832 80.81568908691406 0
      vertex 44.69185256958008 81.30815124511719 0.6964465975761414
    endloop
  endfacet
  facet normal 0.43230379381441186 -0.5633910853797441 0.7040624366974143
    outer loop
      vertex 45.1843147277832 80.81568908691406 0
      vertex 45.423221588134766 80.99900817871094 0
      vertex 45.07500076293945 81.6021499633789 0.6964465975761414
    endloop
  endfacet
  facet normal 0.2717594029944874 -0.656081712631478 0.7040622225589342
    outer loop
      vertex 45.423221588134766 80.99900817871094 0
      vertex 45.701438903808594 81.11425018310547 0
      vertex 45.521183013916016 81.7869644165039 0.6964465975761414
    endloop
  endfacet
  facet normal 0.09269268874808687 -0.704065021113914 0.7040600198111765
    outer loop
      vertex 45.701438903808594 81.11425018310547 0
      vertex 46 81.15355682373047 1.734723475976807e-17
      vertex 46 81.8499984741211 0.6964465975761414
    endloop
  endfacet
  facet normal -0.7040623698372538 -0.09268731655372761 0.7040633783468779
    outer loop
      vertex 39.1142463684082 80.2985610961914 0
      vertex 39.849998474121094 80 0.6964465975761414
      vertex 39.786964416503906 80.47881317138672 0.6964465975761414
    endloop
  endfacet
  facet normal -0.6560818167203166 -0.2717585275916302 0.7040624634577517
    outer loop
      vertex 38.99900817871094 80.57677459716797 0
      vertex 39.786964416503906 80.47881317138672 0.6964465975761414
      vertex 39.60214614868164 80.92500305175781 0.6964465975761414
    endloop
  endfacet
  facet normal 0.704063437279185 -0.09268745707867598 0.7040622924052301
    outer loop
      vertex 44.8464469909668 80 1.734723475976807e-17
      vertex 44.213035583496094 80.47881317138672 0.6964465975761414
      vertex 44.150001525878906 80 0.6964465975761414
    endloop
  endfacet
  facet normal 0.6560810138295978 -0.27175819502274323 0.7040633399988298
    outer loop
      vertex 44.8857536315918 80.2985610961914 0
      vertex 44.39785385131836 80.92500305175781 0.6964465975761414
      vertex 44.213035583496094 80.47881317138672 0.6964465975761414
    endloop
  endfacet
  facet normal 0.5633906161592412 -0.43230301460964476 0.7040632906089649
    outer loop
      vertex 45.00099182128906 80.57677459716797 0
      vertex 44.69185256958008 81.30815124511719 0.6964465975761414
      vertex 44.39785385131836 80.92500305175781 0.6964465975761414
    endloop
  endfacet
  facet normal 0.43230347301392114 -0.5633912135658263 0.7040625310985719
    outer loop
      vertex 45.1843147277832 80.81568908691406 0
      vertex 45.07500076293945 81.6021499633789 0.6964465975761414
      vertex 44.69185256958008 81.30815124511719 0.6964465975761414
    endloop
  endfacet
  facet normal 0.2717576103774885 -0.6560819257800645 0.7040627158617613
    outer loop
      vertex 45.423221588134766 80.99900817871094 0
      vertex 45.521183013916016 81.7869644165039 0.6964465975761414
      vertex 45.07500076293945 81.6021499633789 0.6964465975761414
    endloop
  endfacet
  facet normal 0.09268681546614081 -0.7040641727483979 0.704061641399998
    outer loop
      vertex 45.701438903808594 81.11425018310547 0
      vertex 46 81.8499984741211 0.6964465975761414
      vertex 45.521183013916016 81.7869644165039 0.6964465975761414
    endloop
  endfacet
  facet normal 0 -6.094354844105081e-18 -1
    outer loop
      vertex 4 84 0
      vertex 122 84 0
      vertex 46 81.15355682373047 1.734723475976807e-17
    endloop
  endfacet
  facet normal 0 -0.7071092926458977 0.7071042697182773
    outer loop
      vertex 46 81.15355682373047 1.734723475976807e-17
      vertex 80 81.15355682373047 1.734723475976807e-17
      vertex 46 81.8499984741211 0.6964465975761414
    endloop
  endfacet
  facet normal 1 0 0
    outer loop
      vertex 44.150001525878906 46 0.6964465975761414
      vertex 44.150001525878906 80 0.6964465975761414
      vertex 44.150001525878906 80 2.4964466094970703
    endloop
  endfacet
  facet normal -1 0 0
    outer loop
      vertex 39.849998474121094 46 2.4964466094970703
      vertex 39.849998474121094 80 2.4964466094970703
      vertex 39.849998474121094 80 0.6964465975761414
    endloop
  endfacet
  facet normal -0.13051928328627102 -0.9914457709277084 0
    outer loop
      vertex 38 81.8499984741211 0.6964465975761414
      vertex 38.478816986083984 81.7869644165039 0.6964465975761414
      vertex 38.478816986083984 81.7869644165039 2.4964466094970703
    endloop
  endfacet
  facet normal -0.38268292597137704 -0.9238797422662679 0
    outer loop
      vertex 38.478816986083984 81.7869644165039 0.6964465975761414
      vertex 38.92499923706055 81.6021499633789 0.6964465975761414
      vertex 38.92499923706055 81.6021499633789 2.4964466094970703
    endloop
  endfacet
  facet normal -0.6087598248166396 -0.793354571228536 0
    outer loop
      vertex 39.30814743041992 81.30815124511719 0.6964465975761414
      vertex 39.30814743041992 81.30815124511719 2.4964466094970703
      vertex 38.92499923706055 81.6021499633789 0.6964465975761414
    endloop
  endfacet
  facet normal -0.9914456363683349 -0.13052030541715426 0
    outer loop
      vertex 39.849998474121094 80 0.6964465975761414
      vertex 39.849998474121094 80 2.4964466094970703
      vertex 39.786964416503906 80.47881317138672 0.6964465975761414
    endloop
  endfacet
  facet normal -0.9238792631260255 -0.38268408271799337 0
    outer loop
      vertex 39.786964416503906 80.47881317138672 0.6964465975761414
      vertex 39.786964416503906 80.47881317138672 2.4964466094970703
      vertex 39.60214614868164 80.92500305175781 0.6964465975761414
    endloop
  endfacet
  facet normal -0.793354571228536 -0.6087598248166396 0
    outer loop
      vertex 39.30814743041992 81.30815124511719 0.6964465975761414
      vertex 39.60214614868164 80.92500305175781 0.6964465975761414
      vertex 39.60214614868164 80.92500305175781 2.4964466094970703
    endloop
  endfacet
  facet normal 0.9914456363683349 -0.13052030541715426 0
    outer loop
      vertex 44.150001525878906 80 0.6964465975761414
      vertex 44.213035583496094 80.47881317138672 0.6964465975761414
      vertex 44.213035583496094 80.47881317138672 2.4964466094970703
    endloop
  endfacet
  facet normal 0.9238792631260255 -0.38268408271799337 0
    outer loop
      vertex 44.213035583496094 80.47881317138672 0.6964465975761414
      vertex 44.39785385131836 80.92500305175781 0.6964465975761414
      vertex 44.39785385131836 80.92500305175781 2.4964466094970703
    endloop
  endfacet
  facet normal 0.793354571228536 -0.6087598248166396 0
    outer loop
      vertex 44.39785385131836 80.92500305175781 0.6964465975761414
      vertex 44.69185256958008 81.30815124511719 0.6964465975761414
      vertex 44.69185256958008 81.30815124511719 2.4964466094970703
    endloop
  endfacet
  facet normal 0.6087598248166396 -0.793354571228536 0
    outer loop
      vertex 44.69185256958008 81.30815124511719 0.6964465975761414
      vertex 45.07500076293945 81.6021499633789 0.6964465975761414
      vertex 45.07500076293945 81.6021499633789 2.4964466094970703
    endloop
  endfacet
  facet normal 0.38268292597137704 -0.9238797422662679 0
    outer loop
      vertex 45.07500076293945 81.6021499633789 0.6964465975761414
      vertex 45.521183013916016 81.7869644165039 0.6964465975761414
      vertex 45.521183013916016 81.7869644165039 2.4964466094970703
    endloop
  endfacet
  facet normal 0.13051928328627102 -0.9914457709277084 0
    outer loop
      vertex 45.521183013916016 81.7869644165039 0.6964465975761414
      vertex 46 81.8499984741211 0.6964465975761414
      vertex 46 81.8499984741211 2.4964466094970703
    endloop
  endfacet
  facet normal -0.13051928328627102 -0.9914457709277084 0
    outer loop
      vertex 38 81.8499984741211 0.6964465975761414
      vertex 38.478816986083984 81.7869644165039 2.4964466094970703
      vertex 38 81.8499984741211 2.4964466094970703
    endloop
  endfacet
  facet normal -0.38268292597137704 -0.9238797422662679 0
    outer loop
      vertex 38.478816986083984 81.7869644165039 0.6964465975761414
      vertex 38.92499923706055 81.6021499633789 2.4964466094970703
      vertex 38.478816986083984 81.7869644165039 2.4964466094970703
    endloop
  endfacet
  facet normal -0.6087598248166396 -0.793354571228536 0
    outer loop
      vertex 38.92499923706055 81.6021499633789 0.6964465975761414
      vertex 39.30814743041992 81.30815124511719 2.4964466094970703
      vertex 38.92499923706055 81.6021499633789 2.4964466094970703
    endloop
  endfacet
  facet normal -0.9914456363683349 -0.13052030541715426 0
    outer loop
      vertex 39.786964416503906 80.47881317138672 0.6964465975761414
      vertex 39.849998474121094 80 2.4964466094970703
      vertex 39.786964416503906 80.47881317138672 2.4964466094970703
    endloop
  endfacet
  facet normal -0.9238792631260255 -0.38268408271799337 0
    outer loop
      vertex 39.60214614868164 80.92500305175781 0.6964465975761414
      vertex 39.786964416503906 80.47881317138672 2.4964466094970703
      vertex 39.60214614868164 80.92500305175781 2.4964466094970703
    endloop
  endfacet
  facet normal -0.793354571228536 -0.6087598248166396 0
    outer loop
      vertex 39.30814743041992 81.30815124511719 0.6964465975761414
      vertex 39.60214614868164 80.92500305175781 2.4964466094970703
      vertex 39.30814743041992 81.30815124511719 2.4964466094970703
    endloop
  endfacet
  facet normal 0.9914456363683349 -0.13052030541715426 0
    outer loop
      vertex 44.150001525878906 80 0.6964465975761414
      vertex 44.213035583496094 80.47881317138672 2.4964466094970703
      vertex 44.150001525878906 80 2.4964466094970703
    endloop
  endfacet
  facet normal 0.9238792631260255 -0.38268408271799337 0
    outer loop
      vertex 44.213035583496094 80.47881317138672 0.6964465975761414
      vertex 44.39785385131836 80.92500305175781 2.4964466094970703
      vertex 44.213035583496094 80.47881317138672 2.4964466094970703
    endloop
  endfacet
  facet normal 0.793354571228536 -0.6087598248166396 0
    outer loop
      vertex 44.39785385131836 80.92500305175781 0.6964465975761414
      vertex 44.69185256958008 81.30815124511719 2.4964466094970703
      vertex 44.39785385131836 80.92500305175781 2.4964466094970703
    endloop
  endfacet
  facet normal 0.6087598248166396 -0.793354571228536 0
    outer loop
      vertex 44.69185256958008 81.30815124511719 0.6964465975761414
      vertex 45.07500076293945 81.6021499633789 2.4964466094970703
      vertex 44.69185256958008 81.30815124511719 2.4964466094970703
    endloop
  endfacet
  facet normal 0.38268292597137704 -0.9238797422662679 0
    outer loop
      vertex 45.07500076293945 81.6021499633789 0.6964465975761414
      vertex 45.521183013916016 81.7869644165039 2.4964466094970703
      vertex 45.07500076293945 81.6021499633789 2.4964466094970703
    endloop
  endfacet
  facet normal 0.13051928328627102 -0.9914457709277084 0
    outer loop
      vertex 45.521183013916016 81.7869644165039 0.6964465975761414
      vertex 46 81.8499984741211 2.4964466094970703
      vertex 45.521183013916016 81.7869644165039 2.4964466094970703
    endloop
  endfacet
  facet normal 0 -1 0
    outer loop
      vertex 46 81.8499984741211 0.6964465975761414
      vertex 80 81.8499984741211 2.4964466094970703
      vertex 46 81.8499984741211 2.4964466094970703
    endloop
  endfacet
  facet normal -1 2.0378435780948628e-15 -1.8748947846025956e-14
    outer loop
      vertex 7.90683308240073e-14 42.79999999701977 0
      vertex 0 41.20000000298023 4.043308549032543
      vertex 0 42.79999999701977 4.217214292415171
    endloop
  endfacet
  facet normal 0.5600590822249041 0.4297480434273588 0.7082728595589096
    outer loop
      vertex 2.397852897644043 45.07500076293945 2.4964466094970703
      vertex 0.9578077251605348 43.983448002743934 4.297451721354216
      vertex 2.691852569580078 44.69185256958008 2.4964466094970703
    endloop
  endfacet
  facet normal 0.6512677980824425 0.2697652765182883 0.7092791768872526
    outer loop
      vertex 2.397852897644043 45.07500076293945 2.4964466094970703
      vertex 2.2130372524261475 45.521183013916016 2.4964466094970703
      vertex 0.7148242286872459 44.518011692067866 4.25366538410178
    endloop
  endfacet
  facet normal 0.09219624645130699 0.7003352894253073 0.7078349627744175
    outer loop
      vertex 3.5211846828460693 44.213035583496094 2.4964466094970703
      vertex 3.168290615081787 42 4.731999397277832
      vertex 4 44.150001525878906 2.4964466094970703
    endloop
  endfacet
  facet normal 0.42974765976981716 0.5600593534396553 0.7082728778847321
    outer loop
      vertex 3.075000047683716 44.39785385131836 2.4964466094970703
      vertex 2.691852569580078 44.69185256958008 2.4964466094970703
      vertex 1.5576485395431519 42.39606475830078 5
    endloop
  endfacet
  facet normal 0.26976734634374877 0.651267033423635 0.7092790917701083
    outer loop
      vertex 3.075000047683716 44.39785385131836 2.4964466094970703
      vertex 2.2814462184906006 42 5
      vertex 3.5211846828460693 44.213035583496094 2.4964466094970703
    endloop
  endfacet
  facet normal -1 -4.710706475712417e-15 -1.7651900507856137e-14
    outer loop
      vertex -7.699568136419809e-16 45.16828918457031 4.731999397277832
      vertex 8.355158670188926e-14 45 0
      vertex -7.29187091874045e-16 45 4.77460054549103
    endloop
  endfacet
  facet normal -1 -2.7326635842797442e-15 -1.7722247774898438e-14
    outer loop
      vertex -1.5265566588595902e-15 46 4.646446704864502
      vertex 8.355158670188926e-14 45 0
      vertex -7.699568136419809e-16 45.16828918457031 4.731999397277832
    endloop
  endfacet
  facet normal 0.7003344335559987 0.0922003457787792 0.7078352756214344
    outer loop
      vertex 2.2130372524261475 45.521183013916016 2.4964466094970703
      vertex 2.1500000953674316 46 2.4964466094970703
      vertex -7.699568136419809e-16 45.16828918457031 4.731999397277832
    endloop
  endfacet
  facet normal 0.6226801126859096 0.34073357939420373 0.704393430647019
    outer loop
      vertex 2.397852897644043 45.07500076293945 2.4964466094970703
      vertex 0.7148242286872459 44.518011692067866 4.25366538410178
      vertex 0.9578077251605348 43.983448002743934 4.297451721354216
    endloop
  endfacet
  facet normal 0.5600590822248989 0.4297480434273682 0.7082728595589081
    outer loop
      vertex 2.691852569580078 44.69185256958008 2.4964466094970703
      vertex 0.9578077251605348 43.983448002743934 4.297451721354216
      vertex 0.9921875 43.907812498509884 4.316158501708312
    endloop
  endfacet
  facet normal 0.5600590822249047 0.4297480434273582 0.7082728595589096
    outer loop
      vertex 2.691852569580078 44.69185256958008 2.4964466094970703
      vertex 0.9921875 43.907812498509884 4.316158501708312
      vertex 0.9921875 43.8521544468725 4.349929298470229
    endloop
  endfacet
  facet normal 0.6512677980824424 0.2697652765182884 0.7092791768872525
    outer loop
      vertex 2.2130372524261475 45.521183013916016 2.4964466094970703
      vertex 0.655453201621653 44.648627950899346 4.258502276255444
      vertex 0.7148242286872459 44.518011692067866 4.25366538410178
    endloop
  endfacet
  facet normal 0.6621260922144573 0.24689638386688384 0.7075529758557083
    outer loop
      vertex 2.2130372524261475 45.521183013916016 2.4964466094970703
      vertex 0.5303661459143817 44.92381947195352 4.2795319552628275
      vertex 0.655453201621653 44.648627950899346 4.258502276255444
    endloop
  endfacet
  facet normal 0.6849689159097793 0.17879294470453405 0.7062936125728898
    outer loop
      vertex 2.2130372524261475 45.521183013916016 2.4964466094970703
      vertex 0.4957386329770088 45 4.293829449787806
      vertex 0.5303661459143817 44.92381947195352 4.2795319552628275
    endloop
  endfacet
  facet normal 0 0.7071065459483729 0.7071070164246439
    outer loop
      vertex 4 44.150001525878906 2.4964466094970703
      vertex 4 42 4.646446704864502
      vertex 38 44.150001525878906 2.4964466094970703
    endloop
  endfacet
  facet normal 0.5463568932907098 0.451385742098431 0.7055104938864996
    outer loop
      vertex 2.691852569580078 44.69185256958008 2.4964466094970703
      vertex 0.9921875 43.8521544468725 4.349929298470229
      vertex 0.9921875 42.992188243952 4.900135831255391
    endloop
  endfacet
  facet normal 0.07254399074140525 0.7052434712760195 0.7052439405126861
    outer loop
      vertex 4 44.150001525878906 2.4964466094970703
      vertex 3.168290615081787 42 4.731999397277832
      vertex 4 42 4.646446704864502
    endloop
  endfacet
  facet normal 0.1787916192010079 0.6849694450968334 0.7062934349030988
    outer loop
      vertex 3.5211846828460693 44.213035583496094 2.4964466094970703
      vertex 2.7355329990386963 42 4.841547966003418
      vertex 3.168290615081787 42 4.731999397277832
    endloop
  endfacet
  facet normal 0.6849689159097763 0.1787929447045434 0.7062936125728901
    outer loop
      vertex 2.2130372524261475 45.521183013916016 2.4964466094970703
      vertex -7.699568136419809e-16 45.16828918457031 4.731999397277832
      vertex 0.4957386329770088 45 4.293829449787806
    endloop
  endfacet
  facet normal 0.7052437135126237 0.0725438426184337 0.7052437135126242
    outer loop
      vertex 2.1500000953674316 46 2.4964466094970703
      vertex -1.5265566588595902e-15 46 4.646446704864502
      vertex -7.699568136419809e-16 45.16828918457031 4.731999397277832
    endloop
  endfacet
  facet normal 0.45138566939943375 0.5463569792245797 0.705510473850968
    outer loop
      vertex 2.691852569580078 44.69185256958008 2.4964466094970703
      vertex 0.9921875 42.992188243952 4.900135831255391
      vertex 1.5576485395431519 42.39606475830078 5
    endloop
  endfacet
  facet normal 0.24689817267436587 0.6621255049875844 0.7075529011847775
    outer loop
      vertex 3.5211846828460693 44.213035583496094 2.4964466094970703
      vertex 2.2814462184906006 42 5
      vertex 2.7355329990386963 42 4.841547966003418
    endloop
  endfacet
  facet normal 0.34073301375463405 0.6226804059882618 0.704393444983681
    outer loop
      vertex 3.075000047683716 44.39785385131836 2.4964466094970703
      vertex 1.5576485395431519 42.39606475830078 5
      vertex 2.2814462184906006 42 5
    endloop
  endfacet
  facet normal 0.6849689159097763 0.17879294470454288 0.7062936125728903
    outer loop
      vertex -7.699568136419809e-16 45.16828918457031 4.731999397277832
      vertex -7.29187091874045e-16 45 4.77460054549103
      vertex 0.4957386329770088 45 4.293829449787806
    endloop
  endfacet
  facet normal 0 0 1
    outer loop
      vertex 0 42.79999999701977 5
      vertex 0.9921875 41.20000000298023 5
      vertex 0.9921875 42.79999999701977 5
    endloop
  endfacet
  facet normal 0 0 1
    outer loop
      vertex 1.5576485395431519 42.39606475830078 5
      vertex 0.9921875 42.79999999701977 5
      vertex 0.9921875 41.20000000298023 5
    endloop
  endfacet
  facet normal 0 0 1
    outer loop
      vertex 1.5576485395431519 41.60393524169922 5
      vertex 2.2814462184906006 42 5
      vertex 1.5576485395431519 42.39606475830078 5
    endloop
  endfacet
  facet normal 0.45138566939943936 0.5463569792245838 0.7055104738509611
    outer loop
      vertex 1.5576485395431519 42.39606475830078 5
      vertex 0.9921875 42.992188243952 4.900135831255391
      vertex 0.9921875 42.86323369648427 5
    endloop
  endfacet
  facet normal 0 0 1
    outer loop
      vertex 1.5576485395431519 42.39606475830078 5
      vertex 0.9921875 42.86323369648427 5
      vertex 0.9921875 42.79999999701977 5
    endloop
  endfacet
  facet normal 0.7071067811865474 2.300367906534775e-16 0.7071067811865478
    outer loop
      vertex 2.1500000953674316 46 2.4964466094970703
      vertex -1.2351231148954867e-14 80 4.646446704864502
      vertex -1.5265566588595902e-15 46 4.646446704864502
    endloop
  endfacet
  facet normal 0 0.7071065459483729 0.7071070164246439
    outer loop
      vertex 38 44.150001525878906 2.4964466094970703
      vertex 4 42 4.646446704864502
      vertex 38 42 4.646446704864502
    endloop
  endfacet
  facet normal -1 -3.183727791204493e-16 -3.5990371504549695e-14
    outer loop
      vertex 1.5487611193520934e-13 80 0
      vertex -1.5265566588595902e-15 46 4.646446704864502
      vertex -1.2351231148954867e-14 80 4.646446704864502
    endloop
  endfacet
  facet normal 0.7071067811865454 0 0.7071067811865495
    outer loop
      vertex 2.1500000953674316 46 2.4964466094970703
      vertex 2.1500000953674316 80 2.4964466094970703
      vertex -1.2351231148954867e-14 80 4.646446704864502
    endloop
  endfacet
  facet normal -0.9951847720626616 0.09801667947134503 0
    outer loop
      vertex 0.07685887813568115 80.78036499023438 0
      vertex -1.2351231148954867e-14 80 4.646446704864502
      vertex 0.07685887813568115 80.78036499023438 4.646446704864502
    endloop
  endfacet
  facet normal -0.9569396682142505 0.2902868777571596 0
    outer loop
      vertex 0.3044818639755249 81.53073120117188 0
      vertex 0.07685887813568115 80.78036499023438 4.646446704864502
      vertex 0.3044818639755249 81.53073120117188 4.646446704864502
    endloop
  endfacet
  facet normal -0.8819223922115988 0.47139462673620997 0
    outer loop
      vertex 0.6741215586662292 82.22228240966797 0
      vertex 0.3044818639755249 81.53073120117188 4.646446704864502
      vertex 0.6741215586662292 82.22228240966797 4.646446704864502
    endloop
  endfacet
  facet normal -0.7730112355775602 0.6343923310309272 0
    outer loop
      vertex 1.1715729236602783 82.82843017578125 0
      vertex 0.6741215586662292 82.22228240966797 4.646446704864502
      vertex 1.1715729236602783 82.82843017578125 4.646446704864502
    endloop
  endfacet
  facet normal -0.6343936927128198 0.7730101180749139 0
    outer loop
      vertex 1.7777190208435059 83.32588195800781 0
      vertex 1.1715729236602783 82.82843017578125 4.646446704864502
      vertex 1.7777190208435059 83.32588195800781 4.646446704864502
    endloop
  endfacet
  facet normal -0.47139364214927126 0.8819229184805466 0
    outer loop
      vertex 2.469266176223755 83.69551849365234 0
      vertex 1.7777190208435059 83.32588195800781 4.646446704864502
      vertex 2.469266176223755 83.69551849365234 4.646446704864502
    endloop
  endfacet
  facet normal -0.2902845972898281 0.9569403599892118 0
    outer loop
      vertex 3.2196388244628906 83.92314147949219 0
      vertex 2.469266176223755 83.69551849365234 4.646446704864502
      vertex 3.2196388244628906 83.92314147949219 4.646446704864502
    endloop
  endfacet
  facet normal -0.09801670231362045 0.9951847698129043 0
    outer loop
      vertex 4 84 0
      vertex 3.2196388244628906 83.92314147949219 4.646446704864502
      vertex 4 84 4.646446704864502
    endloop
  endfacet
  facet normal 0 1 0
    outer loop
      vertex 4 84 0
      vertex 4 84 4.646446704864502
      vertex 38 84 4.646446704864502
    endloop
  endfacet
  facet normal 0.699874147945155 -0.09214048238811123 0.7082981777071925
    outer loop
      vertex 2.1500000953674316 80 2.4964466094970703
      vertex 2.2130372524261475 80.47881317138672 2.4964466094970703
      vertex 0.07685887813568115 80.78036499023438 4.646446704864502
    endloop
  endfacet
  facet normal 0.650882747926908 -0.26960117275466006 0.7096949035327991
    outer loop
      vertex 2.2130372524261475 80.47881317138672 2.4964466094970703
      vertex 2.397852897644043 80.92500305175781 2.4964466094970703
      vertex 0.3044818639755249 81.53073120117188 4.646446704864502
    endloop
  endfacet
  facet normal 0.5600391673095769 -0.4297327621897742 0.7082978781416351
    outer loop
      vertex 2.397852897644043 80.92500305175781 2.4964466094970703
      vertex 2.691852569580078 81.30815124511719 2.4964466094970703
      vertex 0.6741215586662292 82.22228240966797 4.646446704864502
    endloop
  endfacet
  facet normal 0.4297322348822281 -0.56003925128814 0.7082981316647285
    outer loop
      vertex 2.691852569580078 81.30815124511719 2.4964466094970703
      vertex 3.075000047683716 81.6021499633789 2.4964466094970703
      vertex 1.7777190208435059 83.32588195800781 4.646446704864502
    endloop
  endfacet
  facet normal 0.2696024297573318 -0.6508823294182453 0.7096948098443596
    outer loop
      vertex 3.075000047683716 81.6021499633789 2.4964466094970703
      vertex 3.5211846828460693 81.7869644165039 2.4964466094970703
      vertex 2.469266176223755 83.69551849365234 4.646446704864502
    endloop
  endfacet
  facet normal 0.09213567081822652 -0.6998751486369518 0.7082978148231717
    outer loop
      vertex 3.5211846828460693 81.7869644165039 2.4964466094970703
      vertex 4 81.8499984741211 2.4964466094970703
      vertex 3.2196388244628906 83.92314147949219 4.646446704864502
    endloop
  endfacet
  facet normal 0 1 0
    outer loop
      vertex 4 84 0
      vertex 38 84 4.646446704864502
      vertex 46 84 4.646446704864502
    endloop
  endfacet
  facet normal 0 -0.7071065459483729 0.7071070164246439
    outer loop
      vertex 4 81.8499984741211 2.4964466094970703
      vertex 38 81.8499984741211 2.4964466094970703
      vertex 38 84 4.646446704864502
    endloop
  endfacet
  facet normal 0.705398177977397 -0.0694753266442947 0.7053981779774011
    outer loop
      vertex 2.1500000953674316 80 2.4964466094970703
      vertex 0.07685887813568115 80.78036499023438 4.646446704864502
      vertex -1.2351231148954867e-14 80 4.646446704864502
    endloop
  endfacet
  facet normal 0.6795395798725737 -0.20613778434092073 0.7040832147222529
    outer loop
      vertex 2.2130372524261475 80.47881317138672 2.4964466094970703
      vertex 0.3044818639755249 81.53073120117188 4.646446704864502
      vertex 0.07685887813568115 80.78036499023438 4.646446704864502
    endloop
  endfacet
  facet normal 0.6262688765060284 -0.33474576208088047 0.7040827856784795
    outer loop
      vertex 2.397852897644043 80.92500305175781 2.4964466094970703
      vertex 0.6741215586662292 82.22228240966797 4.646446704864502
      vertex 0.3044818639755249 81.53073120117188 4.646446704864502
    endloop
  endfacet
  facet normal 0.5479191759107873 -0.4496645161475314 0.70539804336775
    outer loop
      vertex 2.691852569580078 81.30815124511719 2.4964466094970703
      vertex 1.1715729236602783 82.82843017578125 4.646446704864502
      vertex 0.6741215586662292 82.22228240966797 4.646446704864502
    endloop
  endfacet
  facet normal 0.44966545287186377 -0.5479183491441809 0.7053980884328062
    outer loop
      vertex 2.691852569580078 81.30815124511719 2.4964466094970703
      vertex 1.7777190208435059 83.32588195800781 4.646446704864502
      vertex 1.1715729236602783 82.82843017578125 4.646446704864502
    endloop
  endfacet
  facet normal 0.3347449854665674 -0.6262691053349406 0.7040829513686301
    outer loop
      vertex 3.075000047683716 81.6021499633789 2.4964466094970703
      vertex 2.469266176223755 83.69551849365234 4.646446704864502
      vertex 1.7777190208435059 83.32588195800781 4.646446704864502
    endloop
  endfacet
  facet normal 0.20613627016241398 -0.6795404179819571 0.704082849139528
    outer loop
      vertex 3.5211846828460693 81.7869644165039 2.4964466094970703
      vertex 3.2196388244628906 83.92314147949219 4.646446704864502
      vertex 2.469266176223755 83.69551849365234 4.646446704864502
    endloop
  endfacet
  facet normal 0.06947531991201916 -0.7053979436391713 0.7053984129786167
    outer loop
      vertex 4 81.8499984741211 2.4964466094970703
      vertex 4 84 4.646446704864502
      vertex 3.2196388244628906 83.92314147949219 4.646446704864502
    endloop
  endfacet
  facet normal 0 -0.7071065459483729 0.7071070164246439
    outer loop
      vertex 4 81.8499984741211 2.4964466094970703
      vertex 38 84 4.646446704864502
      vertex 4 84 4.646446704864502
    endloop
  endfacet
  facet normal -0.09219593178233416 0.7003353401952798 0.7078349535282563
    outer loop
      vertex 38 44.150001525878906 2.4964466094970703
      vertex 38.83171081542969 42 4.731999397277832
      vertex 38.478816986083984 44.213035583496094 2.4964466094970703
    endloop
  endfacet
  facet normal -0.26976854636282543 0.6512664504279039 0.7092791706657731
    outer loop
      vertex 38.478816986083984 44.213035583496094 2.4964466094970703
      vertex 39.71855545043945 42 5
      vertex 38.92499923706055 44.39785385131836 2.4964466094970703
    endloop
  endfacet
  facet normal -0.42974707271054374 0.5600596338789025 0.7082730123308021
    outer loop
      vertex 38.92499923706055 44.39785385131836 2.4964466094970703
      vertex 40.442352294921875 42.39606475830078 5
      vertex 39.30814743041992 44.69185256958008 2.4964466094970703
    endloop
  endfacet
  facet normal -0.5600596338789025 0.42974707271054374 0.7082730123308021
    outer loop
      vertex 39.30814743041992 44.69185256958008 2.4964466094970703
      vertex 41.60393524169922 43.557647705078125 5
      vertex 39.60214614868164 45.07500076293945 2.4964466094970703
    endloop
  endfacet
  facet normal -0.7003353401952798 0.09219593178233416 0.7078349535282563
    outer loop
      vertex 39.786964416503906 45.521183013916016 2.4964466094970703
      vertex 42 45.16828918457031 4.731999397277832
      vertex 39.849998474121094 46 2.4964466094970703
    endloop
  endfacet
  facet normal -0.6512664504279039 0.26976854636282543 0.7092791706657731
    outer loop
      vertex 39.60214614868164 45.07500076293945 2.4964466094970703
      vertex 42 44.28144454956055 5
      vertex 39.786964416503906 45.521183013916016 2.4964466094970703
    endloop
  endfacet
  facet normal 0.09219593178233416 0.7003353401952798 0.7078349535282563
    outer loop
      vertex 45.521183013916016 44.213035583496094 2.4964466094970703
      vertex 45.16828918457031 42 4.731999397277832
      vertex 46 44.150001525878906 2.4964466094970703
    endloop
  endfacet
  facet normal 0.5600596338789025 0.42974707271054374 0.7082730123308021
    outer loop
      vertex 44.69185256958008 44.69185256958008 2.4964466094970703
      vertex 44.39785385131836 45.07500076293945 2.4964466094970703
      vertex 42.39606475830078 43.557647705078125 5
    endloop
  endfacet
  facet normal 0.42974707271054374 0.5600596338789025 0.7082730123308021
    outer loop
      vertex 45.07500076293945 44.39785385131836 2.4964466094970703
      vertex 44.69185256958008 44.69185256958008 2.4964466094970703
      vertex 43.557647705078125 42.39606475830078 5
    endloop
  endfacet
  facet normal 0.26976854636282543 0.6512664504279039 0.7092791706657731
    outer loop
      vertex 45.07500076293945 44.39785385131836 2.4964466094970703
      vertex 44.28144454956055 42 5
      vertex 45.521183013916016 44.213035583496094 2.4964466094970703
    endloop
  endfacet
  facet normal 0.7003353401952798 0.09219593178233416 0.7078349535282563
    outer loop
      vertex 44.213035583496094 45.521183013916016 2.4964466094970703
      vertex 44.150001525878906 46 2.4964466094970703
      vertex 42 45.16828918457031 4.731999397277832
    endloop
  endfacet
  facet normal 0.6512664504279039 0.26976854636282543 0.7092791706657731
    outer loop
      vertex 44.213035583496094 45.521183013916016 2.4964466094970703
      vertex 42 44.28144454956055 5
      vertex 44.39785385131836 45.07500076293945 2.4964466094970703
    endloop
  endfacet
  facet normal -0.7071065459483729 0 0.7071070164246439
    outer loop
      vertex 39.849998474121094 46 2.4964466094970703
      vertex 42 46 4.646446704864502
      vertex 39.849998474121094 80 2.4964466094970703
    endloop
  endfacet
  facet normal 0 0.7071065459483729 0.7071070164246439
    outer loop
      vertex 46 44.150001525878906 2.4964466094970703
      vertex 46 42 4.646446704864502
      vertex 80 44.150001525878906 2.4964466094970703
    endloop
  endfacet
  facet normal -0.0725438666250885 0.7052434776595449 0.7052439468962158
    outer loop
      vertex 38 44.150001525878906 2.4964466094970703
      vertex 38 42 4.646446704864502
      vertex 38.83171081542969 42 4.731999397277832
    endloop
  endfacet
  facet normal -0.17879288144270752 0.6849691901086544 0.7062933626668935
    outer loop
      vertex 38.478816986083984 44.213035583496094 2.4964466094970703
      vertex 38.83171081542969 42 4.731999397277832
      vertex 39.26446533203125 42 4.841547966003418
    endloop
  endfacet
  facet normal -0.24689630223763326 0.662126372634368 0.7075527419234819
    outer loop
      vertex 38.478816986083984 44.213035583496094 2.4964466094970703
      vertex 39.26446533203125 42 4.841547966003418
      vertex 39.71855545043945 42 5
    endloop
  endfacet
  facet normal -0.7052434776595449 0.0725438666250885 0.7052439468962158
    outer loop
      vertex 39.849998474121094 46 2.4964466094970703
      vertex 42 45.16828918457031 4.731999397277832
      vertex 42 46 4.646446704864502
    endloop
  endfacet
  facet normal -0.6849691901086544 0.17879288144270752 0.7062933626668935
    outer loop
      vertex 39.786964416503906 45.521183013916016 2.4964466094970703
      vertex 42 44.73553466796875 4.841547966003418
      vertex 42 45.16828918457031 4.731999397277832
    endloop
  endfacet
  facet normal 0.7052434776595449 0.0725438666250885 0.7052439468962158
    outer loop
      vertex 44.150001525878906 46 2.4964466094970703
      vertex 42 46 4.646446704864502
      vertex 42 45.16828918457031 4.731999397277832
    endloop
  endfacet
  facet normal 0.6849691901086544 0.17879288144270752 0.7062933626668935
    outer loop
      vertex 44.213035583496094 45.521183013916016 2.4964466094970703
      vertex 42 45.16828918457031 4.731999397277832
      vertex 42 44.73553466796875 4.841547966003418
    endloop
  endfacet
  facet normal 0.17879288144270752 0.6849691901086544 0.7062933626668935
    outer loop
      vertex 45.521183013916016 44.213035583496094 2.4964466094970703
      vertex 44.73553466796875 42 4.841547966003418
      vertex 45.16828918457031 42 4.731999397277832
    endloop
  endfacet
  facet normal 0.0725438666250885 0.7052434776595449 0.7052439468962158
    outer loop
      vertex 46 44.150001525878906 2.4964466094970703
      vertex 45.16828918457031 42 4.731999397277832
      vertex 46 42 4.646446704864502
    endloop
  endfacet
  facet normal -0.34073325321277703 0.6226801257039576 0.7043935769215538
    outer loop
      vertex 38.92499923706055 44.39785385131836 2.4964466094970703
      vertex 39.71855545043945 42 5
      vertex 40.442352294921875 42.39606475830078 5
    endloop
  endfacet
  facet normal -0.4513863660750399 0.5463564401487407 0.7055104455850144
    outer loop
      vertex 39.30814743041992 44.69185256958008 2.4964466094970703
      vertex 40.442352294921875 42.39606475830078 5
      vertex 41.078426361083984 42.921573638916016 5
    endloop
  endfacet
  facet normal -0.5463564401487407 0.4513863660750399 0.7055104455850144
    outer loop
      vertex 39.30814743041992 44.69185256958008 2.4964466094970703
      vertex 41.078426361083984 42.921573638916016 5
      vertex 41.60393524169922 43.557647705078125 5
    endloop
  endfacet
  facet normal -0.6226801257039576 0.34073325321277703 0.7043935769215538
    outer loop
      vertex 39.60214614868164 45.07500076293945 2.4964466094970703
      vertex 41.60393524169922 43.557647705078125 5
      vertex 42 44.28144454956055 5
    endloop
  endfacet
  facet normal 0.6226801257039576 0.34073325321277703 0.7043935769215538
    outer loop
      vertex 44.39785385131836 45.07500076293945 2.4964466094970703
      vertex 42 44.28144454956055 5
      vertex 42.39606475830078 43.557647705078125 5
    endloop
  endfacet
  facet normal -0.662126372634368 0.24689630223763326 0.7075527419234819
    outer loop
      vertex 39.786964416503906 45.521183013916016 2.4964466094970703
      vertex 42 44.28144454956055 5
      vertex 42 44.73553466796875 4.841547966003418
    endloop
  endfacet
  facet normal 0.662126372634368 0.24689630223763326 0.7075527419234819
    outer loop
      vertex 44.213035583496094 45.521183013916016 2.4964466094970703
      vertex 42 44.73553466796875 4.841547966003418
      vertex 42 44.28144454956055 5
    endloop
  endfacet
  facet normal 0.24689630223763326 0.662126372634368 0.7075527419234819
    outer loop
      vertex 45.521183013916016 44.213035583496094 2.4964466094970703
      vertex 44.28144454956055 42 5
      vertex 44.73553466796875 42 4.841547966003418
    endloop
  endfacet
  facet normal 0.34073325321277703 0.6226801257039576 0.7043935769215538
    outer loop
      vertex 45.07500076293945 44.39785385131836 2.4964466094970703
      vertex 43.557647705078125 42.39606475830078 5
      vertex 44.28144454956055 42 5
    endloop
  endfacet
  facet normal 0.4513863660750399 0.5463564401487407 0.7055104455850144
    outer loop
      vertex 44.69185256958008 44.69185256958008 2.4964466094970703
      vertex 42.921573638916016 42.921573638916016 5
      vertex 43.557647705078125 42.39606475830078 5
    endloop
  endfacet
  facet normal 0.5463564401487407 0.4513863660750399 0.7055104455850144
    outer loop
      vertex 44.69185256958008 44.69185256958008 2.4964466094970703
      vertex 42.39606475830078 43.557647705078125 5
      vertex 42.921573638916016 42.921573638916016 5
    endloop
  endfacet
  facet normal 0 0 1
    outer loop
      vertex 40.442352294921875 41.60393524169922 5
      vertex 40.442352294921875 42.39606475830078 5
      vertex 39.71855545043945 42 5
    endloop
  endfacet
  facet normal 0 0 1
    outer loop
      vertex 40.442352294921875 41.60393524169922 5
      vertex 41.078426361083984 42.921573638916016 5
      vertex 40.442352294921875 42.39606475830078 5
    endloop
  endfacet
  facet normal 0 0 1
    outer loop
      vertex 42.921573638916016 41.078426361083984 5
      vertex 42.921573638916016 42.921573638916016 5
      vertex 41.078426361083984 42.921573638916016 5
    endloop
  endfacet
  facet normal 0 0 1
    outer loop
      vertex 41.078426361083984 42.921573638916016 5
      vertex 42.921573638916016 42.921573638916016 5
      vertex 41.60393524169922 43.557647705078125 5
    endloop
  endfacet
  facet normal 0 0 1
    outer loop
      vertex 42.921573638916016 42.921573638916016 5
      vertex 42.39606475830078 43.557647705078125 5
      vertex 41.60393524169922 43.557647705078125 5
    endloop
  endfacet
  facet normal 0 0 1
    outer loop
      vertex 41.60393524169922 43.557647705078125 5
      vertex 42.39606475830078 43.557647705078125 5
      vertex 42 44.28144454956055 5
    endloop
  endfacet
  facet normal 0 0 1
    outer loop
      vertex 43.557647705078125 41.60393524169922 5
      vertex 43.557647705078125 42.39606475830078 5
      vertex 42.921573638916016 42.921573638916016 5
    endloop
  endfacet
  facet normal 0 0 1
    outer loop
      vertex 43.557647705078125 41.60393524169922 5
      vertex 44.28144454956055 42 5
      vertex 43.557647705078125 42.39606475830078 5
    endloop
  endfacet
  facet normal 0.7071065459483729 0 0.7071070164246439
    outer loop
      vertex 44.150001525878906 46 2.4964466094970703
      vertex 42 80 4.646446704864502
      vertex 42 46 4.646446704864502
    endloop
  endfacet
  facet normal 0.7071065459483729 0 0.7071070164246439
    outer loop
      vertex 44.150001525878906 46 2.4964466094970703
      vertex 44.150001525878906 80 2.4964466094970703
      vertex 42 80 4.646446704864502
    endloop
  endfacet
  facet normal 0 1 0
    outer loop
      vertex 4 84 0
      vertex 46 84 4.646446704864502
      vertex 80 84 4.646446704864502
    endloop
  endfacet
  facet normal -0.09219593178233416 -0.7003353401952798 0.7078349535282563
    outer loop
      vertex 38 81.8499984741211 2.4964466094970703
      vertex 38.478816986083984 81.7869644165039 2.4964466094970703
      vertex 38.83171081542969 84 4.731999397277832
    endloop
  endfacet
  facet normal -0.26976391104827535 -0.6512687023582083 0.7092788659086028
    outer loop
      vertex 38.478816986083984 81.7869644165039 2.4964466094970703
      vertex 38.92499923706055 81.6021499633789 2.4964466094970703
      vertex 39.71855545043945 84 5
    endloop
  endfacet
  facet normal -0.7003351573020836 -0.09219664222868139 0.7078350419472197
    outer loop
      vertex 39.849998474121094 80 2.4964466094970703
      vertex 42 80.83171081542969 4.731999397277832
      vertex 39.786964416503906 80.47881317138672 2.4964466094970703
    endloop
  endfacet
  facet normal -0.6512683159918922 -0.2697647063376638 0.7092789181976572
    outer loop
      vertex 39.786964416503906 80.47881317138672 2.4964466094970703
      vertex 42 81.71855163574219 5
      vertex 39.60214614868164 80.92500305175781 2.4964466094970703
    endloop
  endfacet
  facet normal -0.5600598936263059 -0.42974727202090207 0.7082726860058092
    outer loop
      vertex 39.30814743041992 81.30815124511719 2.4964466094970703
      vertex 39.60214614868164 80.92500305175781 2.4964466094970703
      vertex 41.60393524169922 82.44235229492188 5
    endloop
  endfacet
  facet normal -0.42974733245796565 -0.5600599723897505 0.7082725870539214
    outer loop
      vertex 39.30814743041992 81.30815124511719 2.4964466094970703
      vertex 40.442352294921875 83.60393524169922 5
      vertex 38.92499923706055 81.6021499633789 2.4964466094970703
    endloop
  endfacet
  facet normal 0.7003351573020836 -0.09219664222868139 0.7078350419472197
    outer loop
      vertex 44.150001525878906 80 2.4964466094970703
      vertex 44.213035583496094 80.47881317138672 2.4964466094970703
      vertex 42 80.83171081542969 4.731999397277832
    endloop
  endfacet
  facet normal 0.6512683159918922 -0.2697647063376638 0.7092789181976572
    outer loop
      vertex 44.213035583496094 80.47881317138672 2.4964466094970703
      vertex 44.39785385131836 80.92500305175781 2.4964466094970703
      vertex 42 81.71855163574219 5
    endloop
  endfacet
  facet normal 0.09219593178233416 -0.7003353401952798 0.7078349535282563
    outer loop
      vertex 45.521183013916016 81.7869644165039 2.4964466094970703
      vertex 46 81.8499984741211 2.4964466094970703
      vertex 45.16828918457031 84 4.731999397277832
    endloop
  endfacet
  facet normal 0.5600598936263059 -0.42974727202090207 0.7082726860058092
    outer loop
      vertex 44.39785385131836 80.92500305175781 2.4964466094970703
      vertex 44.69185256958008 81.30815124511719 2.4964466094970703
      vertex 42.39606475830078 82.44235229492188 5
    endloop
  endfacet
  facet normal 0.42974733245796565 -0.5600599723897505 0.7082725870539214
    outer loop
      vertex 44.69185256958008 81.30815124511719 2.4964466094970703
      vertex 45.07500076293945 81.6021499633789 2.4964466094970703
      vertex 43.557647705078125 83.60393524169922 5
    endloop
  endfacet
  facet normal 0.26976391104827535 -0.6512687023582083 0.7092788659086028
    outer loop
      vertex 45.07500076293945 81.6021499633789 2.4964466094970703
      vertex 45.521183013916016 81.7869644165039 2.4964466094970703
      vertex 44.28144454956055 84 5
    endloop
  endfacet
  facet normal -0.7071065459483729 0 0.7071070164246439
    outer loop
      vertex 39.849998474121094 80 2.4964466094970703
      vertex 42 46 4.646446704864502
      vertex 42 80 4.646446704864502
    endloop
  endfacet
  facet normal -0.0725438666250885 -0.7052434776595449 0.7052439468962158
    outer loop
      vertex 38 81.8499984741211 2.4964466094970703
      vertex 38.83171081542969 84 4.731999397277832
      vertex 38 84 4.646446704864502
    endloop
  endfacet
  facet normal -0.17879288144270752 -0.6849691901086544 0.7062933626668935
    outer loop
      vertex 38.478816986083984 81.7869644165039 2.4964466094970703
      vertex 39.26446533203125 84 4.841547966003418
      vertex 38.83171081542969 84 4.731999397277832
    endloop
  endfacet
  facet normal -0.24689630223763326 -0.662126372634368 0.7075527419234819
    outer loop
      vertex 38.478816986083984 81.7869644165039 2.4964466094970703
      vertex 39.71855545043945 84 5
      vertex 39.26446533203125 84 4.841547966003418
    endloop
  endfacet
  facet normal -0.7052434776595449 -0.0725438666250885 0.7052439468962158
    outer loop
      vertex 39.849998474121094 80 2.4964466094970703
      vertex 42 80 4.646446704864502
      vertex 42 80.83171081542969 4.731999397277832
    endloop
  endfacet
  facet normal -0.6849690265147809 -0.17879291918629747 0.7062935117670526
    outer loop
      vertex 39.786964416503906 80.47881317138672 2.4964466094970703
      vertex 42 80.83171081542969 4.731999397277832
      vertex 42 81.26446533203125 4.841547966003418
    endloop
  endfacet
  facet normal 0.7052434776595449 -0.0725438666250885 0.7052439468962158
    outer loop
      vertex 44.150001525878906 80 2.4964466094970703
      vertex 42 80.83171081542969 4.731999397277832
      vertex 42 80 4.646446704864502
    endloop
  endfacet
  facet normal 0.6849690265147809 -0.17879291918629747 0.7062935117670526
    outer loop
      vertex 44.213035583496094 80.47881317138672 2.4964466094970703
      vertex 42 81.26446533203125 4.841547966003418
      vertex 42 80.83171081542969 4.731999397277832
    endloop
  endfacet
  facet normal 0.17879288144270752 -0.6849691901086544 0.7062933626668935
    outer loop
      vertex 45.521183013916016 81.7869644165039 2.4964466094970703
      vertex 45.16828918457031 84 4.731999397277832
      vertex 44.73553466796875 84 4.841547966003418
    endloop
  endfacet
  facet normal 0.0725438666250885 -0.7052434776595449 0.7052439468962158
    outer loop
      vertex 46 81.8499984741211 2.4964466094970703
      vertex 46 84 4.646446704864502
      vertex 45.16828918457031 84 4.731999397277832
    endloop
  endfacet
  facet normal -0.6621253810367395 -0.24689843988184065 0.7075529239363411
    outer loop
      vertex 39.786964416503906 80.47881317138672 2.4964466094970703
      vertex 42 81.26446533203125 4.841547966003418
      vertex 42 81.71855163574219 5
    endloop
  endfacet
  facet normal 0.6621253810367395 -0.24689843988184065 0.7075529239363411
    outer loop
      vertex 44.213035583496094 80.47881317138672 2.4964466094970703
      vertex 42 81.71855163574219 5
      vertex 42 81.26446533203125 4.841547966003418
    endloop
  endfacet
  facet normal -0.45138449488874216 -0.5463581413147224 0.70551032536254
    outer loop
      vertex 39.30814743041992 81.30815124511719 2.4964466094970703
      vertex 41.078426361083984 83.07843017578125 5
      vertex 40.442352294921875 83.60393524169922 5
    endloop
  endfacet
  facet normal -0.6226812118128572 -0.34073205174281496 0.7043931979870356
    outer loop
      vertex 39.60214614868164 80.92500305175781 2.4964466094970703
      vertex 42 81.71855163574219 5
      vertex 41.60393524169922 82.44235229492188 5
    endloop
  endfacet
  facet normal -0.5463578456016479 -0.4513848201568717 0.7055103462611122
    outer loop
      vertex 39.30814743041992 81.30815124511719 2.4964466094970703
      vertex 41.60393524169922 82.44235229492188 5
      vertex 41.078426361083984 83.07843017578125 5
    endloop
  endfacet
  facet normal -0.34073348093125627 -0.6226805418528657 0.7043930988945668
    outer loop
      vertex 38.92499923706055 81.6021499633789 2.4964466094970703
      vertex 40.442352294921875 83.60393524169922 5
      vertex 39.71855545043945 84 5
    endloop
  endfacet
  facet normal 0.6226812118128572 -0.34073205174281496 0.7043931979870356
    outer loop
      vertex 44.39785385131836 80.92500305175781 2.4964466094970703
      vertex 42.39606475830078 82.44235229492188 5
      vertex 42 81.71855163574219 5
    endloop
  endfacet
  facet normal 0.5463578456016479 -0.4513848201568717 0.7055103462611122
    outer loop
      vertex 44.69185256958008 81.30815124511719 2.4964466094970703
      vertex 42.921573638916016 83.07843017578125 5
      vertex 42.39606475830078 82.44235229492188 5
    endloop
  endfacet
  facet normal 0.45138449488874216 -0.5463581413147224 0.70551032536254
    outer loop
      vertex 44.69185256958008 81.30815124511719 2.4964466094970703
      vertex 43.557647705078125 83.60393524169922 5
      vertex 42.921573638916016 83.07843017578125 5
    endloop
  endfacet
  facet normal 0.24689630223763326 -0.662126372634368 0.7075527419234819
    outer loop
      vertex 45.521183013916016 81.7869644165039 2.4964466094970703
      vertex 44.73553466796875 84 4.841547966003418
      vertex 44.28144454956055 84 5
    endloop
  endfacet
  facet normal 0.34073348093125627 -0.6226805418528657 0.7043930988945668
    outer loop
      vertex 45.07500076293945 81.6021499633789 2.4964466094970703
      vertex 44.28144454956055 84 5
      vertex 43.557647705078125 83.60393524169922 5
    endloop
  endfacet
  facet normal 0 1 0
    outer loop
      vertex 38 84 4.646446704864502
      vertex 45.16828918457031 84 4.731999397277832
      vertex 46 84 4.646446704864502
    endloop
  endfacet
  facet normal 0 1 0
    outer loop
      vertex 38 84 4.646446704864502
      vertex 38.83171081542969 84 4.731999397277832
      vertex 45.16828918457031 84 4.731999397277832
    endloop
  endfacet
  facet normal 0 1 0
    outer loop
      vertex 38.83171081542969 84 4.731999397277832
      vertex 39.26446533203125 84 4.841547966003418
      vertex 44.73553466796875 84 4.841547966003418
    endloop
  endfacet
  facet normal 0 1 0
    outer loop
      vertex 38.83171081542969 84 4.731999397277832
      vertex 44.73553466796875 84 4.841547966003418
      vertex 45.16828918457031 84 4.731999397277832
    endloop
  endfacet
  facet normal 0 1 0
    outer loop
      vertex 39.26446533203125 84 4.841547966003418
      vertex 39.71855545043945 84 5
      vertex 44.28144454956055 84 5
    endloop
  endfacet
  facet normal 0 0 1
    outer loop
      vertex 39.71855545043945 84 5
      vertex 40.442352294921875 83.60393524169922 5
      vertex 43.557647705078125 83.60393524169922 5
    endloop
  endfacet
  facet normal 0 0 1
    outer loop
      vertex 41.078426361083984 83.07843017578125 5
      vertex 41.60393524169922 82.44235229492188 5
      vertex 42.39606475830078 82.44235229492188 5
    endloop
  endfacet
  facet normal 0 0 1
    outer loop
      vertex 42 81.71855163574219 5
      vertex 42.39606475830078 82.44235229492188 5
      vertex 41.60393524169922 82.44235229492188 5
    endloop
  endfacet
  facet normal 0 1 0
    outer loop
      vertex 39.26446533203125 84 4.841547966003418
      vertex 44.28144454956055 84 5
      vertex 44.73553466796875 84 4.841547966003418
    endloop
  endfacet
  facet normal 0 0 1
    outer loop
      vertex 41.078426361083984 83.07843017578125 5
      vertex 42.921573638916016 83.07843017578125 5
      vertex 40.442352294921875 83.60393524169922 5
    endloop
  endfacet
  facet normal 0 0 1
    outer loop
      vertex 41.078426361083984 83.07843017578125 5
      vertex 42.39606475830078 82.44235229492188 5
      vertex 42.921573638916016 83.07843017578125 5
    endloop
  endfacet
  facet normal 0 0 1
    outer loop
      vertex 40.442352294921875 83.60393524169922 5
      vertex 42.921573638916016 83.07843017578125 5
      vertex 43.557647705078125 83.60393524169922 5
    endloop
  endfacet
  facet normal 0 0 1
    outer loop
      vertex 39.71855545043945 84 5
      vertex 43.557647705078125 83.60393524169922 5
      vertex 44.28144454956055 84 5
    endloop
  endfacet
  facet normal 0 -0.7071065459483729 0.7071070164246439
    outer loop
      vertex 46 81.8499984741211 2.4964466094970703
      vertex 80 84 4.646446704864502
      vertex 46 84 4.646446704864502
    endloop
  endfacet
  facet normal 3.870430055444672e-33 6.0943476976141464e-18 -1
    outer loop
      vertex 4 0 0
      vertex 80 2.8464465141296387 1.734723475976807e-17
      vertex 122 -7.494005416219807e-14 0
    endloop
  endfacet
  facet normal 0 0.7071068719620314 0.7071066904110522
    outer loop
      vertex 46 2.8464465141296387 1.734723475976807e-17
      vertex 80 2.1500000953674316 0.6964465975761414
      vertex 80 2.8464465141296387 1.734723475976807e-17
    endloop
  endfacet
  facet normal 0 -4.413335687318213e-16 -1
    outer loop
      vertex 80 2.8464465141296387 1.734723475976807e-17
      vertex 80.2985610961914 2.8857529163360596 0
      vertex 87.7014389038086 2.8857529163360596 0
    endloop
  endfacet
  facet normal -0.09269181675001092 0.7040626682524382 0.7040624874830639
    outer loop
      vertex 80 2.8464465141296387 1.734723475976807e-17
      vertex 80 2.1500000953674316 0.6964465975761414
      vertex 80.2985610961914 2.8857529163360596 0
    endloop
  endfacet
  facet normal -0.27175973921242763 0.6560816726536913 0.704062130036212
    outer loop
      vertex 80.2985610961914 2.8857529163360596 0
      vertex 80.47881317138672 2.2130372524261475 0.6964465975761414
      vertex 80.57677459716797 3.000993490219116 0
    endloop
  endfacet
  facet normal -0.43229649445984336 0.5633937021634948 0.7040648246008616
    outer loop
      vertex 80.57677459716797 3.000993490219116 0
      vertex 80.92500305175781 2.397852897644043 0.6964465975761414
      vertex 80.81568908691406 3.184314489364624 0
    endloop
  endfacet
  facet normal -0.5633928612490177 0.43230170513716265 0.7040622981165423
    outer loop
      vertex 80.81568908691406 3.184314489364624 0
      vertex 81.30815124511719 2.691852569580078 0.6964465975761414
      vertex 80.99900817871094 3.4232232570648193 0
    endloop
  endfacet
  facet normal -0.6560798684782342 0.27176073508755905 0.704063426860288
    outer loop
      vertex 80.99900817871094 3.4232232570648193 0
      vertex 81.6021499633789 3.075000047683716 0.6964465975761414
      vertex 81.11425018310547 3.7014384269714355 0
    endloop
  endfacet
  facet normal -0.7040632277644834 0.09269230460668948 0.7040618637424967
    outer loop
      vertex 81.11425018310547 3.7014384269714355 0
      vertex 81.7869644165039 3.5211846828460693 0.6964465975761414
      vertex 81.15355682373047 4 1.734723475976807e-17
    endloop
  endfacet
  facet normal 0 0 -1
    outer loop
      vertex 80.2985610961914 2.8857529163360596 0
      vertex 80.57677459716797 3.000993490219116 0
      vertex 87.42322540283203 3.000993490219116 0
    endloop
  endfacet
  facet normal 0 0 -1
    outer loop
      vertex 80.57677459716797 3.000993490219116 0
      vertex 80.81568908691406 3.184314489364624 0
      vertex 87.18431091308594 3.184314489364624 0
    endloop
  endfacet
  facet normal 0 0 -1
    outer loop
      vertex 80.81568908691406 3.184314489364624 0
      vertex 80.99900817871094 3.4232232570648193 0
      vertex 87.00099182128906 3.4232232570648193 0
    endloop
  endfacet
  facet normal 0 0 -1
    outer loop
      vertex 80.99900817871094 3.4232232570648193 0
      vertex 81.11425018310547 3.7014384269714355 0
      vertex 86.88574981689453 3.7014384269714355 0
    endloop
  endfacet
  facet normal 0 5.810270418862108e-17 -1
    outer loop
      vertex 81.11425018310547 3.7014384269714355 0
      vertex 81.15355682373047 4 1.734723475976807e-17
      vertex 86.84644317626953 4 1.734723475976807e-17
    endloop
  endfacet
  facet normal 0 0 -1
    outer loop
      vertex 80.2985610961914 2.8857529163360596 0
      vertex 87.42322540283203 3.000993490219116 0
      vertex 87.7014389038086 2.8857529163360596 0
    endloop
  endfacet
  facet normal 0 0 -1
    outer loop
      vertex 80.57677459716797 3.000993490219116 0
      vertex 87.18431091308594 3.184314489364624 0
      vertex 87.42322540283203 3.000993490219116 0
    endloop
  endfacet
  facet normal 0 0 -1
    outer loop
      vertex 80.81568908691406 3.184314489364624 0
      vertex 87.00099182128906 3.4232232570648193 0
      vertex 87.18431091308594 3.184314489364624 0
    endloop
  endfacet
  facet normal 0 -4.413335687318213e-16 -1
    outer loop
      vertex 80 2.8464465141296387 1.734723475976807e-17
      vertex 87.7014389038086 2.8857529163360596 0
      vertex 88 2.8464465141296387 1.734723475976807e-17
    endloop
  endfacet
  facet normal 0 0 -1
    outer loop
      vertex 80.99900817871094 3.4232232570648193 0
      vertex 86.88574981689453 3.7014384269714355 0
      vertex 87.00099182128906 3.4232232570648193 0
    endloop
  endfacet
  facet normal 0 5.810270418862108e-17 -1
    outer loop
      vertex 81.11425018310547 3.7014384269714355 0
      vertex 86.84644317626953 4 1.734723475976807e-17
      vertex 86.88574981689453 3.7014384269714355 0
    endloop
  endfacet
  facet normal -0.0926919152327947 0.7040626824776333 0.7040624602923208
    outer loop
      vertex 80.2985610961914 2.8857529163360596 0
      vertex 80 2.1500000953674316 0.6964465975761414
      vertex 80.47881317138672 2.2130372524261475 0.6964465975761414
    endloop
  endfacet
  facet normal -0.2717548522987028 0.6560822537208095 0.7040634748406804
    outer loop
      vertex 80.57677459716797 3.000993490219116 0
      vertex 80.47881317138672 2.2130372524261475 0.6964465975761414
      vertex 80.92500305175781 2.397852897644043 0.6964465975761414
    endloop
  endfacet
  facet normal -0.43230437014528345 0.563390555206351 0.7040625070670711
    outer loop
      vertex 80.81568908691406 3.184314489364624 0
      vertex 80.92500305175781 2.397852897644043 0.6964465975761414
      vertex 81.30815124511719 2.691852569580078 0.6964465975761414
    endloop
  endfacet
  facet normal -0.5633903269576601 0.43230359971676435 0.7040631627648677
    outer loop
      vertex 80.99900817871094 3.4232232570648193 0
      vertex 81.30815124511719 2.691852569580078 0.6964465975761414
      vertex 81.6021499633789 3.075000047683716 0.6964465975761414
    endloop
  endfacet
  facet normal -0.6560830921460524 0.2717566413630783 0.7040620030048019
    outer loop
      vertex 81.11425018310547 3.7014384269714355 0
      vertex 81.6021499633789 3.075000047683716 0.6964465975761414
      vertex 81.7869644165039 3.5211846828460693 0.6964465975761414
    endloop
  endfacet
  facet normal -0.704065376031668 0.09268729693703497 0.7040603747264093
    outer loop
      vertex 81.15355682373047 4 1.734723475976807e-17
      vertex 81.7869644165039 3.5211846828460693 0.6964465975761414
      vertex 81.8499984741211 4 0.6964465975761414
    endloop
  endfacet
  facet normal 0.6560820903378934 0.2717562264034127 0.7040630967099734
    outer loop
      vertex 87.00099182128906 3.4232232570648193 0
      vertex 86.2130355834961 3.5211846828460693 0.6964465975761414
      vertex 86.3978500366211 3.075000047683716 0.6964465975761414
    endloop
  endfacet
  facet normal 0.7040642517760852 0.0926871489334339 0.7040615184723368
    outer loop
      vertex 86.88574981689453 3.7014384269714355 0
      vertex 86.1500015258789 4 0.6964465975761414
      vertex 86.2130355834961 3.5211846828460693 0.6964465975761414
    endloop
  endfacet
  facet normal 0.5633920234466337 0.43230106227598347 0.7040633632506126
    outer loop
      vertex 87.18431091308594 3.184314489364624 0
      vertex 87.00099182128906 3.4232232570648193 0
      vertex 86.3978500366211 3.075000047683716 0.6964465975761414
    endloop
  endfacet
  facet normal 0.43229821754850273 0.5633959477919267 0.7040619696560977
    outer loop
      vertex 87.18431091308594 3.184314489364624 0
      vertex 86.69184875488281 2.691852569580078 0.6964465975761414
      vertex 87.42322540283203 3.000993490219116 0
    endloop
  endfacet
  facet normal 0.27175911066021324 0.6560801552045307 0.7040637866841106
    outer loop
      vertex 87.42322540283203 3.000993490219116 0
      vertex 87.07499694824219 2.397852897644043 0.6964465975761414
      vertex 87.7014389038086 2.8857529163360596 0
    endloop
  endfacet
  facet normal 0.656081475108069 0.2717614005841333 0.7040616728473226
    outer loop
      vertex 87.00099182128906 3.4232232570648193 0
      vertex 86.88574981689453 3.7014384269714355 0
      vertex 86.2130355834961 3.5211846828460693 0.6964465975761414
    endloop
  endfacet
  facet normal 0.7040650307753031 0.09269254197916046 0.7040600294724969
    outer loop
      vertex 86.88574981689453 3.7014384269714355 0
      vertex 86.84644317626953 4 1.734723475976807e-17
      vertex 86.1500015258789 4 0.6964465975761414
    endloop
  endfacet
  facet normal 0.09269182108464996 0.7040627011772167 0.7040624539876079
    outer loop
      vertex 87.7014389038086 2.8857529163360596 0
      vertex 87.52118682861328 2.2130372524261475 0.6964465975761414
      vertex 88 2.8464465141296387 1.734723475976807e-17
    endloop
  endfacet
  facet normal 0.2717552442156572 0.6560831999035789 0.7040624418654706
    outer loop
      vertex 87.7014389038086 2.8857529163360596 0
      vertex 87.07499694824219 2.397852897644043 0.6964465975761414
      vertex 87.52118682861328 2.2130372524261475 0.6964465975761414
    endloop
  endfacet
  facet normal 0.09269191252995367 0.7040626619475848 0.7040624811782121
    outer loop
      vertex 88 2.8464465141296387 1.734723475976807e-17
      vertex 87.52118682861328 2.2130372524261475 0.6964465975761414
      vertex 88 2.1500000953674316 0.6964465975761414
    endloop
  endfacet
  facet normal 0.4323032956957849 0.5633891549551823 0.7040642872703092
    outer loop
      vertex 87.42322540283203 3.000993490219116 0
      vertex 86.69184875488281 2.691852569580078 0.6964465975761414
      vertex 87.07499694824219 2.397852897644043 0.6964465975761414
    endloop
  endfacet
  facet normal 0.563390849359683 0.43230400056900514 0.7040624986106053
    outer loop
      vertex 87.18431091308594 3.184314489364624 0
      vertex 86.3978500366211 3.075000047683716 0.6964465975761414
      vertex 86.69184875488281 2.691852569580078 0.6964465975761414
    endloop
  endfacet
  facet normal 0 0 -1
    outer loop
      vertex 81.15355682373047 4 1.734723475976807e-17
      vertex 86.84644317626953 38 1.734723475976807e-17
      vertex 86.84644317626953 4 1.734723475976807e-17
    endloop
  endfacet
  facet normal 0.7071092926458977 0 0.7071042697182773
    outer loop
      vertex 86.84644317626953 4 1.734723475976807e-17
      vertex 86.84644317626953 38 1.734723475976807e-17
      vertex 86.1500015258789 4 0.6964465975761414
    endloop
  endfacet
  facet normal -0.7071092926458977 0 0.7071042697182773
    outer loop
      vertex 81.15355682373047 4 1.734723475976807e-17
      vertex 81.8499984741211 4 0.6964465975761414
      vertex 81.8499984741211 38 0.6964465975761414
    endloop
  endfacet
  facet normal 0 1 0
    outer loop
      vertex 46 2.1500000953674316 2.4964466094970703
      vertex 80 2.1500000953674316 2.4964466094970703
      vertex 80 2.1500000953674316 0.6964465975761414
    endloop
  endfacet
  facet normal -0.13052661387972042 0.9914448058611707 0
    outer loop
      vertex 80 2.1500000953674316 0.6964465975761414
      vertex 80 2.1500000953674316 2.4964466094970703
      vertex 80.47881317138672 2.2130372524261475 0.6964465975761414
    endloop
  endfacet
  facet normal -0.3826794476076655 0.923881183041787 0
    outer loop
      vertex 80.47881317138672 2.2130372524261475 0.6964465975761414
      vertex 80.47881317138672 2.2130372524261475 2.4964466094970703
      vertex 80.92500305175781 2.397852897644043 0.6964465975761414
    endloop
  endfacet
  facet normal -0.6087610677118283 0.7933536175239607 0
    outer loop
      vertex 80.92500305175781 2.397852897644043 0.6964465975761414
      vertex 80.92500305175781 2.397852897644043 2.4964466094970703
      vertex 81.30815124511719 2.691852569580078 0.6964465975761414
    endloop
  endfacet
  facet normal -0.7933540223773227 0.6087605400957938 0
    outer loop
      vertex 81.30815124511719 2.691852569580078 0.6964465975761414
      vertex 81.30815124511719 2.691852569580078 2.4964466094970703
      vertex 81.6021499633789 3.075000047683716 0.6964465975761414
    endloop
  endfacet
  facet normal -0.923880465233228 0.38268118056736755 0
    outer loop
      vertex 81.6021499633789 3.075000047683716 0.6964465975761414
      vertex 81.6021499633789 3.075000047683716 2.4964466094970703
      vertex 81.7869644165039 3.5211846828460693 0.6964465975761414
    endloop
  endfacet
  facet normal -0.9914457120583715 0.13051973046657964 0
    outer loop
      vertex 81.7869644165039 3.5211846828460693 0.6964465975761414
      vertex 81.7869644165039 3.5211846828460693 2.4964466094970703
      vertex 81.8499984741211 4 0.6964465975761414
    endloop
  endfacet
  facet normal 0.7933540223773227 0.6087605400957938 0
    outer loop
      vertex 86.3978500366211 3.075000047683716 0.6964465975761414
      vertex 86.3978500366211 3.075000047683716 2.4964466094970703
      vertex 86.69184875488281 2.691852569580078 0.6964465975761414
    endloop
  endfacet
  facet normal 0.923880465233228 0.38268118056736755 0
    outer loop
      vertex 86.3978500366211 3.075000047683716 0.6964465975761414
      vertex 86.2130355834961 3.5211846828460693 0.6964465975761414
      vertex 86.2130355834961 3.5211846828460693 2.4964466094970703
    endloop
  endfacet
  facet normal 0.9914457120583715 0.13051973046657964 0
    outer loop
      vertex 86.2130355834961 3.5211846828460693 0.6964465975761414
      vertex 86.1500015258789 4 0.6964465975761414
      vertex 86.1500015258789 4 2.4964466094970703
    endloop
  endfacet
  facet normal 0.6087610677118283 0.7933536175239607 0
    outer loop
      vertex 87.07499694824219 2.397852897644043 0.6964465975761414
      vertex 86.69184875488281 2.691852569580078 0.6964465975761414
      vertex 86.69184875488281 2.691852569580078 2.4964466094970703
    endloop
  endfacet
  facet normal 0.3826794476076655 0.923881183041787 0
    outer loop
      vertex 87.07499694824219 2.397852897644043 0.6964465975761414
      vertex 87.07499694824219 2.397852897644043 2.4964466094970703
      vertex 87.52118682861328 2.2130372524261475 0.6964465975761414
    endloop
  endfacet
  facet normal 0.13052661387972042 0.9914448058611707 0
    outer loop
      vertex 87.52118682861328 2.2130372524261475 0.6964465975761414
      vertex 87.52118682861328 2.2130372524261475 2.4964466094970703
      vertex 88 2.1500000953674316 0.6964465975761414
    endloop
  endfacet
  facet normal -0.13052661387972042 0.9914448058611707 0
    outer loop
      vertex 80.47881317138672 2.2130372524261475 0.6964465975761414
      vertex 80 2.1500000953674316 2.4964466094970703
      vertex 80.47881317138672 2.2130372524261475 2.4964466094970703
    endloop
  endfacet
  facet normal -0.3826794476076655 0.923881183041787 0
    outer loop
      vertex 80.92500305175781 2.397852897644043 0.6964465975761414
      vertex 80.47881317138672 2.2130372524261475 2.4964466094970703
      vertex 80.92500305175781 2.397852897644043 2.4964466094970703
    endloop
  endfacet
  facet normal -0.6087610677118283 0.7933536175239607 0
    outer loop
      vertex 81.30815124511719 2.691852569580078 0.6964465975761414
      vertex 80.92500305175781 2.397852897644043 2.4964466094970703
      vertex 81.30815124511719 2.691852569580078 2.4964466094970703
    endloop
  endfacet
  facet normal -0.7933540223773227 0.6087605400957938 0
    outer loop
      vertex 81.6021499633789 3.075000047683716 0.6964465975761414
      vertex 81.30815124511719 2.691852569580078 2.4964466094970703
      vertex 81.6021499633789 3.075000047683716 2.4964466094970703
    endloop
  endfacet
  facet normal -0.923880465233228 0.38268118056736755 0
    outer loop
      vertex 81.7869644165039 3.5211846828460693 0.6964465975761414
      vertex 81.6021499633789 3.075000047683716 2.4964466094970703
      vertex 81.7869644165039 3.5211846828460693 2.4964466094970703
    endloop
  endfacet
  facet normal -0.9914457120583715 0.13051973046657964 0
    outer loop
      vertex 81.8499984741211 4 0.6964465975761414
      vertex 81.7869644165039 3.5211846828460693 2.4964466094970703
      vertex 81.8499984741211 4 2.4964466094970703
    endloop
  endfacet
  facet normal 0.7933540223773227 0.6087605400957938 0
    outer loop
      vertex 86.69184875488281 2.691852569580078 0.6964465975761414
      vertex 86.3978500366211 3.075000047683716 2.4964466094970703
      vertex 86.69184875488281 2.691852569580078 2.4964466094970703
    endloop
  endfacet
  facet normal 0.923880465233228 0.38268118056736755 0
    outer loop
      vertex 86.3978500366211 3.075000047683716 0.6964465975761414
      vertex 86.2130355834961 3.5211846828460693 2.4964466094970703
      vertex 86.3978500366211 3.075000047683716 2.4964466094970703
    endloop
  endfacet
  facet normal 0.9914457120583715 0.13051973046657964 0
    outer loop
      vertex 86.2130355834961 3.5211846828460693 0.6964465975761414
      vertex 86.1500015258789 4 2.4964466094970703
      vertex 86.2130355834961 3.5211846828460693 2.4964466094970703
    endloop
  endfacet
  facet normal 0.6087610677118283 0.7933536175239607 0
    outer loop
      vertex 87.07499694824219 2.397852897644043 0.6964465975761414
      vertex 86.69184875488281 2.691852569580078 2.4964466094970703
      vertex 87.07499694824219 2.397852897644043 2.4964466094970703
    endloop
  endfacet
  facet normal 0.3826794476076655 0.923881183041787 0
    outer loop
      vertex 87.52118682861328 2.2130372524261475 0.6964465975761414
      vertex 87.07499694824219 2.397852897644043 2.4964466094970703
      vertex 87.52118682861328 2.2130372524261475 2.4964466094970703
    endloop
  endfacet
  facet normal 0.13052661387972042 0.9914448058611707 0
    outer loop
      vertex 88 2.1500000953674316 0.6964465975761414
      vertex 87.52118682861328 2.2130372524261475 2.4964466094970703
      vertex 88 2.1500000953674316 2.4964466094970703
    endloop
  endfacet
  facet normal -1 0 0
    outer loop
      vertex 81.8499984741211 4 0.6964465975761414
      vertex 81.8499984741211 4 2.4964466094970703
      vertex 81.8499984741211 38 0.6964465975761414
    endloop
  endfacet
  facet normal 1 0 0
    outer loop
      vertex 86.1500015258789 4 0.6964465975761414
      vertex 86.1500015258789 38 2.4964466094970703
      vertex 86.1500015258789 4 2.4964466094970703
    endloop
  endfacet
  facet normal 0 0 -1
    outer loop
      vertex 46 39.1535530090332 1.734723475976807e-17
      vertex 80 44.8464469909668 1.734723475976807e-17
      vertex 80 39.1535530090332 1.734723475976807e-17
    endloop
  endfacet
  facet normal 0 -0.7071073560981417 0.7071062062744861
    outer loop
      vertex 46 39.849998474121094 0.6964465975761414
      vertex 80 39.1535530090332 1.734723475976807e-17
      vertex 80 39.849998474121094 0.6964465975761414
    endloop
  endfacet
  facet normal -0.7071092926458977 0 0.7071042697182773
    outer loop
      vertex 81.15355682373047 4 1.734723475976807e-17
      vertex 81.8499984741211 38 0.6964465975761414
      vertex 81.15355682373047 38 1.734723475976807e-17
    endloop
  endfacet
  facet normal 0 0 -1
    outer loop
      vertex 81.15355682373047 4 1.734723475976807e-17
      vertex 81.15355682373047 38 1.734723475976807e-17
      vertex 86.84644317626953 38 1.734723475976807e-17
    endloop
  endfacet
  facet normal 0.7071092926458977 0 0.7071042697182773
    outer loop
      vertex 86.1500015258789 4 0.6964465975761414
      vertex 86.84644317626953 38 1.734723475976807e-17
      vertex 86.1500015258789 38 0.6964465975761414
    endloop
  endfacet
  facet normal -0.09269221169664506 -0.7040613975785738 0.7040637061591016
    outer loop
      vertex 80 39.1535530090332 1.734723475976807e-17
      vertex 80.2985610961914 39.1142463684082 0
      vertex 80.47881317138672 39.786964416503906 0.6964465975761414
    endloop
  endfacet
  facet normal -0.2717549141011841 -0.6560835974453825 0.7040621988325915
    outer loop
      vertex 80.57677459716797 38.99900817871094 0
      vertex 80.92500305175781 39.60214614868164 0.6964465975761414
      vertex 80.2985610961914 39.1142463684082 0
    endloop
  endfacet
  facet normal -0.704065021113914 -0.09269268874808688 0.7040600198111765
    outer loop
      vertex 81.15355682373047 38 1.734723475976807e-17
      vertex 81.8499984741211 38 0.6964465975761414
      vertex 81.11425018310547 38.298561096191406 0
    endloop
  endfacet
  facet normal -0.656081712631478 -0.2717594029944874 0.7040622225589342
    outer loop
      vertex 81.11425018310547 38.298561096191406 0
      vertex 81.7869644165039 38.478816986083984 0.6964465975761414
      vertex 80.99900817871094 38.576778411865234 0
    endloop
  endfacet
  facet normal -0.4323008480725957 -0.563393514259872 0.7040623018211001
    outer loop
      vertex 80.57677459716797 38.99900817871094 0
      vertex 80.81568908691406 38.8156852722168 0
      vertex 81.30815124511719 39.30814743041992 0.6964465975761414
    endloop
  endfacet
  facet normal -0.5633910853797441 -0.43230379381441186 0.7040624366974143
    outer loop
      vertex 80.99900817871094 38.576778411865234 0
      vertex 81.6021499633789 38.92499923706055 0.6964465975761414
      vertex 80.81568908691406 38.8156852722168 0
    endloop
  endfacet
  facet normal -5.810279698546804e-17 0 -1
    outer loop
      vertex 80 39.1535530090332 1.734723475976807e-17
      vertex 80.2985610961914 44.8857536315918 0
      vertex 80.2985610961914 39.1142463684082 0
    endloop
  endfacet
  facet normal 0 0 -1
    outer loop
      vertex 80.57677459716797 38.99900817871094 0
      vertex 80.2985610961914 39.1142463684082 0
      vertex 80.57677459716797 45.00099182128906 0
    endloop
  endfacet
  facet normal 0 -5.810279698546804e-17 -1
    outer loop
      vertex 81.15355682373047 38 1.734723475976807e-17
      vertex 81.11425018310547 38.298561096191406 0
      vertex 86.88574981689453 38.298561096191406 0
    endloop
  endfacet
  facet normal 0 0 -1
    outer loop
      vertex 81.11425018310547 38.298561096191406 0
      vertex 80.99900817871094 38.576778411865234 0
      vertex 87.00099182128906 38.576778411865234 0
    endloop
  endfacet
  facet normal 0 0 -1
    outer loop
      vertex 80.99900817871094 38.576778411865234 0
      vertex 80.81568908691406 38.8156852722168 0
      vertex 87.18431091308594 38.8156852722168 0
    endloop
  endfacet
  facet normal 0 0 -1
    outer loop
      vertex 80.57677459716797 38.99900817871094 0
      vertex 87.42322540283203 38.99900817871094 0
      vertex 80.81568908691406 38.8156852722168 0
    endloop
  endfacet
  facet normal 0 -5.810279698546804e-17 -1
    outer loop
      vertex 81.15355682373047 38 1.734723475976807e-17
      vertex 86.88574981689453 38.298561096191406 0
      vertex 86.84644317626953 38 1.734723475976807e-17
    endloop
  endfacet
  facet normal 0 0 -1
    outer loop
      vertex 81.11425018310547 38.298561096191406 0
      vertex 87.00099182128906 38.576778411865234 0
      vertex 86.88574981689453 38.298561096191406 0
    endloop
  endfacet
  facet normal 0 0 -1
    outer loop
      vertex 80.99900817871094 38.576778411865234 0
      vertex 87.18431091308594 38.8156852722168 0
      vertex 87.00099182128906 38.576778411865234 0
    endloop
  endfacet
  facet normal 0 0 -1
    outer loop
      vertex 80.81568908691406 38.8156852722168 0
      vertex 87.42322540283203 38.99900817871094 0
      vertex 87.18431091308594 38.8156852722168 0
    endloop
  endfacet
  facet normal 0 0 -1
    outer loop
      vertex 80.57677459716797 38.99900817871094 0
      vertex 87.42322540283203 45.00099182128906 0
      vertex 87.42322540283203 38.99900817871094 0
    endloop
  endfacet
  facet normal -0.7040641727483979 -0.09268681546614081 0.704061641399998
    outer loop
      vertex 81.11425018310547 38.298561096191406 0
      vertex 81.8499984741211 38 0.6964465975761414
      vertex 81.7869644165039 38.478816986083984 0.6964465975761414
    endloop
  endfacet
  facet normal -0.6560819257800645 -0.2717576103774885 0.7040627158617613
    outer loop
      vertex 80.99900817871094 38.576778411865234 0
      vertex 81.7869644165039 38.478816986083984 0.6964465975761414
      vertex 81.6021499633789 38.92499923706055 0.6964465975761414
    endloop
  endfacet
  facet normal -0.43230301460964476 -0.5633906161592412 0.7040632906089649
    outer loop
      vertex 80.57677459716797 38.99900817871094 0
      vertex 81.30815124511719 39.30814743041992 0.6964465975761414
      vertex 80.92500305175781 39.60214614868164 0.6964465975761414
    endloop
  endfacet
  facet normal -0.5633912135658263 -0.43230347301392114 0.7040625310985719
    outer loop
      vertex 80.81568908691406 38.8156852722168 0
      vertex 81.6021499633789 38.92499923706055 0.6964465975761414
      vertex 81.30815124511719 39.30814743041992 0.6964465975761414
    endloop
  endfacet
  facet normal -0.09268745707867598 -0.704063437279185 0.7040622924052301
    outer loop
      vertex 80 39.1535530090332 1.734723475976807e-17
      vertex 80.47881317138672 39.786964416503906 0.6964465975761414
      vertex 80 39.849998474121094 0.6964465975761414
    endloop
  endfacet
  facet normal -0.27175819502274323 -0.6560810138295978 0.7040633399988298
    outer loop
      vertex 80.2985610961914 39.1142463684082 0
      vertex 80.92500305175781 39.60214614868164 0.6964465975761414
      vertex 80.47881317138672 39.786964416503906 0.6964465975761414
    endloop
  endfacet
  facet normal 0.7040653971141273 -0.09268697664826711 0.7040603958087188
    outer loop
      vertex 86.84644317626953 38 1.734723475976807e-17
      vertex 86.2130355834961 38.478816986083984 0.6964465975761414
      vertex 86.1500015258789 38 0.6964465975761414
    endloop
  endfacet
  facet normal 0.6560822728628525 -0.27175775414366365 0.704062336940349
    outer loop
      vertex 86.88574981689453 38.298561096191406 0
      vertex 86.3978500366211 38.92499923706055 0.6964465975761414
      vertex 86.2130355834961 38.478816986083984 0.6964465975761414
    endloop
  endfacet
  facet normal 0.7040630575430598 -0.09269243023693155 0.7040620174245233
    outer loop
      vertex 86.84644317626953 38 1.734723475976807e-17
      vertex 86.88574981689453 38.298561096191406 0
      vertex 86.2130355834961 38.478816986083984 0.6964465975761414
    endloop
  endfacet
  facet normal 0.6560811560095248 -0.27175917243288694 0.7040628302415902
    outer loop
      vertex 86.88574981689453 38.298561096191406 0
      vertex 87.00099182128906 38.576778411865234 0
      vertex 86.3978500366211 38.92499923706055 0.6964465975761414
    endloop
  endfacet
  facet normal 0.5633909939093293 -0.43230372362691977 0.7040625529881261
    outer loop
      vertex 87.00099182128906 38.576778411865234 0
      vertex 87.18431091308594 38.8156852722168 0
      vertex 86.69184875488281 39.30814743041992 0.6964465975761414
    endloop
  endfacet
  facet normal 0.43230011292962134 -0.5633925561891542 0.7040635198557638
    outer loop
      vertex 87.18431091308594 38.8156852722168 0
      vertex 87.42322540283203 38.99900817871094 0
      vertex 87.07499694824219 39.60214614868164 0.6964465975761414
    endloop
  endfacet
  facet normal 0.2717543807439192 -0.6560823097889873 0.7040636046043258
    outer loop
      vertex 87.42322540283203 38.99900817871094 0
      vertex 87.7014389038086 39.1142463684082 0
      vertex 87.52118682861328 39.786964416503906 0.6964465975761414
    endloop
  endfacet
  facet normal 0.09269243707335784 -0.7040631094704414 0.7040619645970196
    outer loop
      vertex 87.7014389038086 39.1142463684082 0
      vertex 88 39.1535530090332 1.734723475976807e-17
      vertex 88 39.849998474121094 0.6964465975761414
    endloop
  endfacet
  facet normal 0 0 -1
    outer loop
      vertex 87.42322540283203 38.99900817871094 0
      vertex 87.42322540283203 45.00099182128906 0
      vertex 87.7014389038086 39.1142463684082 0
    endloop
  endfacet
  facet normal 5.810279698546804e-17 0 -1
    outer loop
      vertex 87.7014389038086 39.1142463684082 0
      vertex 87.7014389038086 44.8857536315918 0
      vertex 88 39.1535530090332 1.734723475976807e-17
    endloop
  endfacet
  facet normal 0.5633912706010041 -0.4323035167783691 0.7040624585870494
    outer loop
      vertex 87.00099182128906 38.576778411865234 0
      vertex 86.69184875488281 39.30814743041992 0.6964465975761414
      vertex 86.3978500366211 38.92499923706055 0.6964465975761414
    endloop
  endfacet
  facet normal 0.43230347301392114 -0.5633912135658263 0.7040625310985719
    outer loop
      vertex 87.18431091308594 38.8156852722168 0
      vertex 87.07499694824219 39.60214614868164 0.6964465975761414
      vertex 86.69184875488281 39.30814743041992 0.6964465975761414
    endloop
  endfacet
  facet normal 0.2717585275916302 -0.6560818167203166 0.7040624634577517
    outer loop
      vertex 87.42322540283203 38.99900817871094 0
      vertex 87.52118682861328 39.786964416503906 0.6964465975761414
      vertex 87.07499694824219 39.60214614868164 0.6964465975761414
    endloop
  endfacet
  facet normal 0.09268731655372761 -0.7040623698372538 0.7040633783468779
    outer loop
      vertex 87.7014389038086 39.1142463684082 0
      vertex 88 39.849998474121094 0.6964465975761414
      vertex 87.52118682861328 39.786964416503906 0.6964465975761414
    endloop
  endfacet
  facet normal 0 -1 0
    outer loop
      vertex 46 39.849998474121094 0.6964465975761414
      vertex 80 39.849998474121094 0.6964465975761414
      vertex 80 39.849998474121094 2.4964466094970703
    endloop
  endfacet
  facet normal 1 0 0
    outer loop
      vertex 86.1500015258789 4 0.6964465975761414
      vertex 86.1500015258789 38 0.6964465975761414
      vertex 86.1500015258789 38 2.4964466094970703
    endloop
  endfacet
  facet normal -1 0 0
    outer loop
      vertex 81.8499984741211 4 2.4964466094970703
      vertex 81.8499984741211 38 2.4964466094970703
      vertex 81.8499984741211 38 0.6964465975761414
    endloop
  endfacet
  facet normal -0.793354571228536 -0.6087598248166396 0
    outer loop
      vertex 81.6021499633789 38.92499923706055 0.6964465975761414
      vertex 81.6021499633789 38.92499923706055 2.4964466094970703
      vertex 81.30815124511719 39.30814743041992 0.6964465975761414
    endloop
  endfacet
  facet normal -0.9914457709277084 -0.13051928328627102 0
    outer loop
      vertex 81.8499984741211 38 0.6964465975761414
      vertex 81.8499984741211 38 2.4964466094970703
      vertex 81.7869644165039 38.478816986083984 0.6964465975761414
    endloop
  endfacet
  facet normal -0.9238797422662679 -0.38268292597137704 0
    outer loop
      vertex 81.6021499633789 38.92499923706055 0.6964465975761414
      vertex 81.7869644165039 38.478816986083984 0.6964465975761414
      vertex 81.7869644165039 38.478816986083984 2.4964466094970703
    endloop
  endfacet
  facet normal -0.13052030541715426 -0.9914456363683349 0
    outer loop
      vertex 80 39.849998474121094 0.6964465975761414
      vertex 80.47881317138672 39.786964416503906 0.6964465975761414
      vertex 80.47881317138672 39.786964416503906 2.4964466094970703
    endloop
  endfacet
  facet normal -0.38268408271799337 -0.9238792631260255 0
    outer loop
      vertex 80.47881317138672 39.786964416503906 0.6964465975761414
      vertex 80.92500305175781 39.60214614868164 0.6964465975761414
      vertex 80.92500305175781 39.60214614868164 2.4964466094970703
    endloop
  endfacet
  facet normal -0.6087598248166396 -0.793354571228536 0
    outer loop
      vertex 81.30815124511719 39.30814743041992 0.6964465975761414
      vertex 81.30815124511719 39.30814743041992 2.4964466094970703
      vertex 80.92500305175781 39.60214614868164 0.6964465975761414
    endloop
  endfacet
  facet normal 0.9914457709277084 -0.13051928328627102 0
    outer loop
      vertex 86.1500015258789 38 0.6964465975761414
      vertex 86.2130355834961 38.478816986083984 0.6964465975761414
      vertex 86.2130355834961 38.478816986083984 2.4964466094970703
    endloop
  endfacet
  facet normal 0.9238797422662679 -0.38268292597137704 0
    outer loop
      vertex 86.2130355834961 38.478816986083984 0.6964465975761414
      vertex 86.3978500366211 38.92499923706055 0.6964465975761414
      vertex 86.3978500366211 38.92499923706055 2.4964466094970703
    endloop
  endfacet
  facet normal 0.793354571228536 -0.6087598248166396 0
    outer loop
      vertex 86.3978500366211 38.92499923706055 0.6964465975761414
      vertex 86.69184875488281 39.30814743041992 0.6964465975761414
      vertex 86.69184875488281 39.30814743041992 2.4964466094970703
    endloop
  endfacet
  facet normal 0.6087598248166396 -0.793354571228536 0
    outer loop
      vertex 86.69184875488281 39.30814743041992 0.6964465975761414
      vertex 87.07499694824219 39.60214614868164 0.6964465975761414
      vertex 87.07499694824219 39.60214614868164 2.4964466094970703
    endloop
  endfacet
  facet normal 0.38268408271799337 -0.9238792631260255 0
    outer loop
      vertex 87.07499694824219 39.60214614868164 0.6964465975761414
      vertex 87.52118682861328 39.786964416503906 0.6964465975761414
      vertex 87.52118682861328 39.786964416503906 2.4964466094970703
    endloop
  endfacet
  facet normal 0.13052030541715426 -0.9914456363683349 0
    outer loop
      vertex 87.52118682861328 39.786964416503906 0.6964465975761414
      vertex 88 39.849998474121094 0.6964465975761414
      vertex 88 39.849998474121094 2.4964466094970703
    endloop
  endfacet
  facet normal -0.9238797422662679 -0.38268292597137704 0
    outer loop
      vertex 81.6021499633789 38.92499923706055 0.6964465975761414
      vertex 81.7869644165039 38.478816986083984 2.4964466094970703
      vertex 81.6021499633789 38.92499923706055 2.4964466094970703
    endloop
  endfacet
  facet normal -0.793354571228536 -0.6087598248166396 0
    outer loop
      vertex 81.30815124511719 39.30814743041992 0.6964465975761414
      vertex 81.6021499633789 38.92499923706055 2.4964466094970703
      vertex 81.30815124511719 39.30814743041992 2.4964466094970703
    endloop
  endfacet
  facet normal -0.9914457709277084 -0.13051928328627102 0
    outer loop
      vertex 81.7869644165039 38.478816986083984 0.6964465975761414
      vertex 81.8499984741211 38 2.4964466094970703
      vertex 81.7869644165039 38.478816986083984 2.4964466094970703
    endloop
  endfacet
  facet normal -0.13052030541715426 -0.9914456363683349 0
    outer loop
      vertex 80 39.849998474121094 0.6964465975761414
      vertex 80.47881317138672 39.786964416503906 2.4964466094970703
      vertex 80 39.849998474121094 2.4964466094970703
    endloop
  endfacet
  facet normal -0.38268408271799337 -0.9238792631260255 0
    outer loop
      vertex 80.47881317138672 39.786964416503906 0.6964465975761414
      vertex 80.92500305175781 39.60214614868164 2.4964466094970703
      vertex 80.47881317138672 39.786964416503906 2.4964466094970703
    endloop
  endfacet
  facet normal -0.6087598248166396 -0.793354571228536 0
    outer loop
      vertex 80.92500305175781 39.60214614868164 0.6964465975761414
      vertex 81.30815124511719 39.30814743041992 2.4964466094970703
      vertex 80.92500305175781 39.60214614868164 2.4964466094970703
    endloop
  endfacet
  facet normal 0.9914457709277084 -0.13051928328627102 0
    outer loop
      vertex 86.1500015258789 38 0.6964465975761414
      vertex 86.2130355834961 38.478816986083984 2.4964466094970703
      vertex 86.1500015258789 38 2.4964466094970703
    endloop
  endfacet
  facet normal 0.9238797422662679 -0.38268292597137704 0
    outer loop
      vertex 86.2130355834961 38.478816986083984 0.6964465975761414
      vertex 86.3978500366211 38.92499923706055 2.4964466094970703
      vertex 86.2130355834961 38.478816986083984 2.4964466094970703
    endloop
  endfacet
  facet normal 0.793354571228536 -0.6087598248166396 0
    outer loop
      vertex 86.3978500366211 38.92499923706055 0.6964465975761414
      vertex 86.69184875488281 39.30814743041992 2.4964466094970703
      vertex 86.3978500366211 38.92499923706055 2.4964466094970703
    endloop
  endfacet
  facet normal 0.6087598248166396 -0.793354571228536 0
    outer loop
      vertex 86.69184875488281 39.30814743041992 0.6964465975761414
      vertex 87.07499694824219 39.60214614868164 2.4964466094970703
      vertex 86.69184875488281 39.30814743041992 2.4964466094970703
    endloop
  endfacet
  facet normal 0.38268408271799337 -0.9238792631260255 0
    outer loop
      vertex 87.07499694824219 39.60214614868164 0.6964465975761414
      vertex 87.52118682861328 39.786964416503906 2.4964466094970703
      vertex 87.07499694824219 39.60214614868164 2.4964466094970703
    endloop
  endfacet
  facet normal 0.13052030541715426 -0.9914456363683349 0
    outer loop
      vertex 87.52118682861328 39.786964416503906 0.6964465975761414
      vertex 88 39.849998474121094 2.4964466094970703
      vertex 87.52118682861328 39.786964416503906 2.4964466094970703
    endloop
  endfacet
  facet normal 0 6.0943476976140894e-18 -1
    outer loop
      vertex 80 2.8464465141296387 1.734723475976807e-17
      vertex 88 2.8464465141296387 1.734723475976807e-17
      vertex 122 -7.494005416219807e-14 0
    endloop
  endfacet
  facet normal 0 0.7071068719620314 0.7071066904110522
    outer loop
      vertex 88 2.8464465141296387 1.734723475976807e-17
      vertex 88 2.1500000953674316 0.6964465975761414
      vertex 122 2.1500000953674316 0.6964465975761414
    endloop
  endfacet
  facet normal 0 6.094347697614089e-18 -1
    outer loop
      vertex 88 2.8464465141296387 1.734723475976807e-17
      vertex 122 2.8464465141296387 1.734723475976807e-17
      vertex 122 -7.494005416219807e-14 0
    endloop
  endfacet
  facet normal 0 0.7071068719620314 0.7071066904110522
    outer loop
      vertex 88 2.8464465141296387 1.734723475976807e-17
      vertex 122 2.1500000953674316 0.6964465975761414
      vertex 122 2.8464465141296387 1.734723475976807e-17
    endloop
  endfacet
  facet normal -6.002380076881283e-19 6.0943476976140894e-18 -1
    outer loop
      vertex 122 -7.494005416219807e-14 0
      vertex 122 2.8464465141296387 1.734723475976807e-17
      vertex 122.78036499023438 0.07685887813568115 0
    endloop
  endfacet
  facet normal -1.750407782945762e-18 5.770273379194958e-18 -1
    outer loop
      vertex 122 2.8464465141296387 1.734723475976807e-17
      vertex 123.53073120117188 0.3044818639755249 0
      vertex 122.78036499023438 0.07685887813568115 0
    endloop
  endfacet
  facet normal 0 0 -1
    outer loop
      vertex 123.53073120117188 0.3044818639755249 0
      vertex 122.2985610961914 2.8857529163360596 0
      vertex 124.22228240966797 0.6741215586662292 0
    endloop
  endfacet
  facet normal -5.466726139555327e-17 -2.6095425023712425e-17 -1
    outer loop
      vertex 122 2.8464465141296387 1.734723475976807e-17
      vertex 122.2985610961914 2.8857529163360596 0
      vertex 123.53073120117188 0.3044818639755249 0
    endloop
  endfacet
  facet normal 0 0 -1
    outer loop
      vertex 124.22228240966797 0.6741215586662292 0
      vertex 122.2985610961914 2.8857529163360596 0
      vertex 124.82843017578125 1.1715729236602783 0
    endloop
  endfacet
  facet normal 0 0 -1
    outer loop
      vertex 124.82843017578125 1.1715729236602783 0
      vertex 122.2985610961914 2.8857529163360596 0
      vertex 122.57677459716797 3.000993490219116 0
    endloop
  endfacet
  facet normal 0 0 -1
    outer loop
      vertex 124.82843017578125 1.1715729236602783 0
      vertex 122.57677459716797 3.000993490219116 0
      vertex 125.32588195800781 1.7777190208435059 0
    endloop
  endfacet
  facet normal 0 0 -1
    outer loop
      vertex 125.32588195800781 1.7777190208435059 0
      vertex 122.81568908691406 3.184314489364624 0
      vertex 125.69551849365234 2.469266176223755 0
    endloop
  endfacet
  facet normal 0 0 -1
    outer loop
      vertex 125.32588195800781 1.7777190208435059 0
      vertex 122.57677459716797 3.000993490219116 0
      vertex 122.81568908691406 3.184314489364624 0
    endloop
  endfacet
  facet normal 0 0 -1
    outer loop
      vertex 125.69551849365234 2.469266176223755 0
      vertex 122.81568908691406 3.184314489364624 0
      vertex 122.99900817871094 3.4232232570648193 0
    endloop
  endfacet
  facet normal 0 0 -1
    outer loop
      vertex 122.99900817871094 3.4232232570648193 0
      vertex 123.11425018310547 3.7014384269714355 0
      vertex 125.92314147949219 3.2196388244628906 0
    endloop
  endfacet
  facet normal 0 0 -1
    outer loop
      vertex 125.69551849365234 2.469266176223755 0
      vertex 122.99900817871094 3.4232232570648193 0
      vertex 125.92314147949219 3.2196388244628906 0
    endloop
  endfacet
  facet normal -6.094354844105081e-18 5.890504661088434e-17 -1
    outer loop
      vertex 123.11425018310547 3.7014384269714355 0
      vertex 123.15355682373047 4 1.734723475976807e-17
      vertex 126 4 0
    endloop
  endfacet
  facet normal 0 0 -1
    outer loop
      vertex 123.11425018310547 3.7014384269714355 0
      vertex 126 4 0
      vertex 125.92314147949219 3.2196388244628906 0
    endloop
  endfacet
  facet normal -0.09269181675001092 0.7040626682524382 0.7040624874830639
    outer loop
      vertex 122 2.8464465141296387 1.734723475976807e-17
      vertex 122 2.1500000953674316 0.6964465975761414
      vertex 122.2985610961914 2.8857529163360596 0
    endloop
  endfacet
  facet normal -0.27175973921242763 0.6560816726536913 0.704062130036212
    outer loop
      vertex 122.2985610961914 2.8857529163360596 0
      vertex 122.47881317138672 2.2130372524261475 0.6964465975761414
      vertex 122.57677459716797 3.000993490219116 0
    endloop
  endfacet
  facet normal -0.43229649445984336 0.5633937021634948 0.7040648246008616
    outer loop
      vertex 122.57677459716797 3.000993490219116 0
      vertex 122.92500305175781 2.397852897644043 0.6964465975761414
      vertex 122.81568908691406 3.184314489364624 0
    endloop
  endfacet
  facet normal -0.5633928612490177 0.43230170513716265 0.7040622981165423
    outer loop
      vertex 122.81568908691406 3.184314489364624 0
      vertex 123.30815124511719 2.691852569580078 0.6964465975761414
      vertex 122.99900817871094 3.4232232570648193 0
    endloop
  endfacet
  facet normal -0.6560798684782342 0.27176073508755905 0.704063426860288
    outer loop
      vertex 122.99900817871094 3.4232232570648193 0
      vertex 123.6021499633789 3.075000047683716 0.6964465975761414
      vertex 123.11425018310547 3.7014384269714355 0
    endloop
  endfacet
  facet normal -0.7040632277644834 0.09269230460668948 0.7040618637424967
    outer loop
      vertex 123.11425018310547 3.7014384269714355 0
      vertex 123.7869644165039 3.5211846828460693 0.6964465975761414
      vertex 123.15355682373047 4 1.734723475976807e-17
    endloop
  endfacet
  facet normal -0.0926919152327947 0.7040626824776333 0.7040624602923208
    outer loop
      vertex 122.2985610961914 2.8857529163360596 0
      vertex 122 2.1500000953674316 0.6964465975761414
      vertex 122.47881317138672 2.2130372524261475 0.6964465975761414
    endloop
  endfacet
  facet normal -0.2717548522987028 0.6560822537208095 0.7040634748406804
    outer loop
      vertex 122.57677459716797 3.000993490219116 0
      vertex 122.47881317138672 2.2130372524261475 0.6964465975761414
      vertex 122.92500305175781 2.397852897644043 0.6964465975761414
    endloop
  endfacet
  facet normal -0.43230437014528345 0.563390555206351 0.7040625070670711
    outer loop
      vertex 122.81568908691406 3.184314489364624 0
      vertex 122.92500305175781 2.397852897644043 0.6964465975761414
      vertex 123.30815124511719 2.691852569580078 0.6964465975761414
    endloop
  endfacet
  facet normal -0.5633903269576601 0.43230359971676435 0.7040631627648677
    outer loop
      vertex 122.99900817871094 3.4232232570648193 0
      vertex 123.30815124511719 2.691852569580078 0.6964465975761414
      vertex 123.6021499633789 3.075000047683716 0.6964465975761414
    endloop
  endfacet
  facet normal -0.6560830921460524 0.2717566413630783 0.7040620030048019
    outer loop
      vertex 123.11425018310547 3.7014384269714355 0
      vertex 123.6021499633789 3.075000047683716 0.6964465975761414
      vertex 123.7869644165039 3.5211846828460693 0.6964465975761414
    endloop
  endfacet
  facet normal -0.704065376031668 0.09268729693703497 0.7040603747264093
    outer loop
      vertex 123.15355682373047 4 1.734723475976807e-17
      vertex 123.7869644165039 3.5211846828460693 0.6964465975761414
      vertex 123.8499984741211 4 0.6964465975761414
    endloop
  endfacet
  facet normal -6.094354844105081e-18 0 -1
    outer loop
      vertex 123.15355682373047 4 1.734723475976807e-17
      vertex 123.15355682373047 38 1.734723475976807e-17
      vertex 126 4 0
    endloop
  endfacet
  facet normal -0.7071092926458977 0 0.7071042697182773
    outer loop
      vertex 123.15355682373047 4 1.734723475976807e-17
      vertex 123.8499984741211 4 0.6964465975761414
      vertex 123.8499984741211 38 0.6964465975761414
    endloop
  endfacet
  facet normal 0 1 0
    outer loop
      vertex 88 2.1500000953674316 0.6964465975761414
      vertex 88 2.1500000953674316 2.4964466094970703
      vertex 122 2.1500000953674316 0.6964465975761414
    endloop
  endfacet
  facet normal -0.13052661387972042 0.9914448058611707 0
    outer loop
      vertex 122 2.1500000953674316 0.6964465975761414
      vertex 122 2.1500000953674316 2.4964466094970703
      vertex 122.47881317138672 2.2130372524261475 0.6964465975761414
    endloop
  endfacet
  facet normal -0.3826794476076655 0.923881183041787 0
    outer loop
      vertex 122.47881317138672 2.2130372524261475 0.6964465975761414
      vertex 122.47881317138672 2.2130372524261475 2.4964466094970703
      vertex 122.92500305175781 2.397852897644043 0.6964465975761414
    endloop
  endfacet
  facet normal -0.6087610677118283 0.7933536175239607 0
    outer loop
      vertex 122.92500305175781 2.397852897644043 0.6964465975761414
      vertex 122.92500305175781 2.397852897644043 2.4964466094970703
      vertex 123.30815124511719 2.691852569580078 0.6964465975761414
    endloop
  endfacet
  facet normal 0.09801667947142408 -0.9951847720626538 -1.1066040130853515e-19
    outer loop
      vertex 122 -7.494005416219807e-14 0
      vertex 122.78036499023438 0.07685887813568115 0
      vertex 122.78036499023438 0.07685887813568115 4.646446704864502
    endloop
  endfacet
  facet normal 0.2902868777571596 -0.9569396682142505 0
    outer loop
      vertex 122.78036499023438 0.07685887813568115 0
      vertex 123.53073120117188 0.3044818639755249 0
      vertex 123.53073120117188 0.3044818639755249 4.646446704864502
    endloop
  endfacet
  facet normal 0.47139462673620997 -0.8819223922115988 0
    outer loop
      vertex 123.53073120117188 0.3044818639755249 0
      vertex 124.22228240966797 0.6741215586662292 0
      vertex 124.22228240966797 0.6741215586662292 4.646446704864502
    endloop
  endfacet
  facet normal 0.6343923310309272 -0.7730112355775602 0
    outer loop
      vertex 124.22228240966797 0.6741215586662292 0
      vertex 124.82843017578125 1.1715729236602783 0
      vertex 124.82843017578125 1.1715729236602783 4.646446704864502
    endloop
  endfacet
  facet normal 0.7730101180749139 -0.6343936927128198 0
    outer loop
      vertex 124.82843017578125 1.1715729236602783 0
      vertex 125.32588195800781 1.7777190208435059 0
      vertex 125.32588195800781 1.7777190208435059 4.646446704864502
    endloop
  endfacet
  facet normal 0.8819229184805466 -0.47139364214927126 0
    outer loop
      vertex 125.32588195800781 1.7777190208435059 0
      vertex 125.69551849365234 2.469266176223755 0
      vertex 125.69551849365234 2.469266176223755 4.646446704864502
    endloop
  endfacet
  facet normal -0.7933540223773227 0.6087605400957938 0
    outer loop
      vertex 123.30815124511719 2.691852569580078 0.6964465975761414
      vertex 123.30815124511719 2.691852569580078 2.4964466094970703
      vertex 123.6021499633789 3.075000047683716 0.6964465975761414
    endloop
  endfacet
  facet normal -0.923880465233228 0.38268118056736755 0
    outer loop
      vertex 123.6021499633789 3.075000047683716 0.6964465975761414
      vertex 123.6021499633789 3.075000047683716 2.4964466094970703
      vertex 123.7869644165039 3.5211846828460693 0.6964465975761414
    endloop
  endfacet
  facet normal -0.9914457120583715 0.13051973046657964 0
    outer loop
      vertex 123.7869644165039 3.5211846828460693 0.6964465975761414
      vertex 123.7869644165039 3.5211846828460693 2.4964466094970703
      vertex 123.8499984741211 4 0.6964465975761414
    endloop
  endfacet
  facet normal 0.9569403599892118 -0.2902845972898281 0
    outer loop
      vertex 125.69551849365234 2.469266176223755 0
      vertex 125.92314147949219 3.2196388244628906 0
      vertex 125.92314147949219 3.2196388244628906 4.646446704864502
    endloop
  endfacet
  facet normal 0.9951847698129043 -0.09801670231362045 0
    outer loop
      vertex 125.92314147949219 3.2196388244628906 0
      vertex 126 4 0
      vertex 126 4 4.646446704864502
    endloop
  endfacet
  facet normal 0 1 0
    outer loop
      vertex 88 2.1500000953674316 2.4964466094970703
      vertex 122 2.1500000953674316 2.4964466094970703
      vertex 122 2.1500000953674316 0.6964465975761414
    endloop
  endfacet
  facet normal -0.13052661387972042 0.9914448058611707 0
    outer loop
      vertex 122.47881317138672 2.2130372524261475 0.6964465975761414
      vertex 122 2.1500000953674316 2.4964466094970703
      vertex 122.47881317138672 2.2130372524261475 2.4964466094970703
    endloop
  endfacet
  facet normal -0.3826794476076655 0.923881183041787 0
    outer loop
      vertex 122.92500305175781 2.397852897644043 0.6964465975761414
      vertex 122.47881317138672 2.2130372524261475 2.4964466094970703
      vertex 122.92500305175781 2.397852897644043 2.4964466094970703
    endloop
  endfacet
  facet normal -0.6087610677118283 0.7933536175239607 0
    outer loop
      vertex 123.30815124511719 2.691852569580078 0.6964465975761414
      vertex 122.92500305175781 2.397852897644043 2.4964466094970703
      vertex 123.30815124511719 2.691852569580078 2.4964466094970703
    endloop
  endfacet
  facet normal -0.7933540223773227 0.6087605400957938 0
    outer loop
      vertex 123.6021499633789 3.075000047683716 0.6964465975761414
      vertex 123.30815124511719 2.691852569580078 2.4964466094970703
      vertex 123.6021499633789 3.075000047683716 2.4964466094970703
    endloop
  endfacet
  facet normal -0.923880465233228 0.38268118056736755 0
    outer loop
      vertex 123.7869644165039 3.5211846828460693 0.6964465975761414
      vertex 123.6021499633789 3.075000047683716 2.4964466094970703
      vertex 123.7869644165039 3.5211846828460693 2.4964466094970703
    endloop
  endfacet
  facet normal -0.9914457120583715 0.13051973046657964 0
    outer loop
      vertex 123.8499984741211 4 0.6964465975761414
      vertex 123.7869644165039 3.5211846828460693 2.4964466094970703
      vertex 123.8499984741211 4 2.4964466094970703
    endloop
  endfacet
  facet normal -1 0 0
    outer loop
      vertex 123.8499984741211 4 0.6964465975761414
      vertex 123.8499984741211 4 2.4964466094970703
      vertex 123.8499984741211 38 0.6964465975761414
    endloop
  endfacet
  facet normal 0 -0.7071073560981417 0.7071062062744861
    outer loop
      vertex 88 39.1535530090332 1.734723475976807e-17
      vertex 122 39.1535530090332 1.734723475976807e-17
      vertex 88 39.849998474121094 0.6964465975761414
    endloop
  endfacet
  facet normal -6.094354844105081e-18 0 -1
    outer loop
      vertex 126 4 0
      vertex 123.15355682373047 38 1.734723475976807e-17
      vertex 125.50426136702299 39 3.0212071392934647e-18
    endloop
  endfacet
  facet normal -6.0943548441050815e-18 0 -1
    outer loop
      vertex 126 4 0
      vertex 125.50426136702299 39 3.0212071392934647e-18
      vertex 126 39 0
    endloop
  endfacet
  facet normal -0.7071092926458977 0 0.7071042697182773
    outer loop
      vertex 123.15355682373047 4 1.734723475976807e-17
      vertex 123.8499984741211 38 0.6964465975761414
      vertex 123.15355682373047 38 1.734723475976807e-17
    endloop
  endfacet
  facet normal 0 0 -1
    outer loop
      vertex 88 39.1535530090332 1.734723475976807e-17
      vertex 122 44.8464469909668 1.734723475976807e-17
      vertex 122 39.1535530090332 1.734723475976807e-17
    endloop
  endfacet
  facet normal 0 -0.7071073560981417 0.7071062062744861
    outer loop
      vertex 88 39.849998474121094 0.6964465975761414
      vertex 122 39.1535530090332 1.734723475976807e-17
      vertex 122 39.849998474121094 0.6964465975761414
    endloop
  endfacet
  facet normal -6.094354844105081e-18 -5.965387148473683e-34 -1
    outer loop
      vertex 123.15355682373047 38 1.734723475976807e-17
      vertex 125.0078125 40.092187501490116 6.04674269688551e-18
      vertex 125.50426136702299 39 3.0212071392934647e-18
    endloop
  endfacet
  facet normal -0.09269221169664506 -0.7040613975785738 0.7040637061591016
    outer loop
      vertex 122 39.1535530090332 1.734723475976807e-17
      vertex 122.2985610961914 39.1142463684082 0
      vertex 122.47881317138672 39.786964416503906 0.6964465975761414
    endloop
  endfacet
  facet normal -0.4323008480725957 -0.563393514259872 0.7040623018211001
    outer loop
      vertex 122.57677459716797 38.99900817871094 0
      vertex 122.81568908691406 38.8156852722168 0
      vertex 123.30815124511719 39.30814743041992 0.6964465975761414
    endloop
  endfacet
  facet normal -0.2717549141011841 -0.6560835974453825 0.7040621988325915
    outer loop
      vertex 122.2985610961914 39.1142463684082 0
      vertex 122.57677459716797 38.99900817871094 0
      vertex 122.92500305175781 39.60214614868164 0.6964465975761414
    endloop
  endfacet
  facet normal -0.704065021113914 -0.09269268874808688 0.7040600198111765
    outer loop
      vertex 123.15355682373047 38 1.734723475976807e-17
      vertex 123.8499984741211 38 0.6964465975761414
      vertex 123.11425018310547 38.298561096191406 0
    endloop
  endfacet
  facet normal -0.656081712631478 -0.2717594029944874 0.7040622225589342
    outer loop
      vertex 122.99900817871094 38.576778411865234 0
      vertex 123.11425018310547 38.298561096191406 0
      vertex 123.7869644165039 38.478816986083984 0.6964465975761414
    endloop
  endfacet
  facet normal -0.5633910853797441 -0.43230379381441186 0.7040624366974143
    outer loop
      vertex 122.99900817871094 38.576778411865234 0
      vertex 123.6021499633789 38.92499923706055 0.6964465975761414
      vertex 122.81568908691406 38.8156852722168 0
    endloop
  endfacet
  facet normal -5.810279698546804e-17 0 -1
    outer loop
      vertex 122 39.1535530090332 1.734723475976807e-17
      vertex 122.2985610961914 44.8857536315918 0
      vertex 122.2985610961914 39.1142463684082 0
    endloop
  endfacet
  facet normal 0 0 -1
    outer loop
      vertex 122.2985610961914 39.1142463684082 0
      vertex 122.57677459716797 45.00099182128906 0
      vertex 122.57677459716797 38.99900817871094 0
    endloop
  endfacet
  facet normal 0 0 -1
    outer loop
      vertex 122.57677459716797 38.99900817871094 0
      vertex 122.81568908691406 45.1843147277832 0
      vertex 122.81568908691406 38.8156852722168 0
    endloop
  endfacet
  facet normal 0 0 -1
    outer loop
      vertex 122.99900817871094 38.576778411865234 0
      vertex 122.81568908691406 38.8156852722168 0
      vertex 122.99900817871094 45.423221588134766 0
    endloop
  endfacet
  facet normal 4.4133089177645974e-16 0 -1
    outer loop
      vertex 123.15355682373047 38 1.734723475976807e-17
      vertex 123.11425018310547 38.298561096191406 0
      vertex 123.15355682373047 46 1.734723475976807e-17
    endloop
  endfacet
  facet normal 0 0 -1
    outer loop
      vertex 122.99900817871094 38.576778411865234 0
      vertex 123.11425018310547 45.701438903808594 0
      vertex 123.11425018310547 38.298561096191406 0
    endloop
  endfacet
  facet normal -6.0943548441050815e-18 2.1118258860058465e-34 -1
    outer loop
      vertex 123.15355682373047 38 1.734723475976807e-17
      vertex 125.0078125 41.20000000298023 6.04674269688551e-18
      vertex 125.0078125 40.092187501490116 6.04674269688551e-18
    endloop
  endfacet
  facet normal -6.0943548441050815e-18 1.4621919538769131e-34 -1
    outer loop
      vertex 123.15355682373047 38 1.734723475976807e-17
      vertex 125.0078125 42.79999999701977 6.04674269688551e-18
      vertex 125.0078125 41.20000000298023 6.04674269688551e-18
    endloop
  endfacet
  facet normal -6.094354844105082e-18 2.1118258860058465e-34 -1
    outer loop
      vertex 123.15355682373047 38 1.734723475976807e-17
      vertex 125.0078125 43.907812498509884 6.04674269688551e-18
      vertex 125.0078125 42.79999999701977 6.04674269688551e-18
    endloop
  endfacet
  facet normal -6.094354844105081e-18 0 -1
    outer loop
      vertex 126 41.20000000298023 0
      vertex 125.0078125 41.20000000298023 6.04674269688551e-18
      vertex 126 42.79999999701977 0
    endloop
  endfacet
  facet normal -0.43230301460964476 -0.5633906161592412 0.7040632906089649
    outer loop
      vertex 122.57677459716797 38.99900817871094 0
      vertex 123.30815124511719 39.30814743041992 0.6964465975761414
      vertex 122.92500305175781 39.60214614868164 0.6964465975761414
    endloop
  endfacet
  facet normal -0.6560819257800645 -0.2717576103774885 0.7040627158617613
    outer loop
      vertex 122.99900817871094 38.576778411865234 0
      vertex 123.7869644165039 38.478816986083984 0.6964465975761414
      vertex 123.6021499633789 38.92499923706055 0.6964465975761414
    endloop
  endfacet
  facet normal -0.7040641727483979 -0.09268681546614081 0.704061641399998
    outer loop
      vertex 123.11425018310547 38.298561096191406 0
      vertex 123.8499984741211 38 0.6964465975761414
      vertex 123.7869644165039 38.478816986083984 0.6964465975761414
    endloop
  endfacet
  facet normal -0.5633912135658263 -0.43230347301392114 0.7040625310985719
    outer loop
      vertex 122.81568908691406 38.8156852722168 0
      vertex 123.6021499633789 38.92499923706055 0.6964465975761414
      vertex 123.30815124511719 39.30814743041992 0.6964465975761414
    endloop
  endfacet
  facet normal -0.09268745707867598 -0.704063437279185 0.7040622924052301
    outer loop
      vertex 122 39.1535530090332 1.734723475976807e-17
      vertex 122.47881317138672 39.786964416503906 0.6964465975761414
      vertex 122 39.849998474121094 0.6964465975761414
    endloop
  endfacet
  facet normal -0.27175819502274323 -0.6560810138295978 0.7040633399988298
    outer loop
      vertex 122.2985610961914 39.1142463684082 0
      vertex 122.92500305175781 39.60214614868164 0.6964465975761414
      vertex 122.47881317138672 39.786964416503906 0.6964465975761414
    endloop
  endfacet
  facet normal 0 -1 0
    outer loop
      vertex 88 39.849998474121094 0.6964465975761414
      vertex 122 39.849998474121094 2.4964466094970703
      vertex 88 39.849998474121094 2.4964466094970703
    endloop
  endfacet
  facet normal 1 0 0
    outer loop
      vertex 126 4 0
      vertex 126 39 0
      vertex 126 38 4.646446704864502
    endloop
  endfacet
  facet normal -1 0 0
    outer loop
      vertex 123.8499984741211 4 2.4964466094970703
      vertex 123.8499984741211 38 2.4964466094970703
      vertex 123.8499984741211 38 0.6964465975761414
    endloop
  endfacet
  facet normal 0 -1 0
    outer loop
      vertex 88 39.849998474121094 0.6964465975761414
      vertex 122 39.849998474121094 0.6964465975761414
      vertex 122 39.849998474121094 2.4964466094970703
    endloop
  endfacet
  facet normal -0.9914457709277084 -0.13051928328627102 0
    outer loop
      vertex 123.8499984741211 38 0.6964465975761414
      vertex 123.8499984741211 38 2.4964466094970703
      vertex 123.7869644165039 38.478816986083984 0.6964465975761414
    endloop
  endfacet
  facet normal -0.9238797422662679 -0.38268292597137704 0
    outer loop
      vertex 123.7869644165039 38.478816986083984 0.6964465975761414
      vertex 123.7869644165039 38.478816986083984 2.4964466094970703
      vertex 123.6021499633789 38.92499923706055 0.6964465975761414
    endloop
  endfacet
  facet normal -0.793354571228536 -0.6087598248166396 0
    outer loop
      vertex 123.30815124511719 39.30814743041992 0.6964465975761414
      vertex 123.6021499633789 38.92499923706055 0.6964465975761414
      vertex 123.6021499633789 38.92499923706055 2.4964466094970703
    endloop
  endfacet
  facet normal -0.13052030541715426 -0.9914456363683349 0
    outer loop
      vertex 122 39.849998474121094 0.6964465975761414
      vertex 122.47881317138672 39.786964416503906 0.6964465975761414
      vertex 122.47881317138672 39.786964416503906 2.4964466094970703
    endloop
  endfacet
  facet normal -0.38268408271799337 -0.9238792631260255 0
    outer loop
      vertex 122.47881317138672 39.786964416503906 0.6964465975761414
      vertex 122.92500305175781 39.60214614868164 0.6964465975761414
      vertex 122.92500305175781 39.60214614868164 2.4964466094970703
    endloop
  endfacet
  facet normal -0.6087598248166396 -0.793354571228536 0
    outer loop
      vertex 123.30815124511719 39.30814743041992 0.6964465975761414
      vertex 123.30815124511719 39.30814743041992 2.4964466094970703
      vertex 122.92500305175781 39.60214614868164 0.6964465975761414
    endloop
  endfacet
  facet normal -0.9914457709277084 -0.13051928328627102 0
    outer loop
      vertex 123.7869644165039 38.478816986083984 0.6964465975761414
      vertex 123.8499984741211 38 2.4964466094970703
      vertex 123.7869644165039 38.478816986083984 2.4964466094970703
    endloop
  endfacet
  facet normal -0.793354571228536 -0.6087598248166396 0
    outer loop
      vertex 123.30815124511719 39.30814743041992 0.6964465975761414
      vertex 123.6021499633789 38.92499923706055 2.4964466094970703
      vertex 123.30815124511719 39.30814743041992 2.4964466094970703
    endloop
  endfacet
  facet normal -0.9238797422662679 -0.38268292597137704 0
    outer loop
      vertex 123.6021499633789 38.92499923706055 0.6964465975761414
      vertex 123.7869644165039 38.478816986083984 2.4964466094970703
      vertex 123.6021499633789 38.92499923706055 2.4964466094970703
    endloop
  endfacet
  facet normal -0.13052030541715426 -0.9914456363683349 0
    outer loop
      vertex 122 39.849998474121094 0.6964465975761414
      vertex 122.47881317138672 39.786964416503906 2.4964466094970703
      vertex 122 39.849998474121094 2.4964466094970703
    endloop
  endfacet
  facet normal -0.38268408271799337 -0.9238792631260255 0
    outer loop
      vertex 122.47881317138672 39.786964416503906 0.6964465975761414
      vertex 122.92500305175781 39.60214614868164 2.4964466094970703
      vertex 122.47881317138672 39.786964416503906 2.4964466094970703
    endloop
  endfacet
  facet normal -0.6087598248166396 -0.793354571228536 0
    outer loop
      vertex 122.92500305175781 39.60214614868164 0.6964465975761414
      vertex 123.30815124511719 39.30814743041992 2.4964466094970703
      vertex 122.92500305175781 39.60214614868164 2.4964466094970703
    endloop
  endfacet
  facet normal 1.0285889786968363e-15 -1 3.190730470559566e-14
    outer loop
      vertex 46 -4.85722573273506e-15 4.646446704864502
      vertex 122 -7.494005416219807e-14 0
      vertex 80 3.011479954295737e-14 4.646446704864502
    endloop
  endfacet
  facet normal -0.09220105625768074 0.7003342506519558 0.7078353640421844
    outer loop
      vertex 80 2.1500000953674316 2.4964466094970703
      vertex 80.83171081542969 3.133708502650427e-14 4.731999397277832
      vertex 80.47881317138672 2.2130372524261475 2.4964466094970703
    endloop
  endfacet
  facet normal -0.2697614365262419 0.6512696636178692 0.7092789244115222
    outer loop
      vertex 80.47881317138672 2.2130372524261475 2.4964466094970703
      vertex 81.71855163574219 3.275157922644212e-14 5
      vertex 80.92500305175781 2.397852897644043 2.4964466094970703
    endloop
  endfacet
  facet normal -0.42974824273857454 0.5600593419725824 0.7082725332330381
    outer loop
      vertex 80.92500305175781 2.397852897644043 2.4964466094970703
      vertex 82.44235229492188 0.3960651457309723 5
      vertex 81.30815124511719 2.691852569580078 2.4964466094970703
    endloop
  endfacet
  facet normal -0.5600596919501001 0.42974791951741464 0.708272452607902
    outer loop
      vertex 81.30815124511719 2.691852569580078 2.4964466094970703
      vertex 83.60393524169922 1.5576485395431519 5
      vertex 81.6021499633789 3.075000047683716 2.4964466094970703
    endloop
  endfacet
  facet normal -0.7003352894253073 0.09219624645130699 0.7078349627744175
    outer loop
      vertex 81.7869644165039 3.5211846828460693 2.4964466094970703
      vertex 84 3.168290615081787 4.731999397277832
      vertex 81.8499984741211 4 2.4964466094970703
    endloop
  endfacet
  facet normal -0.6512692853414447 0.26976271104380756 0.7092787870091273
    outer loop
      vertex 81.6021499633789 3.075000047683716 2.4964466094970703
      vertex 84 2.2814462184906006 5
      vertex 81.7869644165039 3.5211846828460693 2.4964466094970703
    endloop
  endfacet
  facet normal 0.42974824273857454 0.5600593419725824 0.7082725332330381
    outer loop
      vertex 87.07499694824219 2.397852897644043 2.4964466094970703
      vertex 86.69184875488281 2.691852569580078 2.4964466094970703
      vertex 85.55764770507812 0.3960651457309723 5
    endloop
  endfacet
  facet normal 0.5600596919501001 0.42974791951741464 0.708272452607902
    outer loop
      vertex 86.3978500366211 3.075000047683716 2.4964466094970703
      vertex 84.39606475830078 1.5576485395431519 5
      vertex 86.69184875488281 2.691852569580078 2.4964466094970703
    endloop
  endfacet
  facet normal 0.7003352894253073 0.09219624645130699 0.7078349627744175
    outer loop
      vertex 86.2130355834961 3.5211846828460693 2.4964466094970703
      vertex 86.1500015258789 4 2.4964466094970703
      vertex 84 3.168290615081787 4.731999397277832
    endloop
  endfacet
  facet normal 0.6512692853414447 0.26976271104380756 0.7092787870091273
    outer loop
      vertex 86.3978500366211 3.075000047683716 2.4964466094970703
      vertex 86.2130355834961 3.5211846828460693 2.4964466094970703
      vertex 84 2.2814462184906006 5
    endloop
  endfacet
  facet normal 0.09220105625767999 0.70033425065195 0.70783536404219
    outer loop
      vertex 87.52118682861328 2.2130372524261475 2.4964466094970703
      vertex 87.16828918457031 -5.5244013980352766e-15 4.731999397277832
      vertex 88 2.1500000953674316 2.4964466094970703
    endloop
  endfacet
  facet normal 0.2697614365262399 0.6512696636178645 0.7092789244115273
    outer loop
      vertex 87.07499694824219 2.397852897644043 2.4964466094970703
      vertex 86.28144836425781 -6.661338147750939e-15 5
      vertex 87.52118682861328 2.2130372524261475 2.4964466094970703
    endloop
  endfacet
  facet normal -0.7071065459483729 0 0.7071070164246439
    outer loop
      vertex 81.8499984741211 4 2.4964466094970703
      vertex 84 4 4.646446704864502
      vertex 81.8499984741211 38 2.4964466094970703
    endloop
  endfacet
  facet normal -7.273222418902832e-16 0.7071067811865525 0.7071067811865426
    outer loop
      vertex 46 -4.85722573273506e-15 4.646446704864502
      vertex 80 3.011479954295737e-14 4.646446704864502
      vertex 80 2.1500000953674316 2.4964466094970703
    endloop
  endfacet
  facet normal -0.07254384261843395 0.7052437135126289 0.7052437135126189
    outer loop
      vertex 80 2.1500000953674316 2.4964466094970703
      vertex 80 3.011479954295737e-14 4.646446704864502
      vertex 80.83171081542969 3.133708502650427e-14 4.731999397277832
    endloop
  endfacet
  facet normal -0.1787929824481135 0.6849687523158582 0.7062937616729779
    outer loop
      vertex 80.47881317138672 2.2130372524261475 2.4964466094970703
      vertex 80.83171081542969 3.133708502650427e-14 4.731999397277832
      vertex 81.26446533203125 3.17564442624263e-14 4.841547966003418
    endloop
  endfacet
  facet normal -0.7052434712760195 0.07254399074140525 0.7052439405126861
    outer loop
      vertex 81.8499984741211 4 2.4964466094970703
      vertex 84 3.168290615081787 4.731999397277832
      vertex 84 4 4.646446704864502
    endloop
  endfacet
  facet normal -0.6849694450968334 0.1787916192010079 0.7062934349030988
    outer loop
      vertex 81.7869644165039 3.5211846828460693 2.4964466094970703
      vertex 84 2.7355329990386963 4.841547966003418
      vertex 84 3.168290615081787 4.731999397277832
    endloop
  endfacet
  facet normal 0.7052434712760195 0.07254399074140525 0.7052439405126861
    outer loop
      vertex 86.1500015258789 4 2.4964466094970703
      vertex 84 4 4.646446704864502
      vertex 84 3.168290615081787 4.731999397277832
    endloop
  endfacet
  facet normal 0.6849694450968334 0.1787916192010079 0.7062934349030988
    outer loop
      vertex 86.2130355834961 3.5211846828460693 2.4964466094970703
      vertex 84 3.168290615081787 4.731999397277832
      vertex 84 2.7355329990386963 4.841547966003418
    endloop
  endfacet
  facet normal -0.24689852151155547 0.6621251006165976 0.7075531578679221
    outer loop
      vertex 80.47881317138672 2.2130372524261475 2.4964466094970703
      vertex 81.26446533203125 3.17564442624263e-14 4.841547966003418
      vertex 81.71855163574219 3.275157922644212e-14 5
    endloop
  endfacet
  facet normal -0.34073237792375655 0.6226811987960595 0.7043930517121278
    outer loop
      vertex 80.92500305175781 2.397852897644043 2.4964466094970703
      vertex 81.71855163574219 3.275157922644212e-14 5
      vertex 82.44235229492188 0.3960651457309723 5
    endloop
  endfacet
  facet normal -0.45138419618007497 0.5463582987419665 0.7055103945617327
    outer loop
      vertex 81.30815124511719 2.691852569580078 2.4964466094970703
      vertex 82.44235229492188 0.3960651457309723 5
      vertex 83.07843017578125 0.9215728640556335 5
    endloop
  endfacet
  facet normal -0.5463586803887941 0.45138379821317615 0.7055103536266936
    outer loop
      vertex 81.30815124511719 2.691852569580078 2.4964466094970703
      vertex 83.07843017578125 0.9215728640556335 5
      vertex 83.60393524169922 1.5576485395431519 5
    endloop
  endfacet
  facet normal -0.6226808221374664 0.34073324147301304 0.7043929669563022
    outer loop
      vertex 81.6021499633789 3.075000047683716 2.4964466094970703
      vertex 83.60393524169922 1.5576485395431519 5
      vertex 84 2.2814462184906006 5
    endloop
  endfacet
  facet normal 0.34073237792378175 0.6226811987960433 0.7043930517121302
    outer loop
      vertex 87.07499694824219 2.397852897644043 2.4964466094970703
      vertex 85.55764770507812 0.3960651457309723 5
      vertex 86.28144836425781 -6.661338147750939e-15 5
    endloop
  endfacet
  facet normal 0.5463586803887941 0.45138379821317615 0.7055103536266936
    outer loop
      vertex 86.69184875488281 2.691852569580078 2.4964466094970703
      vertex 84.39606475830078 1.5576485395431519 5
      vertex 84.92156982421875 0.9215728640556335 5
    endloop
  endfacet
  facet normal 0.6226808221374664 0.34073324147301304 0.7043929669563022
    outer loop
      vertex 86.3978500366211 3.075000047683716 2.4964466094970703
      vertex 84 2.2814462184906006 5
      vertex 84.39606475830078 1.5576485395431519 5
    endloop
  endfacet
  facet normal 0.45138419618007497 0.5463582987419665 0.7055103945617327
    outer loop
      vertex 86.69184875488281 2.691852569580078 2.4964466094970703
      vertex 84.92156982421875 0.9215728640556335 5
      vertex 85.55764770507812 0.3960651457309723 5
    endloop
  endfacet
  facet normal -0.6621255049875844 0.24689817267436587 0.7075529011847775
    outer loop
      vertex 81.7869644165039 3.5211846828460693 2.4964466094970703
      vertex 84 2.2814462184906006 5
      vertex 84 2.7355329990386963 4.841547966003418
    endloop
  endfacet
  facet normal 0.6621255049875844 0.24689817267436587 0.7075529011847775
    outer loop
      vertex 86.2130355834961 3.5211846828460693 2.4964466094970703
      vertex 84 2.7355329990386963 4.841547966003418
      vertex 84 2.2814462184906006 5
    endloop
  endfacet
  facet normal 0.07254384261843305 0.7052437135126232 0.7052437135126248
    outer loop
      vertex 88 2.1500000953674316 2.4964466094970703
      vertex 87.16828918457031 -5.5244013980352766e-15 4.731999397277832
      vertex 88 -4.85722573273506e-15 4.646446704864502
    endloop
  endfacet
  facet normal 0.17879298244811376 0.6849687523158523 0.7062937616729835
    outer loop
      vertex 87.52118682861328 2.2130372524261475 2.4964466094970703
      vertex 86.73553466796875 -5.943757245825514e-15 4.841547966003418
      vertex 87.16828918457031 -5.5244013980352766e-15 4.731999397277832
    endloop
  endfacet
  facet normal 0.24689852151155448 0.6621251006165922 0.7075531578679274
    outer loop
      vertex 87.52118682861328 2.2130372524261475 2.4964466094970703
      vertex 86.28144836425781 -6.661338147750939e-15 5
      vertex 86.73553466796875 -5.943757245825514e-15 4.841547966003418
    endloop
  endfacet
  facet normal -4.371503159461554e-15 -1 5.6785026910493534e-14
    outer loop
      vertex 80 3.011479954295737e-14 4.646446704864502
      vertex 88 -4.85722573273506e-15 4.646446704864502
      vertex 80.83171081542969 3.133708502650427e-14 4.731999397277832
    endloop
  endfacet
  facet normal -5.817254088429865e-15 -1 2.6808220783472837e-14
    outer loop
      vertex 80.83171081542969 3.133708502650427e-14 4.731999397277832
      vertex 87.16828918457031 -5.5244013980352766e-15 4.731999397277832
      vertex 81.26446533203125 3.17564442624263e-14 4.841547966003418
    endloop
  endfacet
  facet normal -5.817254088429865e-15 -1 -6.435155518135502e-14
    outer loop
      vertex 80.83171081542969 3.133708502650427e-14 4.731999397277832
      vertex 88 -4.85722573273506e-15 4.646446704864502
      vertex 87.16828918457031 -5.5244013980352766e-15 4.731999397277832
    endloop
  endfacet
  facet normal -6.890828683272693e-15 -1 -3.1049178671831156e-14
    outer loop
      vertex 81.26446533203125 3.17564442624263e-14 4.841547966003418
      vertex 87.16828918457031 -5.5244013980352766e-15 4.731999397277832
      vertex 86.73553466796875 -5.943757245825514e-15 4.841547966003418
    endloop
  endfacet
  facet normal -6.890828683272693e-15 -1 2.6027850739974636e-14
    outer loop
      vertex 81.26446533203125 3.17564442624263e-14 4.841547966003418
      vertex 86.73553466796875 -5.943757245825514e-15 4.841547966003418
      vertex 81.71855163574219 3.275157922644212e-14 5
    endloop
  endfacet
  facet normal 0 0 1
    outer loop
      vertex 81.71855163574219 3.275157922644212e-14 5
      vertex 86.28144836425781 -6.661338147750939e-15 5
      vertex 82.44235229492188 0.3960651457309723 5
    endloop
  endfacet
  facet normal 0 0 1
    outer loop
      vertex 82.44235229492188 0.3960651457309723 5
      vertex 85.55764770507812 0.3960651457309723 5
      vertex 83.07843017578125 0.9215728640556335 5
    endloop
  endfacet
  facet normal 0 0 1
    outer loop
      vertex 83.07843017578125 0.9215728640556335 5
      vertex 84.92156982421875 0.9215728640556335 5
      vertex 83.60393524169922 1.5576485395431519 5
    endloop
  endfacet
  facet normal 0 0 1
    outer loop
      vertex 83.07843017578125 0.9215728640556335 5
      vertex 85.55764770507812 0.3960651457309723 5
      vertex 84.92156982421875 0.9215728640556335 5
    endloop
  endfacet
  facet normal 0 0 1
    outer loop
      vertex 83.60393524169922 1.5576485395431519 5
      vertex 84.39606475830078 1.5576485395431519 5
      vertex 84 2.2814462184906006 5
    endloop
  endfacet
  facet normal 0 0 1
    outer loop
      vertex 83.60393524169922 1.5576485395431519 5
      vertex 84.92156982421875 0.9215728640556335 5
      vertex 84.39606475830078 1.5576485395431519 5
    endloop
  endfacet
  facet normal -8.637696559705974e-15 -1 -2.928230385101322e-14
    outer loop
      vertex 81.71855163574219 3.275157922644212e-14 5
      vertex 86.73553466796875 -5.943757245825514e-15 4.841547966003418
      vertex 86.28144836425781 -6.661338147750939e-15 5
    endloop
  endfacet
  facet normal 0 0 1
    outer loop
      vertex 82.44235229492188 0.3960651457309723 5
      vertex 86.28144836425781 -6.661338147750939e-15 5
      vertex 85.55764770507812 0.3960651457309723 5
    endloop
  endfacet
  facet normal 0.7071065459483729 0 0.7071070164246439
    outer loop
      vertex 86.1500015258789 4 2.4964466094970703
      vertex 84 38 4.646446704864502
      vertex 84 4 4.646446704864502
    endloop
  endfacet
  facet normal 0 -0.7071065459483729 0.7071070164246439
    outer loop
      vertex 46 39.849998474121094 2.4964466094970703
      vertex 80 39.849998474121094 2.4964466094970703
      vertex 80 42 4.646446704864502
    endloop
  endfacet
  facet normal 0.7071065459483729 0 0.7071070164246439
    outer loop
      vertex 86.1500015258789 4 2.4964466094970703
      vertex 86.1500015258789 38 2.4964466094970703
      vertex 84 38 4.646446704864502
    endloop
  endfacet
  facet normal -0.7003353401952798 -0.09219593178233416 0.7078349535282563
    outer loop
      vertex 81.8499984741211 38 2.4964466094970703
      vertex 84 38.83171081542969 4.731999397277832
      vertex 81.7869644165039 38.478816986083984 2.4964466094970703
    endloop
  endfacet
  facet normal -0.6512687023582083 -0.26976391104827535 0.7092788659086028
    outer loop
      vertex 81.6021499633789 38.92499923706055 2.4964466094970703
      vertex 81.7869644165039 38.478816986083984 2.4964466094970703
      vertex 84 39.71855545043945 5
    endloop
  endfacet
  facet normal -0.09219664222868139 -0.7003351573020836 0.7078350419472197
    outer loop
      vertex 80 39.849998474121094 2.4964466094970703
      vertex 80.47881317138672 39.786964416503906 2.4964466094970703
      vertex 80.83171081542969 42 4.731999397277832
    endloop
  endfacet
  facet normal -0.2697647063376638 -0.6512683159918922 0.7092789181976572
    outer loop
      vertex 80.47881317138672 39.786964416503906 2.4964466094970703
      vertex 80.92500305175781 39.60214614868164 2.4964466094970703
      vertex 81.71855163574219 42 5
    endloop
  endfacet
  facet normal -0.42974727202090207 -0.5600598936263059 0.7082726860058092
    outer loop
      vertex 81.30815124511719 39.30814743041992 2.4964466094970703
      vertex 82.44235229492188 41.60393524169922 5
      vertex 80.92500305175781 39.60214614868164 2.4964466094970703
    endloop
  endfacet
  facet normal -0.5600599723897505 -0.42974733245796565 0.7082725870539214
    outer loop
      vertex 81.6021499633789 38.92499923706055 2.4964466094970703
      vertex 83.60393524169922 40.442352294921875 5
      vertex 81.30815124511719 39.30814743041992 2.4964466094970703
    endloop
  endfacet
  facet normal 0.7003353401952798 -0.09219593178233416 0.7078349535282563
    outer loop
      vertex 86.1500015258789 38 2.4964466094970703
      vertex 86.2130355834961 38.478816986083984 2.4964466094970703
      vertex 84 38.83171081542969 4.731999397277832
    endloop
  endfacet
  facet normal 0.6512687023582083 -0.26976391104827535 0.7092788659086028
    outer loop
      vertex 86.2130355834961 38.478816986083984 2.4964466094970703
      vertex 86.3978500366211 38.92499923706055 2.4964466094970703
      vertex 84 39.71855545043945 5
    endloop
  endfacet
  facet normal 0.5600599723897505 -0.42974733245796565 0.7082725870539214
    outer loop
      vertex 86.3978500366211 38.92499923706055 2.4964466094970703
      vertex 86.69184875488281 39.30814743041992 2.4964466094970703
      vertex 84.39606475830078 40.442352294921875 5
    endloop
  endfacet
  facet normal 0.42974727202090207 -0.5600598936263059 0.7082726860058092
    outer loop
      vertex 86.69184875488281 39.30814743041992 2.4964466094970703
      vertex 87.07499694824219 39.60214614868164 2.4964466094970703
      vertex 85.55764770507812 41.60393524169922 5
    endloop
  endfacet
  facet normal 0.09219664222868139 -0.7003351573020836 0.7078350419472197
    outer loop
      vertex 87.52118682861328 39.786964416503906 2.4964466094970703
      vertex 88 39.849998474121094 2.4964466094970703
      vertex 87.16828918457031 42 4.731999397277832
    endloop
  endfacet
  facet normal 0.2697647063376638 -0.6512683159918922 0.7092789181976572
    outer loop
      vertex 87.07499694824219 39.60214614868164 2.4964466094970703
      vertex 87.52118682861328 39.786964416503906 2.4964466094970703
      vertex 86.28144836425781 42 5
    endloop
  endfacet
  facet normal -0.7071065459483729 0 0.7071070164246439
    outer loop
      vertex 81.8499984741211 38 2.4964466094970703
      vertex 84 4 4.646446704864502
      vertex 84 38 4.646446704864502
    endloop
  endfacet
  facet normal -0.0725438666250885 -0.7052434776595449 0.7052439468962158
    outer loop
      vertex 80 39.849998474121094 2.4964466094970703
      vertex 80.83171081542969 42 4.731999397277832
      vertex 80 42 4.646446704864502
    endloop
  endfacet
  facet normal -0.17879291918629747 -0.6849690265147809 0.7062935117670526
    outer loop
      vertex 80.47881317138672 39.786964416503906 2.4964466094970703
      vertex 81.26446533203125 42 4.841547966003418
      vertex 80.83171081542969 42 4.731999397277832
    endloop
  endfacet
  facet normal -0.7052434776595449 -0.0725438666250885 0.7052439468962158
    outer loop
      vertex 81.8499984741211 38 2.4964466094970703
      vertex 84 38 4.646446704864502
      vertex 84 38.83171081542969 4.731999397277832
    endloop
  endfacet
  facet normal -0.6849691901086544 -0.17879288144270752 0.7062933626668935
    outer loop
      vertex 81.7869644165039 38.478816986083984 2.4964466094970703
      vertex 84 38.83171081542969 4.731999397277832
      vertex 84 39.26446533203125 4.841547966003418
    endloop
  endfacet
  facet normal 0.7052434776595449 -0.0725438666250885 0.7052439468962158
    outer loop
      vertex 86.1500015258789 38 2.4964466094970703
      vertex 84 38.83171081542969 4.731999397277832
      vertex 84 38 4.646446704864502
    endloop
  endfacet
  facet normal 0.6849691901086544 -0.17879288144270752 0.7062933626668935
    outer loop
      vertex 86.2130355834961 38.478816986083984 2.4964466094970703
      vertex 84 39.26446533203125 4.841547966003418
      vertex 84 38.83171081542969 4.731999397277832
    endloop
  endfacet
  facet normal -0.5463581413147224 -0.45138449488874216 0.70551032536254
    outer loop
      vertex 81.30815124511719 39.30814743041992 2.4964466094970703
      vertex 83.60393524169922 40.442352294921875 5
      vertex 83.07843017578125 41.078426361083984 5
    endloop
  endfacet
  facet normal -0.4513848201568717 -0.5463578456016479 0.7055103462611122
    outer loop
      vertex 81.30815124511719 39.30814743041992 2.4964466094970703
      vertex 83.07843017578125 41.078426361083984 5
      vertex 82.44235229492188 41.60393524169922 5
    endloop
  endfacet
  facet normal -0.24689843988184065 -0.6621253810367395 0.7075529239363411
    outer loop
      vertex 80.47881317138672 39.786964416503906 2.4964466094970703
      vertex 81.71855163574219 42 5
      vertex 81.26446533203125 42 4.841547966003418
    endloop
  endfacet
  facet normal -0.34073205174281496 -0.6226812118128572 0.7043931979870356
    outer loop
      vertex 80.92500305175781 39.60214614868164 2.4964466094970703
      vertex 82.44235229492188 41.60393524169922 5
      vertex 81.71855163574219 42 5
    endloop
  endfacet
  facet normal -0.662126372634368 -0.24689630223763326 0.7075527419234819
    outer loop
      vertex 81.7869644165039 38.478816986083984 2.4964466094970703
      vertex 84 39.26446533203125 4.841547966003418
      vertex 84 39.71855545043945 5
    endloop
  endfacet
  facet normal 0.662126372634368 -0.24689630223763326 0.7075527419234819
    outer loop
      vertex 86.2130355834961 38.478816986083984 2.4964466094970703
      vertex 84 39.71855545043945 5
      vertex 84 39.26446533203125 4.841547966003418
    endloop
  endfacet
  facet normal -0.6226805418528657 -0.34073348093125627 0.7043930988945668
    outer loop
      vertex 81.6021499633789 38.92499923706055 2.4964466094970703
      vertex 84 39.71855545043945 5
      vertex 83.60393524169922 40.442352294921875 5
    endloop
  endfacet
  facet normal 0.6226805418528657 -0.34073348093125627 0.7043930988945668
    outer loop
      vertex 86.3978500366211 38.92499923706055 2.4964466094970703
      vertex 84.39606475830078 40.442352294921875 5
      vertex 84 39.71855545043945 5
    endloop
  endfacet
  facet normal 0.5463581413147224 -0.45138449488874216 0.70551032536254
    outer loop
      vertex 86.69184875488281 39.30814743041992 2.4964466094970703
      vertex 84.92156982421875 41.078426361083984 5
      vertex 84.39606475830078 40.442352294921875 5
    endloop
  endfacet
  facet normal 0.4513848201568717 -0.5463578456016479 0.7055103462611122
    outer loop
      vertex 86.69184875488281 39.30814743041992 2.4964466094970703
      vertex 85.55764770507812 41.60393524169922 5
      vertex 84.92156982421875 41.078426361083984 5
    endloop
  endfacet
  facet normal 0.34073205174281496 -0.6226812118128572 0.7043931979870356
    outer loop
      vertex 87.07499694824219 39.60214614868164 2.4964466094970703
      vertex 86.28144836425781 42 5
      vertex 85.55764770507812 41.60393524169922 5
    endloop
  endfacet
  facet normal 0.0725438666250885 -0.7052434776595449 0.7052439468962158
    outer loop
      vertex 88 39.849998474121094 2.4964466094970703
      vertex 88 42 4.646446704864502
      vertex 87.16828918457031 42 4.731999397277832
    endloop
  endfacet
  facet normal 0.17879291918629747 -0.6849690265147809 0.7062935117670526
    outer loop
      vertex 87.52118682861328 39.786964416503906 2.4964466094970703
      vertex 87.16828918457031 42 4.731999397277832
      vertex 86.73553466796875 42 4.841547966003418
    endloop
  endfacet
  facet normal 0.24689843988184065 -0.6621253810367395 0.7075529239363411
    outer loop
      vertex 87.52118682861328 39.786964416503906 2.4964466094970703
      vertex 86.73553466796875 42 4.841547966003418
      vertex 86.28144836425781 42 5
    endloop
  endfacet
  facet normal 0 0 1
    outer loop
      vertex 83.60393524169922 40.442352294921875 5
      vertex 84 39.71855545043945 5
      vertex 84.39606475830078 40.442352294921875 5
    endloop
  endfacet
  facet normal 0 0 1
    outer loop
      vertex 83.60393524169922 40.442352294921875 5
      vertex 84.39606475830078 40.442352294921875 5
      vertex 83.07843017578125 41.078426361083984 5
    endloop
  endfacet
  facet normal 0 0 1
    outer loop
      vertex 82.44235229492188 41.60393524169922 5
      vertex 83.07843017578125 41.078426361083984 5
      vertex 83.07843017578125 42.921573638916016 5
    endloop
  endfacet
  facet normal 0 0 1
    outer loop
      vertex 84.39606475830078 40.442352294921875 5
      vertex 84.92156982421875 41.078426361083984 5
      vertex 83.07843017578125 41.078426361083984 5
    endloop
  endfacet
  facet normal 0 0 1
    outer loop
      vertex 83.07843017578125 41.078426361083984 5
      vertex 84.92156982421875 41.078426361083984 5
      vertex 83.07843017578125 42.921573638916016 5
    endloop
  endfacet
  facet normal 0 0 1
    outer loop
      vertex 84.92156982421875 41.078426361083984 5
      vertex 85.55764770507812 41.60393524169922 5
      vertex 84.92156982421875 42.921573638916016 5
    endloop
  endfacet
  facet normal -4.371503159461554e-15 -1 -1.6905020972261518e-14
    outer loop
      vertex 122 -7.494005416219807e-14 0
      vertex 88 -4.85722573273506e-15 4.646446704864502
      vertex 80 3.011479954295737e-14 4.646446704864502
    endloop
  endfacet
  facet normal 0 0.7071067811865468 0.7071067811865483
    outer loop
      vertex 88 2.1500000953674316 2.4964466094970703
      vertex 88 -4.85722573273506e-15 4.646446704864502
      vertex 122 2.1500000953674316 2.4964466094970703
    endloop
  endfacet
  facet normal 1.0285889786968363e-15 -1 2.260971886219429e-14
    outer loop
      vertex 122 -7.494005416219807e-14 0
      vertex 122 3.011479954295737e-14 4.646446704864502
      vertex 88 -4.85722573273506e-15 4.646446704864502
    endloop
  endfacet
  facet normal 0.09801667947129138 -0.9951847720626669 2.2500847912273806e-14
    outer loop
      vertex 122 -7.494005416219807e-14 0
      vertex 122.78036499023438 0.07685887813568115 4.646446704864502
      vertex 122 3.011479954295737e-14 4.646446704864502
    endloop
  endfacet
  facet normal 0.2902868777571596 -0.9569396682142505 0
    outer loop
      vertex 122.78036499023438 0.07685887813568115 0
      vertex 123.53073120117188 0.3044818639755249 4.646446704864502
      vertex 122.78036499023438 0.07685887813568115 4.646446704864502
    endloop
  endfacet
  facet normal 0.47139462673620997 -0.8819223922115988 0
    outer loop
      vertex 123.53073120117188 0.3044818639755249 0
      vertex 124.22228240966797 0.6741215586662292 4.646446704864502
      vertex 123.53073120117188 0.3044818639755249 4.646446704864502
    endloop
  endfacet
  facet normal 0.6343923310309272 -0.7730112355775602 0
    outer loop
      vertex 124.22228240966797 0.6741215586662292 0
      vertex 124.82843017578125 1.1715729236602783 4.646446704864502
      vertex 124.22228240966797 0.6741215586662292 4.646446704864502
    endloop
  endfacet
  facet normal 0.7730101180749139 -0.6343936927128198 0
    outer loop
      vertex 124.82843017578125 1.1715729236602783 0
      vertex 125.32588195800781 1.7777190208435059 4.646446704864502
      vertex 124.82843017578125 1.1715729236602783 4.646446704864502
    endloop
  endfacet
  facet normal 0.8819229184805466 -0.47139364214927126 0
    outer loop
      vertex 125.32588195800781 1.7777190208435059 0
      vertex 125.69551849365234 2.469266176223755 4.646446704864502
      vertex 125.32588195800781 1.7777190208435059 4.646446704864502
    endloop
  endfacet
  facet normal 0.9569403599892118 -0.2902845972898281 0
    outer loop
      vertex 125.69551849365234 2.469266176223755 0
      vertex 125.92314147949219 3.2196388244628906 4.646446704864502
      vertex 125.69551849365234 2.469266176223755 4.646446704864502
    endloop
  endfacet
  facet normal 0.9951847698129043 -0.09801670231362045 0
    outer loop
      vertex 125.92314147949219 3.2196388244628906 0
      vertex 126 4 4.646446704864502
      vertex 125.92314147949219 3.2196388244628906 4.646446704864502
    endloop
  endfacet
  facet normal -0.09214048238811123 0.699874147945155 0.7082981777071925
    outer loop
      vertex 122 2.1500000953674316 2.4964466094970703
      vertex 122.78036499023438 0.07685887813568115 4.646446704864502
      vertex 122.47881317138672 2.2130372524261475 2.4964466094970703
    endloop
  endfacet
  facet normal -0.26960117275466006 0.650882747926908 0.7096949035327991
    outer loop
      vertex 122.47881317138672 2.2130372524261475 2.4964466094970703
      vertex 123.53073120117188 0.3044818639755249 4.646446704864502
      vertex 122.92500305175781 2.397852897644043 2.4964466094970703
    endloop
  endfacet
  facet normal -0.4297327621897742 0.5600391673095769 0.7082978781416351
    outer loop
      vertex 122.92500305175781 2.397852897644043 2.4964466094970703
      vertex 124.22228240966797 0.6741215586662292 4.646446704864502
      vertex 123.30815124511719 2.691852569580078 2.4964466094970703
    endloop
  endfacet
  facet normal -0.56003925128814 0.4297322348822281 0.7082981316647285
    outer loop
      vertex 123.30815124511719 2.691852569580078 2.4964466094970703
      vertex 125.32588195800781 1.7777190208435059 4.646446704864502
      vertex 123.6021499633789 3.075000047683716 2.4964466094970703
    endloop
  endfacet
  facet normal -0.6508823294182453 0.2696024297573318 0.7096948098443596
    outer loop
      vertex 123.6021499633789 3.075000047683716 2.4964466094970703
      vertex 125.69551849365234 2.469266176223755 4.646446704864502
      vertex 123.7869644165039 3.5211846828460693 2.4964466094970703
    endloop
  endfacet
  facet normal -0.6998751486369518 0.09213567081822652 0.7082978148231717
    outer loop
      vertex 123.7869644165039 3.5211846828460693 2.4964466094970703
      vertex 125.92314147949219 3.2196388244628906 4.646446704864502
      vertex 123.8499984741211 4 2.4964466094970703
    endloop
  endfacet
  facet normal 1 0 0
    outer loop
      vertex 126 4 0
      vertex 126 38 4.646446704864502
      vertex 126 4 4.646446704864502
    endloop
  endfacet
  facet normal -0.7071065459483729 0 0.7071070164246439
    outer loop
      vertex 123.8499984741211 4 2.4964466094970703
      vertex 126 4 4.646446704864502
      vertex 123.8499984741211 38 2.4964466094970703
    endloop
  endfacet
  facet normal -7.287720258484462e-16 0.7071067811865525 0.7071067811865426
    outer loop
      vertex 122 2.1500000953674316 2.4964466094970703
      vertex 88 -4.85722573273506e-15 4.646446704864502
      vertex 122 3.011479954295737e-14 4.646446704864502
    endloop
  endfacet
  facet normal -0.06947532664425703 0.7053981779774057 0.7053981779773958
    outer loop
      vertex 122 2.1500000953674316 2.4964466094970703
      vertex 122 3.011479954295737e-14 4.646446704864502
      vertex 122.78036499023438 0.07685887813568115 4.646446704864502
    endloop
  endfacet
  facet normal -0.20613778434092073 0.6795395798725737 0.7040832147222529
    outer loop
      vertex 122.47881317138672 2.2130372524261475 2.4964466094970703
      vertex 122.78036499023438 0.07685887813568115 4.646446704864502
      vertex 123.53073120117188 0.3044818639755249 4.646446704864502
    endloop
  endfacet
  facet normal -0.33474576208088047 0.6262688765060284 0.7040827856784795
    outer loop
      vertex 122.92500305175781 2.397852897644043 2.4964466094970703
      vertex 123.53073120117188 0.3044818639755249 4.646446704864502
      vertex 124.22228240966797 0.6741215586662292 4.646446704864502
    endloop
  endfacet
  facet normal -0.4496645161475314 0.5479191759107873 0.70539804336775
    outer loop
      vertex 123.30815124511719 2.691852569580078 2.4964466094970703
      vertex 124.22228240966797 0.6741215586662292 4.646446704864502
      vertex 124.82843017578125 1.1715729236602783 4.646446704864502
    endloop
  endfacet
  facet normal -0.5479183491441809 0.44966545287186377 0.7053980884328062
    outer loop
      vertex 123.30815124511719 2.691852569580078 2.4964466094970703
      vertex 124.82843017578125 1.1715729236602783 4.646446704864502
      vertex 125.32588195800781 1.7777190208435059 4.646446704864502
    endloop
  endfacet
  facet normal -0.6262691053349406 0.3347449854665674 0.7040829513686301
    outer loop
      vertex 123.6021499633789 3.075000047683716 2.4964466094970703
      vertex 125.32588195800781 1.7777190208435059 4.646446704864502
      vertex 125.69551849365234 2.469266176223755 4.646446704864502
    endloop
  endfacet
  facet normal -0.6795404179819571 0.20613627016241398 0.704082849139528
    outer loop
      vertex 123.7869644165039 3.5211846828460693 2.4964466094970703
      vertex 125.69551849365234 2.469266176223755 4.646446704864502
      vertex 125.92314147949219 3.2196388244628906 4.646446704864502
    endloop
  endfacet
  facet normal -0.7053979436391713 0.06947531991201916 0.7053984129786167
    outer loop
      vertex 123.8499984741211 4 2.4964466094970703
      vertex 125.92314147949219 3.2196388244628906 4.646446704864502
      vertex 126 4 4.646446704864502
    endloop
  endfacet
  facet normal -0.6512687023582088 -0.2697639110482755 0.7092788659086022
    outer loop
      vertex 123.7869644165039 38.478816986083984 2.4964466094970703
      vertex 125.28517588283745 39.4819880625778 4.253664610044858
      vertex 123.6021499633789 38.92499923706055 2.4964466094970703
    endloop
  endfacet
  facet normal -0.5600599723897512 -0.4297473324579662 0.7082725870539206
    outer loop
      vertex 123.30815124511719 39.30814743041992 2.4964466094970703
      vertex 123.6021499633789 38.92499923706055 2.4964466094970703
      vertex 125.04219255199655 40.01655138751047 4.297450715305788
    endloop
  endfacet
  facet normal 0 -0.7071065459483729 0.7071070164246439
    outer loop
      vertex 88 39.849998474121094 2.4964466094970703
      vertex 122 39.849998474121094 2.4964466094970703
      vertex 122 42 4.646446704864502
    endloop
  endfacet
  facet normal 1 0 0
    outer loop
      vertex 126 38 4.646446704864502
      vertex 126 39 0
      vertex 126 38.83171081542969 4.731999397277832
    endloop
  endfacet
  facet normal 1 0 0
    outer loop
      vertex 126 38.83171081542969 4.731999397277832
      vertex 126 39 0
      vertex 126 39 4.77460054549103
    endloop
  endfacet
  facet normal -0.7003353401952798 -0.09219593178233416 0.7078349535282563
    outer loop
      vertex 123.8499984741211 38 2.4964466094970703
      vertex 126 38.83171081542969 4.731999397277832
      vertex 123.7869644165039 38.478816986083984 2.4964466094970703
    endloop
  endfacet
  facet normal -0.09219664222868139 -0.7003351573020836 0.7078350419472197
    outer loop
      vertex 122 39.849998474121094 2.4964466094970703
      vertex 122.47881317138672 39.786964416503906 2.4964466094970703
      vertex 122.83171081542969 42 4.731999397277832
    endloop
  endfacet
  facet normal -0.2697647063376638 -0.6512683159918922 0.7092789181976572
    outer loop
      vertex 122.47881317138672 39.786964416503906 2.4964466094970703
      vertex 122.92500305175781 39.60214614868164 2.4964466094970703
      vertex 123.71855163574219 42 5
    endloop
  endfacet
  facet normal -0.42974727202090207 -0.5600598936263059 0.7082726860058092
    outer loop
      vertex 123.30815124511719 39.30814743041992 2.4964466094970703
      vertex 124.44235229492188 41.60393524169922 5
      vertex 122.92500305175781 39.60214614868164 2.4964466094970703
    endloop
  endfacet
  facet normal 1 0 0
    outer loop
      vertex 126 41.20000000298023 5
      vertex 126 41.20000000298023 0
      vertex 126 42.79999999701977 5
    endloop
  endfacet
  facet normal -0.6512687023581947 -0.26976391104830244 0.7092788659086049
    outer loop
      vertex 123.7869644165039 38.478816986083984 2.4964466094970703
      vertex 125.3445468986995 39.351371828394115 4.258501830556119
      vertex 125.28517588283745 39.4819880625778 4.253664610044858
    endloop
  endfacet
  facet normal -0.6849691901086673 -0.17879288144266312 0.7062933626668922
    outer loop
      vertex 123.7869644165039 38.478816986083984 2.4964466094970703
      vertex 125.50426136702299 39 4.293829087220962
      vertex 125.46963390965973 39.07618040578343 4.279531590316826
    endloop
  endfacet
  facet normal -0.6621263726343672 -0.24689630223763329 0.7075527419234825
    outer loop
      vertex 123.7869644165039 38.478816986083984 2.4964466094970703
      vertex 125.46963390965973 39.07618040578343 4.279531590316826
      vertex 125.3445468986995 39.351371828394115 4.258501830556119
    endloop
  endfacet
  facet normal -0.5600599723897759 -0.42974733245792307 0.708272587053927
    outer loop
      vertex 123.30815124511719 39.30814743041992 2.4964466094970703
      vertex 125.04219255199655 40.01655138751047 4.297450715305788
      vertex 125.0078125 40.092187501490116 4.316157534531141
    endloop
  endfacet
  facet normal -0.622680541852865 -0.34073348093125916 0.7043930988945659
    outer loop
      vertex 123.6021499633789 38.92499923706055 2.4964466094970703
      vertex 125.28517588283745 39.4819880625778 4.253664610044858
      vertex 125.04219255199655 40.01655138751047 4.297450715305788
    endloop
  endfacet
  facet normal -0.5600599723897518 -0.42974733245796254 0.7082725870539223
    outer loop
      vertex 123.30815124511719 39.30814743041992 2.4964466094970703
      vertex 125.0078125 40.092187501490116 4.316157534531141
      vertex 125.0078125 40.147844922067065 4.34992790551772
    endloop
  endfacet
  facet normal 0 -0.7071065459483729 0.7071070164246439
    outer loop
      vertex 88 39.849998474121094 2.4964466094970703
      vertex 122 42 4.646446704864502
      vertex 88 42 4.646446704864502
    endloop
  endfacet
  facet normal -0.7071065459483729 0 0.7071070164246439
    outer loop
      vertex 123.8499984741211 38 2.4964466094970703
      vertex 126 4 4.646446704864502
      vertex 126 38 4.646446704864502
    endloop
  endfacet
  facet normal -0.6849691901086535 -0.1787928814427122 0.7062933626668932
    outer loop
      vertex 123.7869644165039 38.478816986083984 2.4964466094970703
      vertex 126 38.83171081542969 4.731999397277832
      vertex 125.50426136702299 39 4.293829087220962
    endloop
  endfacet
  facet normal -0.7052434776595449 -0.0725438666250885 0.7052439468962158
    outer loop
      vertex 123.8499984741211 38 2.4964466094970703
      vertex 126 38 4.646446704864502
      vertex 126 38.83171081542969 4.731999397277832
    endloop
  endfacet
  facet normal -0.0725438666250885 -0.7052434776595449 0.7052439468962158
    outer loop
      vertex 122 39.849998474121094 2.4964466094970703
      vertex 122.83171081542969 42 4.731999397277832
      vertex 122 42 4.646446704864502
    endloop
  endfacet
  facet normal -0.17879291918629747 -0.6849690265147809 0.7062935117670526
    outer loop
      vertex 122.47881317138672 39.786964416503906 2.4964466094970703
      vertex 123.26446533203125 42 4.841547966003418
      vertex 122.83171081542969 42 4.731999397277832
    endloop
  endfacet
  facet normal -0.5463581413147207 -0.45138449488874394 0.70551032536254
    outer loop
      vertex 123.30815124511719 39.30814743041992 2.4964466094970703
      vertex 125.0078125 40.147844922067065 4.34992790551772
      vertex 125.0078125 41.007808685302734 4.900131488564197
    endloop
  endfacet
  facet normal -0.24689843988184065 -0.6621253810367395 0.7075529239363411
    outer loop
      vertex 122.47881317138672 39.786964416503906 2.4964466094970703
      vertex 123.71855163574219 42 5
      vertex 123.26446533203125 42 4.841547966003418
    endloop
  endfacet
  facet normal -0.34073205174281496 -0.6226812118128572 0.7043931979870356
    outer loop
      vertex 122.92500305175781 39.60214614868164 2.4964466094970703
      vertex 124.44235229492188 41.60393524169922 5
      vertex 123.71855163574219 42 5
    endloop
  endfacet
  facet normal -0.45138482015687176 -0.5463578456016479 0.7055103462611122
    outer loop
      vertex 123.30815124511719 39.30814743041992 2.4964466094970703
      vertex 125.0078125 41.007808685302734 4.900131488564197
      vertex 124.44235229492188 41.60393524169922 5
    endloop
  endfacet
  facet normal -0.6849691901086534 -0.17879288144270916 0.7062933626668941
    outer loop
      vertex 126 38.83171081542969 4.731999397277832
      vertex 126 39 4.77460054549103
      vertex 125.50426136702299 39 4.293829087220962
    endloop
  endfacet
  facet normal -0.4513848201568637 -0.5463578456016418 0.7055103462611222
    outer loop
      vertex 124.44235229492188 41.60393524169922 5
      vertex 125.0078125 41.007808685302734 4.900131488564197
      vertex 125.0078125 41.13676861266695 5
    endloop
  endfacet
  facet normal 0 0 1
    outer loop
      vertex 124.44235229492188 41.60393524169922 5
      vertex 125.0078125 41.13676861266695 5
      vertex 125.0078125 41.20000000298023 5
    endloop
  endfacet
  facet normal 0 0 1
    outer loop
      vertex 124.44235229492188 41.60393524169922 5
      vertex 126 41.20000000298023 5
      vertex 124.44235229492188 42.39606475830078 5
    endloop
  endfacet
  facet normal 0 0 1
    outer loop
      vertex 124.44235229492188 41.60393524169922 5
      vertex 125.0078125 41.20000000298023 5
      vertex 126 41.20000000298023 5
    endloop
  endfacet
  facet normal 0 0.7071073560981417 0.7071062062744861
    outer loop
      vertex 46 44.8464469909668 1.734723475976807e-17
      vertex 80 44.150001525878906 0.6964465975761414
      vertex 80 44.8464469909668 1.734723475976807e-17
    endloop
  endfacet
  facet normal -5.810279698546804e-17 0 -1
    outer loop
      vertex 80 39.1535530090332 1.734723475976807e-17
      vertex 80 44.8464469909668 1.734723475976807e-17
      vertex 80.2985610961914 44.8857536315918 0
    endloop
  endfacet
  facet normal 0 0 -1
    outer loop
      vertex 80.2985610961914 39.1142463684082 0
      vertex 80.2985610961914 44.8857536315918 0
      vertex 80.57677459716797 45.00099182128906 0
    endloop
  endfacet
  facet normal -0.09269243707335785 0.7040631094704414 0.7040619645970196
    outer loop
      vertex 80 44.8464469909668 1.734723475976807e-17
      vertex 80 44.150001525878906 0.6964465975761414
      vertex 80.2985610961914 44.8857536315918 0
    endloop
  endfacet
  facet normal -0.2717543807439192 0.6560823097889873 0.7040636046043258
    outer loop
      vertex 80.2985610961914 44.8857536315918 0
      vertex 80.47881317138672 44.213035583496094 0.6964465975761414
      vertex 80.57677459716797 45.00099182128906 0
    endloop
  endfacet
  facet normal -0.43230011292962134 0.5633925561891542 0.7040635198557638
    outer loop
      vertex 80.57677459716797 45.00099182128906 0
      vertex 80.92500305175781 44.39785385131836 0.6964465975761414
      vertex 80.81568908691406 45.1843147277832 0
    endloop
  endfacet
  facet normal -0.5633909939093293 0.43230372362691977 0.7040625529881261
    outer loop
      vertex 80.81568908691406 45.1843147277832 0
      vertex 81.30815124511719 44.69185256958008 0.6964465975761414
      vertex 80.99900817871094 45.423221588134766 0
    endloop
  endfacet
  facet normal -0.6560811560095248 0.27175917243288694 0.7040628302415902
    outer loop
      vertex 80.99900817871094 45.423221588134766 0
      vertex 81.6021499633789 45.07500076293945 0.6964465975761414
      vertex 81.11425018310547 45.701438903808594 0
    endloop
  endfacet
  facet normal -0.7040630575430598 0.09269243023693155 0.7040620174245233
    outer loop
      vertex 81.11425018310547 45.701438903808594 0
      vertex 81.7869644165039 45.521183013916016 0.6964465975761414
      vertex 81.15355682373047 46 1.734723475976807e-17
    endloop
  endfacet
  facet normal 0 0 -1
    outer loop
      vertex 80.57677459716797 38.99900817871094 0
      vertex 80.57677459716797 45.00099182128906 0
      vertex 87.42322540283203 45.00099182128906 0
    endloop
  endfacet
  facet normal 0 0 -1
    outer loop
      vertex 80.57677459716797 45.00099182128906 0
      vertex 80.81568908691406 45.1843147277832 0
      vertex 87.18431091308594 45.1843147277832 0
    endloop
  endfacet
  facet normal 0 0 -1
    outer loop
      vertex 80.81568908691406 45.1843147277832 0
      vertex 80.99900817871094 45.423221588134766 0
      vertex 87.00099182128906 45.423221588134766 0
    endloop
  endfacet
  facet normal 0 0 -1
    outer loop
      vertex 80.99900817871094 45.423221588134766 0
      vertex 81.11425018310547 45.701438903808594 0
      vertex 86.88574981689453 45.701438903808594 0
    endloop
  endfacet
  facet normal 0 5.810279698546804e-17 -1
    outer loop
      vertex 81.11425018310547 45.701438903808594 0
      vertex 81.15355682373047 46 1.734723475976807e-17
      vertex 86.84644317626953 46 1.734723475976807e-17
    endloop
  endfacet
  facet normal 0 0 -1
    outer loop
      vertex 80.57677459716797 45.00099182128906 0
      vertex 87.18431091308594 45.1843147277832 0
      vertex 87.42322540283203 45.00099182128906 0
    endloop
  endfacet
  facet normal 0 0 -1
    outer loop
      vertex 80.81568908691406 45.1843147277832 0
      vertex 87.00099182128906 45.423221588134766 0
      vertex 87.18431091308594 45.1843147277832 0
    endloop
  endfacet
  facet normal 0 0 -1
    outer loop
      vertex 80.99900817871094 45.423221588134766 0
      vertex 86.88574981689453 45.701438903808594 0
      vertex 87.00099182128906 45.423221588134766 0
    endloop
  endfacet
  facet normal 0 5.810279698546804e-17 -1
    outer loop
      vertex 81.11425018310547 45.701438903808594 0
      vertex 86.84644317626953 46 1.734723475976807e-17
      vertex 86.88574981689453 45.701438903808594 0
    endloop
  endfacet
  facet normal -0.09268731655372761 0.7040623698372538 0.7040633783468779
    outer loop
      vertex 80.2985610961914 44.8857536315918 0
      vertex 80 44.150001525878906 0.6964465975761414
      vertex 80.47881317138672 44.213035583496094 0.6964465975761414
    endloop
  endfacet
  facet normal -0.2717585275916302 0.6560818167203166 0.7040624634577517
    outer loop
      vertex 80.57677459716797 45.00099182128906 0
      vertex 80.47881317138672 44.213035583496094 0.6964465975761414
      vertex 80.92500305175781 44.39785385131836 0.6964465975761414
    endloop
  endfacet
  facet normal -0.43230347301392114 0.5633912135658263 0.7040625310985719
    outer loop
      vertex 80.81568908691406 45.1843147277832 0
      vertex 80.92500305175781 44.39785385131836 0.6964465975761414
      vertex 81.30815124511719 44.69185256958008 0.6964465975761414
    endloop
  endfacet
  facet normal -0.5633912706010041 0.4323035167783691 0.7040624585870494
    outer loop
      vertex 80.99900817871094 45.423221588134766 0
      vertex 81.30815124511719 44.69185256958008 0.6964465975761414
      vertex 81.6021499633789 45.07500076293945 0.6964465975761414
    endloop
  endfacet
  facet normal -0.6560822728628525 0.27175775414366365 0.704062336940349
    outer loop
      vertex 81.11425018310547 45.701438903808594 0
      vertex 81.6021499633789 45.07500076293945 0.6964465975761414
      vertex 81.7869644165039 45.521183013916016 0.6964465975761414
    endloop
  endfacet
  facet normal -0.7040653971141273 0.09268697664826711 0.7040603958087188
    outer loop
      vertex 81.15355682373047 46 1.734723475976807e-17
      vertex 81.7869644165039 45.521183013916016 0.6964465975761414
      vertex 81.8499984741211 46 0.6964465975761414
    endloop
  endfacet
  facet normal 0.6560819257800645 0.2717576103774885 0.7040627158617613
    outer loop
      vertex 87.00099182128906 45.423221588134766 0
      vertex 86.2130355834961 45.521183013916016 0.6964465975761414
      vertex 86.3978500366211 45.07500076293945 0.6964465975761414
    endloop
  endfacet
  facet normal 0.7040641727483979 0.09268681546614081 0.704061641399998
    outer loop
      vertex 86.88574981689453 45.701438903808594 0
      vertex 86.1500015258789 46 0.6964465975761414
      vertex 86.2130355834961 45.521183013916016 0.6964465975761414
    endloop
  endfacet
  facet normal 0 0 -1
    outer loop
      vertex 87.7014389038086 39.1142463684082 0
      vertex 87.42322540283203 45.00099182128906 0
      vertex 87.7014389038086 44.8857536315918 0
    endloop
  endfacet
  facet normal 5.810279698546804e-17 0 -1
    outer loop
      vertex 88 39.1535530090332 1.734723475976807e-17
      vertex 87.7014389038086 44.8857536315918 0
      vertex 88 44.8464469909668 1.734723475976807e-17
    endloop
  endfacet
  facet normal 0.5633910853797441 0.43230379381441186 0.7040624366974143
    outer loop
      vertex 87.18431091308594 45.1843147277832 0
      vertex 87.00099182128906 45.423221588134766 0
      vertex 86.3978500366211 45.07500076293945 0.6964465975761414
    endloop
  endfacet
  facet normal 0.4323008480725957 0.563393514259872 0.7040623018211001
    outer loop
      vertex 87.18431091308594 45.1843147277832 0
      vertex 86.69184875488281 44.69185256958008 0.6964465975761414
      vertex 87.42322540283203 45.00099182128906 0
    endloop
  endfacet
  facet normal 0.2717549141011841 0.6560835974453825 0.7040621988325915
    outer loop
      vertex 87.42322540283203 45.00099182128906 0
      vertex 87.07499694824219 44.39785385131836 0.6964465975761414
      vertex 87.7014389038086 44.8857536315918 0
    endloop
  endfacet
  facet normal 0.656081712631478 0.2717594029944874 0.7040622225589342
    outer loop
      vertex 87.00099182128906 45.423221588134766 0
      vertex 86.88574981689453 45.701438903808594 0
      vertex 86.2130355834961 45.521183013916016 0.6964465975761414
    endloop
  endfacet
  facet normal 0.704065021113914 0.09269268874808687 0.7040600198111765
    outer loop
      vertex 86.88574981689453 45.701438903808594 0
      vertex 86.84644317626953 46 1.734723475976807e-17
      vertex 86.1500015258789 46 0.6964465975761414
    endloop
  endfacet
  facet normal 0.09269221169664506 0.7040613975785738 0.7040637061591016
    outer loop
      vertex 87.7014389038086 44.8857536315918 0
      vertex 87.52118682861328 44.213035583496094 0.6964465975761414
      vertex 88 44.8464469909668 1.734723475976807e-17
    endloop
  endfacet
  facet normal 0.27175819502274323 0.6560810138295978 0.7040633399988298
    outer loop
      vertex 87.7014389038086 44.8857536315918 0
      vertex 87.07499694824219 44.39785385131836 0.6964465975761414
      vertex 87.52118682861328 44.213035583496094 0.6964465975761414
    endloop
  endfacet
  facet normal 0.09268745707867598 0.704063437279185 0.7040622924052301
    outer loop
      vertex 88 44.8464469909668 1.734723475976807e-17
      vertex 87.52118682861328 44.213035583496094 0.6964465975761414
      vertex 88 44.150001525878906 0.6964465975761414
    endloop
  endfacet
  facet normal 0.43230301460964476 0.5633906161592412 0.7040632906089649
    outer loop
      vertex 87.42322540283203 45.00099182128906 0
      vertex 86.69184875488281 44.69185256958008 0.6964465975761414
      vertex 87.07499694824219 44.39785385131836 0.6964465975761414
    endloop
  endfacet
  facet normal 0.5633912135658263 0.43230347301392114 0.7040625310985719
    outer loop
      vertex 87.18431091308594 45.1843147277832 0
      vertex 86.3978500366211 45.07500076293945 0.6964465975761414
      vertex 86.69184875488281 44.69185256958008 0.6964465975761414
    endloop
  endfacet
  facet normal 0 0 -1
    outer loop
      vertex 81.15355682373047 46 1.734723475976807e-17
      vertex 86.84644317626953 80 1.734723475976807e-17
      vertex 86.84644317626953 46 1.734723475976807e-17
    endloop
  endfacet
  facet normal 0.7071092926458977 0 0.7071042697182773
    outer loop
      vertex 86.84644317626953 46 1.734723475976807e-17
      vertex 86.84644317626953 80 1.734723475976807e-17
      vertex 86.1500015258789 46 0.6964465975761414
    endloop
  endfacet
  facet normal -0.7071092926458977 0 0.7071042697182773
    outer loop
      vertex 81.15355682373047 46 1.734723475976807e-17
      vertex 81.8499984741211 46 0.6964465975761414
      vertex 81.8499984741211 80 0.6964465975761414
    endloop
  endfacet
  facet normal 0 1 0
    outer loop
      vertex 46 44.150001525878906 2.4964466094970703
      vertex 80 44.150001525878906 2.4964466094970703
      vertex 80 44.150001525878906 0.6964465975761414
    endloop
  endfacet
  facet normal -0.13052030541715426 0.9914456363683349 0
    outer loop
      vertex 80 44.150001525878906 0.6964465975761414
      vertex 80 44.150001525878906 2.4964466094970703
      vertex 80.47881317138672 44.213035583496094 0.6964465975761414
    endloop
  endfacet
  facet normal -0.38268408271799337 0.9238792631260255 0
    outer loop
      vertex 80.47881317138672 44.213035583496094 0.6964465975761414
      vertex 80.47881317138672 44.213035583496094 2.4964466094970703
      vertex 80.92500305175781 44.39785385131836 0.6964465975761414
    endloop
  endfacet
  facet normal -0.6087598248166396 0.793354571228536 0
    outer loop
      vertex 80.92500305175781 44.39785385131836 0.6964465975761414
      vertex 80.92500305175781 44.39785385131836 2.4964466094970703
      vertex 81.30815124511719 44.69185256958008 0.6964465975761414
    endloop
  endfacet
  facet normal -0.793354571228536 0.6087598248166396 0
    outer loop
      vertex 81.30815124511719 44.69185256958008 0.6964465975761414
      vertex 81.30815124511719 44.69185256958008 2.4964466094970703
      vertex 81.6021499633789 45.07500076293945 0.6964465975761414
    endloop
  endfacet
  facet normal -0.9238797422662679 0.38268292597137704 0
    outer loop
      vertex 81.6021499633789 45.07500076293945 0.6964465975761414
      vertex 81.6021499633789 45.07500076293945 2.4964466094970703
      vertex 81.7869644165039 45.521183013916016 0.6964465975761414
    endloop
  endfacet
  facet normal -0.9914457709277084 0.13051928328627102 0
    outer loop
      vertex 81.7869644165039 45.521183013916016 0.6964465975761414
      vertex 81.7869644165039 45.521183013916016 2.4964466094970703
      vertex 81.8499984741211 46 0.6964465975761414
    endloop
  endfacet
  facet normal 0.793354571228536 0.6087598248166396 0
    outer loop
      vertex 86.3978500366211 45.07500076293945 0.6964465975761414
      vertex 86.3978500366211 45.07500076293945 2.4964466094970703
      vertex 86.69184875488281 44.69185256958008 0.6964465975761414
    endloop
  endfacet
  facet normal 0.9238797422662679 0.38268292597137704 0
    outer loop
      vertex 86.3978500366211 45.07500076293945 0.6964465975761414
      vertex 86.2130355834961 45.521183013916016 0.6964465975761414
      vertex 86.2130355834961 45.521183013916016 2.4964466094970703
    endloop
  endfacet
  facet normal 0.9914457709277084 0.13051928328627102 0
    outer loop
      vertex 86.2130355834961 45.521183013916016 0.6964465975761414
      vertex 86.1500015258789 46 0.6964465975761414
      vertex 86.1500015258789 46 2.4964466094970703
    endloop
  endfacet
  facet normal 0.6087598248166396 0.793354571228536 0
    outer loop
      vertex 87.07499694824219 44.39785385131836 0.6964465975761414
      vertex 86.69184875488281 44.69185256958008 0.6964465975761414
      vertex 86.69184875488281 44.69185256958008 2.4964466094970703
    endloop
  endfacet
  facet normal 0.38268408271799337 0.9238792631260255 0
    outer loop
      vertex 87.07499694824219 44.39785385131836 0.6964465975761414
      vertex 87.07499694824219 44.39785385131836 2.4964466094970703
      vertex 87.52118682861328 44.213035583496094 0.6964465975761414
    endloop
  endfacet
  facet normal 0.13052030541715426 0.9914456363683349 0
    outer loop
      vertex 87.52118682861328 44.213035583496094 0.6964465975761414
      vertex 87.52118682861328 44.213035583496094 2.4964466094970703
      vertex 88 44.150001525878906 0.6964465975761414
    endloop
  endfacet
  facet normal -0.13052030541715426 0.9914456363683349 0
    outer loop
      vertex 80.47881317138672 44.213035583496094 0.6964465975761414
      vertex 80 44.150001525878906 2.4964466094970703
      vertex 80.47881317138672 44.213035583496094 2.4964466094970703
    endloop
  endfacet
  facet normal -0.38268408271799337 0.9238792631260255 0
    outer loop
      vertex 80.92500305175781 44.39785385131836 0.6964465975761414
      vertex 80.47881317138672 44.213035583496094 2.4964466094970703
      vertex 80.92500305175781 44.39785385131836 2.4964466094970703
    endloop
  endfacet
  facet normal -0.6087598248166396 0.793354571228536 0
    outer loop
      vertex 81.30815124511719 44.69185256958008 0.6964465975761414
      vertex 80.92500305175781 44.39785385131836 2.4964466094970703
      vertex 81.30815124511719 44.69185256958008 2.4964466094970703
    endloop
  endfacet
  facet normal -0.793354571228536 0.6087598248166396 0
    outer loop
      vertex 81.6021499633789 45.07500076293945 0.6964465975761414
      vertex 81.30815124511719 44.69185256958008 2.4964466094970703
      vertex 81.6021499633789 45.07500076293945 2.4964466094970703
    endloop
  endfacet
  facet normal -0.9238797422662679 0.38268292597137704 0
    outer loop
      vertex 81.7869644165039 45.521183013916016 0.6964465975761414
      vertex 81.6021499633789 45.07500076293945 2.4964466094970703
      vertex 81.7869644165039 45.521183013916016 2.4964466094970703
    endloop
  endfacet
  facet normal -0.9914457709277084 0.13051928328627102 0
    outer loop
      vertex 81.8499984741211 46 0.6964465975761414
      vertex 81.7869644165039 45.521183013916016 2.4964466094970703
      vertex 81.8499984741211 46 2.4964466094970703
    endloop
  endfacet
  facet normal 0.793354571228536 0.6087598248166396 0
    outer loop
      vertex 86.69184875488281 44.69185256958008 0.6964465975761414
      vertex 86.3978500366211 45.07500076293945 2.4964466094970703
      vertex 86.69184875488281 44.69185256958008 2.4964466094970703
    endloop
  endfacet
  facet normal 0.9238797422662679 0.38268292597137704 0
    outer loop
      vertex 86.3978500366211 45.07500076293945 0.6964465975761414
      vertex 86.2130355834961 45.521183013916016 2.4964466094970703
      vertex 86.3978500366211 45.07500076293945 2.4964466094970703
    endloop
  endfacet
  facet normal 0.9914457709277084 0.13051928328627102 0
    outer loop
      vertex 86.2130355834961 45.521183013916016 0.6964465975761414
      vertex 86.1500015258789 46 2.4964466094970703
      vertex 86.2130355834961 45.521183013916016 2.4964466094970703
    endloop
  endfacet
  facet normal 0.6087598248166396 0.793354571228536 0
    outer loop
      vertex 87.07499694824219 44.39785385131836 0.6964465975761414
      vertex 86.69184875488281 44.69185256958008 2.4964466094970703
      vertex 87.07499694824219 44.39785385131836 2.4964466094970703
    endloop
  endfacet
  facet normal 0.38268408271799337 0.9238792631260255 0
    outer loop
      vertex 87.52118682861328 44.213035583496094 0.6964465975761414
      vertex 87.07499694824219 44.39785385131836 2.4964466094970703
      vertex 87.52118682861328 44.213035583496094 2.4964466094970703
    endloop
  endfacet
  facet normal 0.13052030541715426 0.9914456363683349 0
    outer loop
      vertex 88 44.150001525878906 0.6964465975761414
      vertex 87.52118682861328 44.213035583496094 2.4964466094970703
      vertex 88 44.150001525878906 2.4964466094970703
    endloop
  endfacet
  facet normal -1 0 0
    outer loop
      vertex 81.8499984741211 46 0.6964465975761414
      vertex 81.8499984741211 46 2.4964466094970703
      vertex 81.8499984741211 80 0.6964465975761414
    endloop
  endfacet
  facet normal 1 0 0
    outer loop
      vertex 86.1500015258789 46 0.6964465975761414
      vertex 86.1500015258789 80 2.4964466094970703
      vertex 86.1500015258789 46 2.4964466094970703
    endloop
  endfacet
  facet normal 0 -0.7071092926458977 0.7071042697182773
    outer loop
      vertex 46 81.8499984741211 0.6964465975761414
      vertex 80 81.15355682373047 1.734723475976807e-17
      vertex 80 81.8499984741211 0.6964465975761414
    endloop
  endfacet
  facet normal -0.7071092926458977 0 0.7071042697182773
    outer loop
      vertex 81.15355682373047 46 1.734723475976807e-17
      vertex 81.8499984741211 80 0.6964465975761414
      vertex 81.15355682373047 80 1.734723475976807e-17
    endloop
  endfacet
  facet normal 0 0 -1
    outer loop
      vertex 81.15355682373047 46 1.734723475976807e-17
      vertex 81.15355682373047 80 1.734723475976807e-17
      vertex 86.84644317626953 80 1.734723475976807e-17
    endloop
  endfacet
  facet normal 0.7071092926458977 0 0.7071042697182773
    outer loop
      vertex 86.1500015258789 46 0.6964465975761414
      vertex 86.84644317626953 80 1.734723475976807e-17
      vertex 86.1500015258789 80 0.6964465975761414
    endloop
  endfacet
  facet normal -0.09269246337077276 -0.704063309217479 0.7040617613874444
    outer loop
      vertex 80 81.15355682373047 1.734723475976807e-17
      vertex 80.2985610961914 81.11425018310547 0
      vertex 80.47881317138672 81.7869644165039 0.6964465975761414
    endloop
  endfacet
  facet normal -0.27176169732916744 -0.6560782558626561 0.7040645581542827
    outer loop
      vertex 80.57677459716797 80.99900817871094 0
      vertex 80.92500305175781 81.6021499633789 0.6964465975761414
      vertex 80.2985610961914 81.11425018310547 0
    endloop
  endfacet
  facet normal -0.704065021113914 -0.09269268874808688 0.7040600198111765
    outer loop
      vertex 81.15355682373047 80 1.734723475976807e-17
      vertex 81.8499984741211 80 0.6964465975761414
      vertex 81.11425018310547 80.2985610961914 0
    endloop
  endfacet
  facet normal -0.6560812903632529 -0.271762954284455 0.7040612452861428
    outer loop
      vertex 81.11425018310547 80.2985610961914 0
      vertex 81.7869644165039 80.47881317138672 0.6964465975761414
      vertex 80.99900817871094 80.57677459716797 0
    endloop
  endfacet
  facet normal -0.43229546959035653 -0.5633982283262033 0.7040618320080618
    outer loop
      vertex 80.57677459716797 80.99900817871094 0
      vertex 80.81568908691406 80.81568908691406 0
      vertex 81.30815124511719 81.30815124511719 0.6964465975761414
    endloop
  endfacet
  facet normal -0.5633953071653491 -0.4322932281835864 0.7040655457630886
    outer loop
      vertex 80.99900817871094 80.57677459716797 0
      vertex 81.6021499633789 80.92500305175781 0.6964465975761414
      vertex 80.81568908691406 80.81568908691406 0
    endloop
  endfacet
  facet normal 0 -6.094354844105081e-18 -1
    outer loop
      vertex 46 81.15355682373047 1.734723475976807e-17
      vertex 122 84 0
      vertex 80 81.15355682373047 1.734723475976807e-17
    endloop
  endfacet
  facet normal 0 -5.810279698546804e-17 -1
    outer loop
      vertex 81.15355682373047 80 1.734723475976807e-17
      vertex 81.11425018310547 80.2985610961914 0
      vertex 86.88574981689453 80.2985610961914 0
    endloop
  endfacet
  facet normal 0 0 -1
    outer loop
      vertex 81.11425018310547 80.2985610961914 0
      vertex 80.99900817871094 80.57677459716797 0
      vertex 87.00099182128906 80.57677459716797 0
    endloop
  endfacet
  facet normal 0 0 -1
    outer loop
      vertex 80.99900817871094 80.57677459716797 0
      vertex 80.81568908691406 80.81568908691406 0
      vertex 87.18431091308594 80.81568908691406 0
    endloop
  endfacet
  facet normal 0 0 -1
    outer loop
      vertex 80.57677459716797 80.99900817871094 0
      vertex 87.42322540283203 80.99900817871094 0
      vertex 80.81568908691406 80.81568908691406 0
    endloop
  endfacet
  facet normal 0 4.4133089177645974e-16 -1
    outer loop
      vertex 80 81.15355682373047 1.734723475976807e-17
      vertex 88 81.15355682373047 1.734723475976807e-17
      vertex 80.2985610961914 81.11425018310547 0
    endloop
  endfacet
  facet normal 0 0 -1
    outer loop
      vertex 80.57677459716797 80.99900817871094 0
      vertex 80.2985610961914 81.11425018310547 0
      vertex 87.7014389038086 81.11425018310547 0
    endloop
  endfacet
  facet normal 0 -5.810279698546804e-17 -1
    outer loop
      vertex 81.15355682373047 80 1.734723475976807e-17
      vertex 86.88574981689453 80.2985610961914 0
      vertex 86.84644317626953 80 1.734723475976807e-17
    endloop
  endfacet
  facet normal 0 0 -1
    outer loop
      vertex 81.11425018310547 80.2985610961914 0
      vertex 87.00099182128906 80.57677459716797 0
      vertex 86.88574981689453 80.2985610961914 0
    endloop
  endfacet
  facet normal 0 0 -1
    outer loop
      vertex 80.99900817871094 80.57677459716797 0
      vertex 87.18431091308594 80.81568908691406 0
      vertex 87.00099182128906 80.57677459716797 0
    endloop
  endfacet
  facet normal 0 0 -1
    outer loop
      vertex 80.81568908691406 80.81568908691406 0
      vertex 87.42322540283203 80.99900817871094 0
      vertex 87.18431091308594 80.81568908691406 0
    endloop
  endfacet
  facet normal 0 0 -1
    outer loop
      vertex 80.57677459716797 80.99900817871094 0
      vertex 87.7014389038086 81.11425018310547 0
      vertex 87.42322540283203 80.99900817871094 0
    endloop
  endfacet
  facet normal 0 4.4133089177645974e-16 -1
    outer loop
      vertex 80.2985610961914 81.11425018310547 0
      vertex 88 81.15355682373047 1.734723475976807e-17
      vertex 87.7014389038086 81.11425018310547 0
    endloop
  endfacet
  facet normal -0.7040642814805486 -0.09268756821479457 0.704061433570755
    outer loop
      vertex 81.11425018310547 80.2985610961914 0
      vertex 81.8499984741211 80 0.6964465975761414
      vertex 81.7869644165039 80.47881317138672 0.6964465975761414
    endloop
  endfacet
  facet normal -0.6560824523543967 -0.2717531817080674 0.7040639345572125
    outer loop
      vertex 80.99900817871094 80.57677459716797 0
      vertex 81.7869644165039 80.47881317138672 0.6964465975761414
      vertex 81.6021499633789 80.92500305175781 0.6964465975761414
    endloop
  endfacet
  facet normal -0.4323020753592904 -0.5633893920992231 0.7040648468075356
    outer loop
      vertex 80.57677459716797 80.99900817871094 0
      vertex 81.30815124511719 81.30815124511719 0.6964465975761414
      vertex 80.92500305175781 81.6021499633789 0.6964465975761414
    endloop
  endfacet
  facet normal -0.5633912135658263 -0.43230347301392114 0.7040625310985719
    outer loop
      vertex 80.81568908691406 80.81568908691406 0
      vertex 81.6021499633789 80.92500305175781 0.6964465975761414
      vertex 81.30815124511719 81.30815124511719 0.6964465975761414
    endloop
  endfacet
  facet normal -0.09268770874011788 -0.7040653489253277 0.7040603476202616
    outer loop
      vertex 80 81.15355682373047 1.734723475976807e-17
      vertex 80.47881317138672 81.7869644165039 0.6964465975761414
      vertex 80 81.8499984741211 0.6964465975761414
    endloop
  endfacet
  facet normal -0.2717539654385294 -0.6560843444823942 0.7040618688677449
    outer loop
      vertex 80.2985610961914 81.11425018310547 0
      vertex 80.92500305175781 81.6021499633789 0.6964465975761414
      vertex 80.47881317138672 81.7869644165039 0.6964465975761414
    endloop
  endfacet
  facet normal 0.7040653489253277 -0.09268770874011788 0.7040603476202616
    outer loop
      vertex 86.84644317626953 80 1.734723475976807e-17
      vertex 86.2130355834961 80.47881317138672 0.6964465975761414
      vertex 86.1500015258789 80 0.6964465975761414
    endloop
  endfacet
  facet normal 0.6560843444823942 -0.2717539654385294 0.7040618688677449
    outer loop
      vertex 86.88574981689453 80.2985610961914 0
      vertex 86.3978500366211 80.92500305175781 0.6964465975761414
      vertex 86.2130355834961 80.47881317138672 0.6964465975761414
    endloop
  endfacet
  facet normal 0.704063309217479 -0.09269246337077276 0.7040617613874444
    outer loop
      vertex 86.84644317626953 80 1.734723475976807e-17
      vertex 86.88574981689453 80.2985610961914 0
      vertex 86.2130355834961 80.47881317138672 0.6964465975761414
    endloop
  endfacet
  facet normal 0.6560782558626561 -0.27176169732916744 0.7040645581542827
    outer loop
      vertex 86.88574981689453 80.2985610961914 0
      vertex 87.00099182128906 80.57677459716797 0
      vertex 86.3978500366211 80.92500305175781 0.6964465975761414
    endloop
  endfacet
  facet normal 0.5633982283262033 -0.43229546959035653 0.7040618320080618
    outer loop
      vertex 87.00099182128906 80.57677459716797 0
      vertex 87.18431091308594 80.81568908691406 0
      vertex 86.69184875488281 81.30815124511719 0.6964465975761414
    endloop
  endfacet
  facet normal 0.4322932281835864 -0.5633953071653491 0.7040655457630886
    outer loop
      vertex 87.18431091308594 80.81568908691406 0
      vertex 87.42322540283203 80.99900817871094 0
      vertex 87.07499694824219 81.6021499633789 0.6964465975761414
    endloop
  endfacet
  facet normal 0.271762954284455 -0.6560812903632529 0.7040612452861428
    outer loop
      vertex 87.42322540283203 80.99900817871094 0
      vertex 87.7014389038086 81.11425018310547 0
      vertex 87.52118682861328 81.7869644165039 0.6964465975761414
    endloop
  endfacet
  facet normal 0.09269268874808687 -0.704065021113914 0.7040600198111765
    outer loop
      vertex 87.7014389038086 81.11425018310547 0
      vertex 88 81.15355682373047 1.734723475976807e-17
      vertex 88 81.8499984741211 0.6964465975761414
    endloop
  endfacet
  facet normal 0.5633893920992231 -0.4323020753592904 0.7040648468075356
    outer loop
      vertex 87.00099182128906 80.57677459716797 0
      vertex 86.69184875488281 81.30815124511719 0.6964465975761414
      vertex 86.3978500366211 80.92500305175781 0.6964465975761414
    endloop
  endfacet
  facet normal 0.43230347301392114 -0.5633912135658263 0.7040625310985719
    outer loop
      vertex 87.18431091308594 80.81568908691406 0
      vertex 87.07499694824219 81.6021499633789 0.6964465975761414
      vertex 86.69184875488281 81.30815124511719 0.6964465975761414
    endloop
  endfacet
  facet normal 0.2717531817080674 -0.6560824523543967 0.7040639345572125
    outer loop
      vertex 87.42322540283203 80.99900817871094 0
      vertex 87.52118682861328 81.7869644165039 0.6964465975761414
      vertex 87.07499694824219 81.6021499633789 0.6964465975761414
    endloop
  endfacet
  facet normal 0.09268756821479457 -0.7040642814805486 0.704061433570755
    outer loop
      vertex 87.7014389038086 81.11425018310547 0
      vertex 88 81.8499984741211 0.6964465975761414
      vertex 87.52118682861328 81.7869644165039 0.6964465975761414
    endloop
  endfacet
  facet normal 0 -1 0
    outer loop
      vertex 46 81.8499984741211 0.6964465975761414
      vertex 80 81.8499984741211 0.6964465975761414
      vertex 80 81.8499984741211 2.4964466094970703
    endloop
  endfacet
  facet normal 0 1 0
    outer loop
      vertex 4 84 0
      vertex 80 84 4.646446704864502
      vertex 122 84 0
    endloop
  endfacet
  facet normal 1 0 0
    outer loop
      vertex 86.1500015258789 46 0.6964465975761414
      vertex 86.1500015258789 80 0.6964465975761414
      vertex 86.1500015258789 80 2.4964466094970703
    endloop
  endfacet
  facet normal -1 0 0
    outer loop
      vertex 81.8499984741211 46 2.4964466094970703
      vertex 81.8499984741211 80 2.4964466094970703
      vertex 81.8499984741211 80 0.6964465975761414
    endloop
  endfacet
  facet normal -0.793354571228536 -0.6087598248166396 0
    outer loop
      vertex 81.6021499633789 80.92500305175781 0.6964465975761414
      vertex 81.6021499633789 80.92500305175781 2.4964466094970703
      vertex 81.30815124511719 81.30815124511719 0.6964465975761414
    endloop
  endfacet
  facet normal -0.9914456363683349 -0.13052030541715426 0
    outer loop
      vertex 81.8499984741211 80 0.6964465975761414
      vertex 81.8499984741211 80 2.4964466094970703
      vertex 81.7869644165039 80.47881317138672 0.6964465975761414
    endloop
  endfacet
  facet normal -0.9238820557257199 -0.382677340729782 0
    outer loop
      vertex 81.6021499633789 80.92500305175781 0.6964465975761414
      vertex 81.7869644165039 80.47881317138672 0.6964465975761414
      vertex 81.7869644165039 80.47881317138672 2.4964466094970703
    endloop
  endfacet
  facet normal -0.13052030541715426 -0.9914456363683349 0
    outer loop
      vertex 80 81.8499984741211 0.6964465975761414
      vertex 80.47881317138672 81.7869644165039 0.6964465975761414
      vertex 80.47881317138672 81.7869644165039 2.4964466094970703
    endloop
  endfacet
  facet normal -0.382677340729782 -0.9238820557257199 0
    outer loop
      vertex 80.47881317138672 81.7869644165039 0.6964465975761414
      vertex 80.92500305175781 81.6021499633789 0.6964465975761414
      vertex 80.92500305175781 81.6021499633789 2.4964466094970703
    endloop
  endfacet
  facet normal -0.6087598248166396 -0.793354571228536 0
    outer loop
      vertex 81.30815124511719 81.30815124511719 0.6964465975761414
      vertex 81.30815124511719 81.30815124511719 2.4964466094970703
      vertex 80.92500305175781 81.6021499633789 0.6964465975761414
    endloop
  endfacet
  facet normal 0.9914456363683349 -0.13052030541715426 0
    outer loop
      vertex 86.1500015258789 80 0.6964465975761414
      vertex 86.2130355834961 80.47881317138672 0.6964465975761414
      vertex 86.2130355834961 80.47881317138672 2.4964466094970703
    endloop
  endfacet
  facet normal 0.9238820557257199 -0.382677340729782 0
    outer loop
      vertex 86.2130355834961 80.47881317138672 0.6964465975761414
      vertex 86.3978500366211 80.92500305175781 0.6964465975761414
      vertex 86.3978500366211 80.92500305175781 2.4964466094970703
    endloop
  endfacet
  facet normal 0.793354571228536 -0.6087598248166396 0
    outer loop
      vertex 86.3978500366211 80.92500305175781 0.6964465975761414
      vertex 86.69184875488281 81.30815124511719 0.6964465975761414
      vertex 86.69184875488281 81.30815124511719 2.4964466094970703
    endloop
  endfacet
  facet normal 0.6087598248166396 -0.793354571228536 0
    outer loop
      vertex 86.69184875488281 81.30815124511719 0.6964465975761414
      vertex 87.07499694824219 81.6021499633789 0.6964465975761414
      vertex 87.07499694824219 81.6021499633789 2.4964466094970703
    endloop
  endfacet
  facet normal 0.382677340729782 -0.9238820557257199 0
    outer loop
      vertex 87.07499694824219 81.6021499633789 0.6964465975761414
      vertex 87.52118682861328 81.7869644165039 0.6964465975761414
      vertex 87.52118682861328 81.7869644165039 2.4964466094970703
    endloop
  endfacet
  facet normal 0.13052030541715426 -0.9914456363683349 0
    outer loop
      vertex 87.52118682861328 81.7869644165039 0.6964465975761414
      vertex 88 81.8499984741211 0.6964465975761414
      vertex 88 81.8499984741211 2.4964466094970703
    endloop
  endfacet
  facet normal -0.9238820557257199 -0.382677340729782 0
    outer loop
      vertex 81.6021499633789 80.92500305175781 0.6964465975761414
      vertex 81.7869644165039 80.47881317138672 2.4964466094970703
      vertex 81.6021499633789 80.92500305175781 2.4964466094970703
    endloop
  endfacet
  facet normal -0.793354571228536 -0.6087598248166396 0
    outer loop
      vertex 81.30815124511719 81.30815124511719 0.6964465975761414
      vertex 81.6021499633789 80.92500305175781 2.4964466094970703
      vertex 81.30815124511719 81.30815124511719 2.4964466094970703
    endloop
  endfacet
  facet normal -0.9914456363683349 -0.13052030541715426 0
    outer loop
      vertex 81.7869644165039 80.47881317138672 0.6964465975761414
      vertex 81.8499984741211 80 2.4964466094970703
      vertex 81.7869644165039 80.47881317138672 2.4964466094970703
    endloop
  endfacet
  facet normal -0.13052030541715426 -0.9914456363683349 0
    outer loop
      vertex 80 81.8499984741211 0.6964465975761414
      vertex 80.47881317138672 81.7869644165039 2.4964466094970703
      vertex 80 81.8499984741211 2.4964466094970703
    endloop
  endfacet
  facet normal -0.382677340729782 -0.9238820557257199 0
    outer loop
      vertex 80.47881317138672 81.7869644165039 0.6964465975761414
      vertex 80.92500305175781 81.6021499633789 2.4964466094970703
      vertex 80.47881317138672 81.7869644165039 2.4964466094970703
    endloop
  endfacet
  facet normal -0.6087598248166396 -0.793354571228536 0
    outer loop
      vertex 80.92500305175781 81.6021499633789 0.6964465975761414
      vertex 81.30815124511719 81.30815124511719 2.4964466094970703
      vertex 80.92500305175781 81.6021499633789 2.4964466094970703
    endloop
  endfacet
  facet normal 0.9914456363683349 -0.13052030541715426 0
    outer loop
      vertex 86.1500015258789 80 0.6964465975761414
      vertex 86.2130355834961 80.47881317138672 2.4964466094970703
      vertex 86.1500015258789 80 2.4964466094970703
    endloop
  endfacet
  facet normal 0.9238820557257199 -0.382677340729782 0
    outer loop
      vertex 86.2130355834961 80.47881317138672 0.6964465975761414
      vertex 86.3978500366211 80.92500305175781 2.4964466094970703
      vertex 86.2130355834961 80.47881317138672 2.4964466094970703
    endloop
  endfacet
  facet normal 0.793354571228536 -0.6087598248166396 0
    outer loop
      vertex 86.3978500366211 80.92500305175781 0.6964465975761414
      vertex 86.69184875488281 81.30815124511719 2.4964466094970703
      vertex 86.3978500366211 80.92500305175781 2.4964466094970703
    endloop
  endfacet
  facet normal 0.6087598248166396 -0.793354571228536 0
    outer loop
      vertex 86.69184875488281 81.30815124511719 0.6964465975761414
      vertex 87.07499694824219 81.6021499633789 2.4964466094970703
      vertex 86.69184875488281 81.30815124511719 2.4964466094970703
    endloop
  endfacet
  facet normal 0.382677340729782 -0.9238820557257199 0
    outer loop
      vertex 87.07499694824219 81.6021499633789 0.6964465975761414
      vertex 87.52118682861328 81.7869644165039 2.4964466094970703
      vertex 87.07499694824219 81.6021499633789 2.4964466094970703
    endloop
  endfacet
  facet normal 0.13052030541715426 -0.9914456363683349 0
    outer loop
      vertex 87.52118682861328 81.7869644165039 0.6964465975761414
      vertex 88 81.8499984741211 2.4964466094970703
      vertex 87.52118682861328 81.7869644165039 2.4964466094970703
    endloop
  endfacet
  facet normal 0 0 -1
    outer loop
      vertex 88 39.1535530090332 1.734723475976807e-17
      vertex 88 44.8464469909668 1.734723475976807e-17
      vertex 122 44.8464469909668 1.734723475976807e-17
    endloop
  endfacet
  facet normal 0 0.7071073560981417 0.7071062062744861
    outer loop
      vertex 88 44.8464469909668 1.734723475976807e-17
      vertex 88 44.150001525878906 0.6964465975761414
      vertex 122 44.150001525878906 0.6964465975761414
    endloop
  endfacet
  facet normal 0 0.7071073560981417 0.7071062062744861
    outer loop
      vertex 88 44.8464469909668 1.734723475976807e-17
      vertex 122 44.150001525878906 0.6964465975761414
      vertex 122 44.8464469909668 1.734723475976807e-17
    endloop
  endfacet
  facet normal -5.810279698546804e-17 0 -1
    outer loop
      vertex 122 39.1535530090332 1.734723475976807e-17
      vertex 122 44.8464469909668 1.734723475976807e-17
      vertex 122.2985610961914 44.8857536315918 0
    endloop
  endfacet
  facet normal 0 0 -1
    outer loop
      vertex 122.2985610961914 39.1142463684082 0
      vertex 122.2985610961914 44.8857536315918 0
      vertex 122.57677459716797 45.00099182128906 0
    endloop
  endfacet
  facet normal 0 0 -1
    outer loop
      vertex 122.57677459716797 38.99900817871094 0
      vertex 122.57677459716797 45.00099182128906 0
      vertex 122.81568908691406 45.1843147277832 0
    endloop
  endfacet
  facet normal 0 0 -1
    outer loop
      vertex 122.81568908691406 38.8156852722168 0
      vertex 122.81568908691406 45.1843147277832 0
      vertex 122.99900817871094 45.423221588134766 0
    endloop
  endfacet
  facet normal 0 0 -1
    outer loop
      vertex 122.99900817871094 38.576778411865234 0
      vertex 122.99900817871094 45.423221588134766 0
      vertex 123.11425018310547 45.701438903808594 0
    endloop
  endfacet
  facet normal 4.4133089177645974e-16 0 -1
    outer loop
      vertex 123.11425018310547 38.298561096191406 0
      vertex 123.11425018310547 45.701438903808594 0
      vertex 123.15355682373047 46 1.734723475976807e-17
    endloop
  endfacet
  facet normal -6.094354844105081e-18 0 -1
    outer loop
      vertex 125.0078125 41.20000000298023 6.04674269688551e-18
      vertex 125.0078125 42.79999999701977 6.04674269688551e-18
      vertex 126 42.79999999701977 0
    endloop
  endfacet
  facet normal -0.09269243707335785 0.7040631094704414 0.7040619645970196
    outer loop
      vertex 122 44.8464469909668 1.734723475976807e-17
      vertex 122 44.150001525878906 0.6964465975761414
      vertex 122.2985610961914 44.8857536315918 0
    endloop
  endfacet
  facet normal -0.2717543807439192 0.6560823097889873 0.7040636046043258
    outer loop
      vertex 122.2985610961914 44.8857536315918 0
      vertex 122.47881317138672 44.213035583496094 0.6964465975761414
      vertex 122.57677459716797 45.00099182128906 0
    endloop
  endfacet
  facet normal -0.43230011292962134 0.5633925561891542 0.7040635198557638
    outer loop
      vertex 122.57677459716797 45.00099182128906 0
      vertex 122.92500305175781 44.39785385131836 0.6964465975761414
      vertex 122.81568908691406 45.1843147277832 0
    endloop
  endfacet
  facet normal -0.5633909939093293 0.43230372362691977 0.7040625529881261
    outer loop
      vertex 122.81568908691406 45.1843147277832 0
      vertex 123.30815124511719 44.69185256958008 0.6964465975761414
      vertex 122.99900817871094 45.423221588134766 0
    endloop
  endfacet
  facet normal -0.6560811560095248 0.27175917243288694 0.7040628302415902
    outer loop
      vertex 122.99900817871094 45.423221588134766 0
      vertex 123.6021499633789 45.07500076293945 0.6964465975761414
      vertex 123.11425018310547 45.701438903808594 0
    endloop
  endfacet
  facet normal -0.7040630575430598 0.09269243023693155 0.7040620174245233
    outer loop
      vertex 123.11425018310547 45.701438903808594 0
      vertex 123.7869644165039 45.521183013916016 0.6964465975761414
      vertex 123.15355682373047 46 1.734723475976807e-17
    endloop
  endfacet
  facet normal -0.09268731655372761 0.7040623698372538 0.7040633783468779
    outer loop
      vertex 122.2985610961914 44.8857536315918 0
      vertex 122 44.150001525878906 0.6964465975761414
      vertex 122.47881317138672 44.213035583496094 0.6964465975761414
    endloop
  endfacet
  facet normal -0.2717585275916302 0.6560818167203166 0.7040624634577517
    outer loop
      vertex 122.57677459716797 45.00099182128906 0
      vertex 122.47881317138672 44.213035583496094 0.6964465975761414
      vertex 122.92500305175781 44.39785385131836 0.6964465975761414
    endloop
  endfacet
  facet normal -0.43230347301392114 0.5633912135658263 0.7040625310985719
    outer loop
      vertex 122.81568908691406 45.1843147277832 0
      vertex 122.92500305175781 44.39785385131836 0.6964465975761414
      vertex 123.30815124511719 44.69185256958008 0.6964465975761414
    endloop
  endfacet
  facet normal -0.5633912706010041 0.4323035167783691 0.7040624585870494
    outer loop
      vertex 122.99900817871094 45.423221588134766 0
      vertex 123.30815124511719 44.69185256958008 0.6964465975761414
      vertex 123.6021499633789 45.07500076293945 0.6964465975761414
    endloop
  endfacet
  facet normal -0.6560822728628525 0.27175775414366365 0.704062336940349
    outer loop
      vertex 123.11425018310547 45.701438903808594 0
      vertex 123.6021499633789 45.07500076293945 0.6964465975761414
      vertex 123.7869644165039 45.521183013916016 0.6964465975761414
    endloop
  endfacet
  facet normal -0.7040653971141273 0.09268697664826711 0.7040603958087188
    outer loop
      vertex 123.15355682373047 46 1.734723475976807e-17
      vertex 123.7869644165039 45.521183013916016 0.6964465975761414
      vertex 123.8499984741211 46 0.6964465975761414
    endloop
  endfacet
  facet normal -6.094354844105082e-18 1.0092900310627946e-34 -1
    outer loop
      vertex 123.15355682373047 38 1.734723475976807e-17
      vertex 126 80 0
      vertex 125.0078125 43.907812498509884 6.04674269688551e-18
    endloop
  endfacet
  facet normal -6.094354844105081e-18 0 -1
    outer loop
      vertex 123.15355682373047 38 1.734723475976807e-17
      vertex 123.15355682373047 46 1.734723475976807e-17
      vertex 126 80 0
    endloop
  endfacet
  facet normal -6.094354844105079e-18 -5.541507128614932e-36 -1
    outer loop
      vertex 126 80 0
      vertex 125.50426136702299 45 3.0212071392934647e-18
      vertex 125.0078125 43.907812498509884 6.04674269688551e-18
    endloop
  endfacet
  facet normal -6.0943548441050815e-18 0 -1
    outer loop
      vertex 126 80 0
      vertex 126 45 0
      vertex 125.50426136702299 45 3.0212071392934647e-18
    endloop
  endfacet
  facet normal -0.7071092926458977 0 0.7071042697182773
    outer loop
      vertex 123.15355682373047 46 1.734723475976807e-17
      vertex 123.8499984741211 46 0.6964465975761414
      vertex 123.8499984741211 80 0.6964465975761414
    endloop
  endfacet
  facet normal 0 1 0
    outer loop
      vertex 88 44.150001525878906 0.6964465975761414
      vertex 88 44.150001525878906 2.4964466094970703
      vertex 122 44.150001525878906 0.6964465975761414
    endloop
  endfacet
  facet normal -0.13052030541715426 0.9914456363683349 0
    outer loop
      vertex 122 44.150001525878906 0.6964465975761414
      vertex 122 44.150001525878906 2.4964466094970703
      vertex 122.47881317138672 44.213035583496094 0.6964465975761414
    endloop
  endfacet
  facet normal -0.38268408271799337 0.9238792631260255 0
    outer loop
      vertex 122.47881317138672 44.213035583496094 0.6964465975761414
      vertex 122.47881317138672 44.213035583496094 2.4964466094970703
      vertex 122.92500305175781 44.39785385131836 0.6964465975761414
    endloop
  endfacet
  facet normal -0.6087598248166396 0.793354571228536 0
    outer loop
      vertex 122.92500305175781 44.39785385131836 0.6964465975761414
      vertex 122.92500305175781 44.39785385131836 2.4964466094970703
      vertex 123.30815124511719 44.69185256958008 0.6964465975761414
    endloop
  endfacet
  facet normal -0.793354571228536 0.6087598248166396 0
    outer loop
      vertex 123.30815124511719 44.69185256958008 0.6964465975761414
      vertex 123.30815124511719 44.69185256958008 2.4964466094970703
      vertex 123.6021499633789 45.07500076293945 0.6964465975761414
    endloop
  endfacet
  facet normal -0.9238797422662679 0.38268292597137704 0
    outer loop
      vertex 123.6021499633789 45.07500076293945 0.6964465975761414
      vertex 123.6021499633789 45.07500076293945 2.4964466094970703
      vertex 123.7869644165039 45.521183013916016 0.6964465975761414
    endloop
  endfacet
  facet normal -0.9914457709277084 0.13051928328627102 0
    outer loop
      vertex 123.7869644165039 45.521183013916016 0.6964465975761414
      vertex 123.7869644165039 45.521183013916016 2.4964466094970703
      vertex 123.8499984741211 46 0.6964465975761414
    endloop
  endfacet
  facet normal 1 0 0
    outer loop
      vertex 126 41.20000000298023 0
      vertex 126 42.79999999701977 0
      vertex 126 42.79999999701977 5
    endloop
  endfacet
  facet normal 0 1 0
    outer loop
      vertex 88 44.150001525878906 2.4964466094970703
      vertex 122 44.150001525878906 2.4964466094970703
      vertex 122 44.150001525878906 0.6964465975761414
    endloop
  endfacet
  facet normal -0.13052030541715426 0.9914456363683349 0
    outer loop
      vertex 122.47881317138672 44.213035583496094 0.6964465975761414
      vertex 122 44.150001525878906 2.4964466094970703
      vertex 122.47881317138672 44.213035583496094 2.4964466094970703
    endloop
  endfacet
  facet normal -0.38268408271799337 0.9238792631260255 0
    outer loop
      vertex 122.92500305175781 44.39785385131836 0.6964465975761414
      vertex 122.47881317138672 44.213035583496094 2.4964466094970703
      vertex 122.92500305175781 44.39785385131836 2.4964466094970703
    endloop
  endfacet
  facet normal -0.6087598248166396 0.793354571228536 0
    outer loop
      vertex 123.30815124511719 44.69185256958008 0.6964465975761414
      vertex 122.92500305175781 44.39785385131836 2.4964466094970703
      vertex 123.30815124511719 44.69185256958008 2.4964466094970703
    endloop
  endfacet
  facet normal -0.793354571228536 0.6087598248166396 0
    outer loop
      vertex 123.6021499633789 45.07500076293945 0.6964465975761414
      vertex 123.30815124511719 44.69185256958008 2.4964466094970703
      vertex 123.6021499633789 45.07500076293945 2.4964466094970703
    endloop
  endfacet
  facet normal -0.9238797422662679 0.38268292597137704 0
    outer loop
      vertex 123.7869644165039 45.521183013916016 0.6964465975761414
      vertex 123.6021499633789 45.07500076293945 2.4964466094970703
      vertex 123.7869644165039 45.521183013916016 2.4964466094970703
    endloop
  endfacet
  facet normal -0.9914457709277084 0.13051928328627102 0
    outer loop
      vertex 123.8499984741211 46 0.6964465975761414
      vertex 123.7869644165039 45.521183013916016 2.4964466094970703
      vertex 123.8499984741211 46 2.4964466094970703
    endloop
  endfacet
  facet normal -1 0 0
    outer loop
      vertex 123.8499984741211 46 0.6964465975761414
      vertex 123.8499984741211 46 2.4964466094970703
      vertex 123.8499984741211 80 0.6964465975761414
    endloop
  endfacet
  facet normal 1 0 0
    outer loop
      vertex 126 80 0
      vertex 126 46 4.646446704864502
      vertex 126 45 0
    endloop
  endfacet
  facet normal 0 -6.094354844105081e-18 -1
    outer loop
      vertex 80 81.15355682373047 1.734723475976807e-17
      vertex 122 84 0
      vertex 88 81.15355682373047 1.734723475976807e-17
    endloop
  endfacet
  facet normal 0 -0.7071092926458977 0.7071042697182773
    outer loop
      vertex 88 81.15355682373047 1.734723475976807e-17
      vertex 122 81.15355682373047 1.734723475976807e-17
      vertex 88 81.8499984741211 0.6964465975761414
    endloop
  endfacet
  facet normal -6.094354844105081e-18 0 -1
    outer loop
      vertex 123.15355682373047 46 1.734723475976807e-17
      vertex 123.15355682373047 80 1.734723475976807e-17
      vertex 126 80 0
    endloop
  endfacet
  facet normal -0.7071092926458977 0 0.7071042697182773
    outer loop
      vertex 123.15355682373047 46 1.734723475976807e-17
      vertex 123.8499984741211 80 0.6964465975761414
      vertex 123.15355682373047 80 1.734723475976807e-17
    endloop
  endfacet
  facet normal 0 -6.094354844105081e-18 -1
    outer loop
      vertex 88 81.15355682373047 1.734723475976807e-17
      vertex 122 84 0
      vertex 122 81.15355682373047 1.734723475976807e-17
    endloop
  endfacet
  facet normal 0 -0.7071092926458977 0.7071042697182773
    outer loop
      vertex 88 81.8499984741211 0.6964465975761414
      vertex 122 81.15355682373047 1.734723475976807e-17
      vertex 122 81.8499984741211 0.6964465975761414
    endloop
  endfacet
  facet normal 0 0 -1
    outer loop
      vertex 122.99900817871094 80.57677459716797 0
      vertex 125.92314147949219 80.78036499023438 0
      vertex 123.11425018310547 80.2985610961914 0
    endloop
  endfacet
  facet normal 0 0 -1
    outer loop
      vertex 122.99900817871094 80.57677459716797 0
      vertex 122.81568908691406 80.81568908691406 0
      vertex 125.69551849365234 81.53073120117188 0
    endloop
  endfacet
  facet normal 0 0 -1
    outer loop
      vertex 122.57677459716797 80.99900817871094 0
      vertex 125.32588195800781 82.22228240966797 0
      vertex 122.81568908691406 80.81568908691406 0
    endloop
  endfacet
  facet normal -6.094354844105081e-18 -5.890514068916643e-17 -1
    outer loop
      vertex 123.15355682373047 80 1.734723475976807e-17
      vertex 123.11425018310547 80.2985610961914 0
      vertex 126 80 0
    endloop
  endfacet
  facet normal 0 0 -1
    outer loop
      vertex 123.11425018310547 80.2985610961914 0
      vertex 125.92314147949219 80.78036499023438 0
      vertex 126 80 0
    endloop
  endfacet
  facet normal 0 0 -1
    outer loop
      vertex 122.99900817871094 80.57677459716797 0
      vertex 125.69551849365234 81.53073120117188 0
      vertex 125.92314147949219 80.78036499023438 0
    endloop
  endfacet
  facet normal -0.09269246337077276 -0.704063309217479 0.7040617613874444
    outer loop
      vertex 122 81.15355682373047 1.734723475976807e-17
      vertex 122.2985610961914 81.11425018310547 0
      vertex 122.47881317138672 81.7869644165039 0.6964465975761414
    endloop
  endfacet
  facet normal -0.43229546959035653 -0.5633982283262033 0.7040618320080618
    outer loop
      vertex 122.57677459716797 80.99900817871094 0
      vertex 122.81568908691406 80.81568908691406 0
      vertex 123.30815124511719 81.30815124511719 0.6964465975761414
    endloop
  endfacet
  facet normal -0.27176169732916744 -0.6560782558626561 0.7040645581542827
    outer loop
      vertex 122.2985610961914 81.11425018310547 0
      vertex 122.57677459716797 80.99900817871094 0
      vertex 122.92500305175781 81.6021499633789 0.6964465975761414
    endloop
  endfacet
  facet normal -0.704065021113914 -0.09269268874808688 0.7040600198111765
    outer loop
      vertex 123.15355682373047 80 1.734723475976807e-17
      vertex 123.8499984741211 80 0.6964465975761414
      vertex 123.11425018310547 80.2985610961914 0
    endloop
  endfacet
  facet normal -0.6560812903632529 -0.271762954284455 0.7040612452861428
    outer loop
      vertex 122.99900817871094 80.57677459716797 0
      vertex 123.11425018310547 80.2985610961914 0
      vertex 123.7869644165039 80.47881317138672 0.6964465975761414
    endloop
  endfacet
  facet normal -0.5633953071653491 -0.4322932281835864 0.7040655457630886
    outer loop
      vertex 122.99900817871094 80.57677459716797 0
      vertex 123.6021499633789 80.92500305175781 0.6964465975761414
      vertex 122.81568908691406 80.81568908691406 0
    endloop
  endfacet
  facet normal -5.4667238355535873e-17 2.6095441744009168e-17 -1
    outer loop
      vertex 122 81.15355682373047 1.734723475976807e-17
      vertex 123.53073120117188 83.69551849365234 0
      vertex 122.2985610961914 81.11425018310547 0
    endloop
  endfacet
  facet normal 0 0 -1
    outer loop
      vertex 122.2985610961914 81.11425018310547 0
      vertex 124.82843017578125 82.82843017578125 0
      vertex 122.57677459716797 80.99900817871094 0
    endloop
  endfacet
  facet normal 0 0 -1
    outer loop
      vertex 122.2985610961914 81.11425018310547 0
      vertex 124.22228240966797 83.32588195800781 0
      vertex 124.82843017578125 82.82843017578125 0
    endloop
  endfacet
  facet normal -6.002359186140021e-19 -6.094354844105081e-18 -1
    outer loop
      vertex 122 81.15355682373047 1.734723475976807e-17
      vertex 122 84 0
      vertex 122.78036499023438 83.92314147949219 0
    endloop
  endfacet
  facet normal -1.750409518171209e-18 -5.770279099419298e-18 -1
    outer loop
      vertex 122 81.15355682373047 1.734723475976807e-17
      vertex 122.78036499023438 83.92314147949219 0
      vertex 123.53073120117188 83.69551849365234 0
    endloop
  endfacet
  facet normal 0 0 -1
    outer loop
      vertex 122.2985610961914 81.11425018310547 0
      vertex 123.53073120117188 83.69551849365234 0
      vertex 124.22228240966797 83.32588195800781 0
    endloop
  endfacet
  facet normal 0 0 -1
    outer loop
      vertex 122.57677459716797 80.99900817871094 0
      vertex 124.82843017578125 82.82843017578125 0
      vertex 125.32588195800781 82.22228240966797 0
    endloop
  endfacet
  facet normal 0 0 -1
    outer loop
      vertex 122.81568908691406 80.81568908691406 0
      vertex 125.32588195800781 82.22228240966797 0
      vertex 125.69551849365234 81.53073120117188 0
    endloop
  endfacet
  facet normal -0.4323020753592904 -0.5633893920992231 0.7040648468075356
    outer loop
      vertex 122.57677459716797 80.99900817871094 0
      vertex 123.30815124511719 81.30815124511719 0.6964465975761414
      vertex 122.92500305175781 81.6021499633789 0.6964465975761414
    endloop
  endfacet
  facet normal -0.6560824523543967 -0.2717531817080674 0.7040639345572125
    outer loop
      vertex 122.99900817871094 80.57677459716797 0
      vertex 123.7869644165039 80.47881317138672 0.6964465975761414
      vertex 123.6021499633789 80.92500305175781 0.6964465975761414
    endloop
  endfacet
  facet normal -0.7040642814805486 -0.09268756821479457 0.704061433570755
    outer loop
      vertex 123.11425018310547 80.2985610961914 0
      vertex 123.8499984741211 80 0.6964465975761414
      vertex 123.7869644165039 80.47881317138672 0.6964465975761414
    endloop
  endfacet
  facet normal -0.5633912135658263 -0.43230347301392114 0.7040625310985719
    outer loop
      vertex 122.81568908691406 80.81568908691406 0
      vertex 123.6021499633789 80.92500305175781 0.6964465975761414
      vertex 123.30815124511719 81.30815124511719 0.6964465975761414
    endloop
  endfacet
  facet normal -0.09268770874011788 -0.7040653489253277 0.7040603476202616
    outer loop
      vertex 122 81.15355682373047 1.734723475976807e-17
      vertex 122.47881317138672 81.7869644165039 0.6964465975761414
      vertex 122 81.8499984741211 0.6964465975761414
    endloop
  endfacet
  facet normal -0.2717539654385294 -0.6560843444823942 0.7040618688677449
    outer loop
      vertex 122.2985610961914 81.11425018310547 0
      vertex 122.92500305175781 81.6021499633789 0.6964465975761414
      vertex 122.47881317138672 81.7869644165039 0.6964465975761414
    endloop
  endfacet
  facet normal 0 -1 0
    outer loop
      vertex 88 81.8499984741211 0.6964465975761414
      vertex 122 81.8499984741211 2.4964466094970703
      vertex 88 81.8499984741211 2.4964466094970703
    endloop
  endfacet
  facet normal -1 0 0
    outer loop
      vertex 123.8499984741211 46 2.4964466094970703
      vertex 123.8499984741211 80 2.4964466094970703
      vertex 123.8499984741211 80 0.6964465975761414
    endloop
  endfacet
  facet normal 0 -1 0
    outer loop
      vertex 88 81.8499984741211 0.6964465975761414
      vertex 122 81.8499984741211 0.6964465975761414
      vertex 122 81.8499984741211 2.4964466094970703
    endloop
  endfacet
  facet normal -0.9914456363683349 -0.13052030541715426 0
    outer loop
      vertex 123.8499984741211 80 0.6964465975761414
      vertex 123.8499984741211 80 2.4964466094970703
      vertex 123.7869644165039 80.47881317138672 0.6964465975761414
    endloop
  endfacet
  facet normal -0.9238820557257199 -0.382677340729782 0
    outer loop
      vertex 123.7869644165039 80.47881317138672 0.6964465975761414
      vertex 123.7869644165039 80.47881317138672 2.4964466094970703
      vertex 123.6021499633789 80.92500305175781 0.6964465975761414
    endloop
  endfacet
  facet normal -0.793354571228536 -0.6087598248166396 0
    outer loop
      vertex 123.30815124511719 81.30815124511719 0.6964465975761414
      vertex 123.6021499633789 80.92500305175781 0.6964465975761414
      vertex 123.6021499633789 80.92500305175781 2.4964466094970703
    endloop
  endfacet
  facet normal 0.9951848165503705 0.09801622777686082 0
    outer loop
      vertex 126 80 0
      vertex 125.92314147949219 80.78036499023438 0
      vertex 125.92314147949219 80.78036499023438 4.646446704864502
    endloop
  endfacet
  facet normal 0.9569396682142505 0.2902868777571596 0
    outer loop
      vertex 125.92314147949219 80.78036499023438 0
      vertex 125.69551849365234 81.53073120117188 0
      vertex 125.69551849365234 81.53073120117188 4.646446704864502
    endloop
  endfacet
  facet normal -0.13052030541715426 -0.9914456363683349 0
    outer loop
      vertex 122 81.8499984741211 0.6964465975761414
      vertex 122.47881317138672 81.7869644165039 0.6964465975761414
      vertex 122.47881317138672 81.7869644165039 2.4964466094970703
    endloop
  endfacet
  facet normal -0.382677340729782 -0.9238820557257199 0
    outer loop
      vertex 122.47881317138672 81.7869644165039 0.6964465975761414
      vertex 122.92500305175781 81.6021499633789 0.6964465975761414
      vertex 122.92500305175781 81.6021499633789 2.4964466094970703
    endloop
  endfacet
  facet normal -0.6087598248166396 -0.793354571228536 0
    outer loop
      vertex 123.30815124511719 81.30815124511719 0.6964465975761414
      vertex 123.30815124511719 81.30815124511719 2.4964466094970703
      vertex 122.92500305175781 81.6021499633789 0.6964465975761414
    endloop
  endfacet
  facet normal 0.09801622777686082 0.9951848165503705 0
    outer loop
      vertex 122 84 0
      vertex 122 84 4.646446704864502
      vertex 122.78036499023438 83.92314147949219 0
    endloop
  endfacet
  facet normal 0.2902868777571596 0.9569396682142505 0
    outer loop
      vertex 122.78036499023438 83.92314147949219 0
      vertex 122.78036499023438 83.92314147949219 4.646446704864502
      vertex 123.53073120117188 83.69551849365234 0
    endloop
  endfacet
  facet normal 0.4713914932775098 0.8819240670633722 0
    outer loop
      vertex 123.53073120117188 83.69551849365234 0
      vertex 123.53073120117188 83.69551849365234 4.646446704864502
      vertex 124.22228240966797 83.32588195800781 0
    endloop
  endfacet
  facet normal 0.7730109746444841 0.6343926489794667 0
    outer loop
      vertex 125.32588195800781 82.22228240966797 0
      vertex 124.82843017578125 82.82843017578125 0
      vertex 124.82843017578125 82.82843017578125 4.646446704864502
    endloop
  endfacet
  facet normal 0.8819240670633722 0.4713914932775098 0
    outer loop
      vertex 125.69551849365234 81.53073120117188 0
      vertex 125.32588195800781 82.22228240966797 0
      vertex 125.32588195800781 82.22228240966797 4.646446704864502
    endloop
  endfacet
  facet normal 0.6343926489794667 0.7730109746444841 0
    outer loop
      vertex 124.22228240966797 83.32588195800781 0
      vertex 124.22228240966797 83.32588195800781 4.646446704864502
      vertex 124.82843017578125 82.82843017578125 0
    endloop
  endfacet
  facet normal -0.9914456363683349 -0.13052030541715426 0
    outer loop
      vertex 123.7869644165039 80.47881317138672 0.6964465975761414
      vertex 123.8499984741211 80 2.4964466094970703
      vertex 123.7869644165039 80.47881317138672 2.4964466094970703
    endloop
  endfacet
  facet normal -0.793354571228536 -0.6087598248166396 0
    outer loop
      vertex 123.30815124511719 81.30815124511719 0.6964465975761414
      vertex 123.6021499633789 80.92500305175781 2.4964466094970703
      vertex 123.30815124511719 81.30815124511719 2.4964466094970703
    endloop
  endfacet
  facet normal -0.9238820557257199 -0.382677340729782 0
    outer loop
      vertex 123.6021499633789 80.92500305175781 0.6964465975761414
      vertex 123.7869644165039 80.47881317138672 2.4964466094970703
      vertex 123.6021499633789 80.92500305175781 2.4964466094970703
    endloop
  endfacet
  facet normal -0.13052030541715426 -0.9914456363683349 0
    outer loop
      vertex 122 81.8499984741211 0.6964465975761414
      vertex 122.47881317138672 81.7869644165039 2.4964466094970703
      vertex 122 81.8499984741211 2.4964466094970703
    endloop
  endfacet
  facet normal -0.382677340729782 -0.9238820557257199 0
    outer loop
      vertex 122.47881317138672 81.7869644165039 0.6964465975761414
      vertex 122.92500305175781 81.6021499633789 2.4964466094970703
      vertex 122.47881317138672 81.7869644165039 2.4964466094970703
    endloop
  endfacet
  facet normal -0.6087598248166396 -0.793354571228536 0
    outer loop
      vertex 122.92500305175781 81.6021499633789 0.6964465975761414
      vertex 123.30815124511719 81.30815124511719 2.4964466094970703
      vertex 122.92500305175781 81.6021499633789 2.4964466094970703
    endloop
  endfacet
  facet normal -0.09219664222868139 0.7003351573020836 0.7078350419472197
    outer loop
      vertex 80 44.150001525878906 2.4964466094970703
      vertex 80.83171081542969 42 4.731999397277832
      vertex 80.47881317138672 44.213035583496094 2.4964466094970703
    endloop
  endfacet
  facet normal -0.2697647063376638 0.6512683159918922 0.7092789181976572
    outer loop
      vertex 80.47881317138672 44.213035583496094 2.4964466094970703
      vertex 81.71855163574219 42 5
      vertex 80.92500305175781 44.39785385131836 2.4964466094970703
    endloop
  endfacet
  facet normal -0.42974727202090207 0.5600598936263059 0.7082726860058092
    outer loop
      vertex 80.92500305175781 44.39785385131836 2.4964466094970703
      vertex 82.44235229492188 42.39606475830078 5
      vertex 81.30815124511719 44.69185256958008 2.4964466094970703
    endloop
  endfacet
  facet normal -0.5600599723897505 0.42974733245796565 0.7082725870539214
    outer loop
      vertex 81.30815124511719 44.69185256958008 2.4964466094970703
      vertex 83.60393524169922 43.557647705078125 5
      vertex 81.6021499633789 45.07500076293945 2.4964466094970703
    endloop
  endfacet
  facet normal -0.7003353401952798 0.09219593178233416 0.7078349535282563
    outer loop
      vertex 81.7869644165039 45.521183013916016 2.4964466094970703
      vertex 84 45.16828918457031 4.731999397277832
      vertex 81.8499984741211 46 2.4964466094970703
    endloop
  endfacet
  facet normal -0.6512687023582083 0.26976391104827535 0.7092788659086028
    outer loop
      vertex 81.6021499633789 45.07500076293945 2.4964466094970703
      vertex 84 44.28144454956055 5
      vertex 81.7869644165039 45.521183013916016 2.4964466094970703
    endloop
  endfacet
  facet normal 0.42974727202090207 0.5600598936263059 0.7082726860058092
    outer loop
      vertex 87.07499694824219 44.39785385131836 2.4964466094970703
      vertex 86.69184875488281 44.69185256958008 2.4964466094970703
      vertex 85.55764770507812 42.39606475830078 5
    endloop
  endfacet
  facet normal 0.5600599723897505 0.42974733245796565 0.7082725870539214
    outer loop
      vertex 86.3978500366211 45.07500076293945 2.4964466094970703
      vertex 84.39606475830078 43.557647705078125 5
      vertex 86.69184875488281 44.69185256958008 2.4964466094970703
    endloop
  endfacet
  facet normal 0.7003353401952798 0.09219593178233416 0.7078349535282563
    outer loop
      vertex 86.2130355834961 45.521183013916016 2.4964466094970703
      vertex 86.1500015258789 46 2.4964466094970703
      vertex 84 45.16828918457031 4.731999397277832
    endloop
  endfacet
  facet normal 0.6512687023582083 0.26976391104827535 0.7092788659086028
    outer loop
      vertex 86.3978500366211 45.07500076293945 2.4964466094970703
      vertex 86.2130355834961 45.521183013916016 2.4964466094970703
      vertex 84 44.28144454956055 5
    endloop
  endfacet
  facet normal 0.09219664222868139 0.7003351573020836 0.7078350419472197
    outer loop
      vertex 87.52118682861328 44.213035583496094 2.4964466094970703
      vertex 87.16828918457031 42 4.731999397277832
      vertex 88 44.150001525878906 2.4964466094970703
    endloop
  endfacet
  facet normal 0.2697647063376638 0.6512683159918922 0.7092789181976572
    outer loop
      vertex 87.07499694824219 44.39785385131836 2.4964466094970703
      vertex 86.28144836425781 42 5
      vertex 87.52118682861328 44.213035583496094 2.4964466094970703
    endloop
  endfacet
  facet normal -0.7071065459483729 0 0.7071070164246439
    outer loop
      vertex 81.8499984741211 46 2.4964466094970703
      vertex 84 46 4.646446704864502
      vertex 81.8499984741211 80 2.4964466094970703
    endloop
  endfacet
  facet normal 0 0.7071065459483729 0.7071070164246439
    outer loop
      vertex 46 42 4.646446704864502
      vertex 80 42 4.646446704864502
      vertex 80 44.150001525878906 2.4964466094970703
    endloop
  endfacet
  facet normal -0.0725438666250885 0.7052434776595449 0.7052439468962158
    outer loop
      vertex 80 44.150001525878906 2.4964466094970703
      vertex 80 42 4.646446704864502
      vertex 80.83171081542969 42 4.731999397277832
    endloop
  endfacet
  facet normal -0.17879291918629747 0.6849690265147809 0.7062935117670526
    outer loop
      vertex 80.47881317138672 44.213035583496094 2.4964466094970703
      vertex 80.83171081542969 42 4.731999397277832
      vertex 81.26446533203125 42 4.841547966003418
    endloop
  endfacet
  facet normal -0.7052434776595449 0.0725438666250885 0.7052439468962158
    outer loop
      vertex 81.8499984741211 46 2.4964466094970703
      vertex 84 45.16828918457031 4.731999397277832
      vertex 84 46 4.646446704864502
    endloop
  endfacet
  facet normal -0.6849691901086544 0.17879288144270752 0.7062933626668935
    outer loop
      vertex 81.7869644165039 45.521183013916016 2.4964466094970703
      vertex 84 44.73553466796875 4.841547966003418
      vertex 84 45.16828918457031 4.731999397277832
    endloop
  endfacet
  facet normal 0.7052434776595449 0.0725438666250885 0.7052439468962158
    outer loop
      vertex 86.1500015258789 46 2.4964466094970703
      vertex 84 46 4.646446704864502
      vertex 84 45.16828918457031 4.731999397277832
    endloop
  endfacet
  facet normal 0.6849691901086544 0.17879288144270752 0.7062933626668935
    outer loop
      vertex 86.2130355834961 45.521183013916016 2.4964466094970703
      vertex 84 45.16828918457031 4.731999397277832
      vertex 84 44.73553466796875 4.841547966003418
    endloop
  endfacet
  facet normal -0.24689843988184065 0.6621253810367395 0.7075529239363411
    outer loop
      vertex 80.47881317138672 44.213035583496094 2.4964466094970703
      vertex 81.26446533203125 42 4.841547966003418
      vertex 81.71855163574219 42 5
    endloop
  endfacet
  facet normal -0.34073205174281496 0.6226812118128572 0.7043931979870356
    outer loop
      vertex 80.92500305175781 44.39785385131836 2.4964466094970703
      vertex 81.71855163574219 42 5
      vertex 82.44235229492188 42.39606475830078 5
    endloop
  endfacet
  facet normal -0.4513848201568717 0.5463578456016479 0.7055103462611122
    outer loop
      vertex 81.30815124511719 44.69185256958008 2.4964466094970703
      vertex 82.44235229492188 42.39606475830078 5
      vertex 83.07843017578125 42.921573638916016 5
    endloop
  endfacet
  facet normal -0.5463581413147224 0.45138449488874216 0.70551032536254
    outer loop
      vertex 81.30815124511719 44.69185256958008 2.4964466094970703
      vertex 83.07843017578125 42.921573638916016 5
      vertex 83.60393524169922 43.557647705078125 5
    endloop
  endfacet
  facet normal -0.6226805418528657 0.34073348093125627 0.7043930988945668
    outer loop
      vertex 81.6021499633789 45.07500076293945 2.4964466094970703
      vertex 83.60393524169922 43.557647705078125 5
      vertex 84 44.28144454956055 5
    endloop
  endfacet
  facet normal 0.34073205174281496 0.6226812118128572 0.7043931979870356
    outer loop
      vertex 87.07499694824219 44.39785385131836 2.4964466094970703
      vertex 85.55764770507812 42.39606475830078 5
      vertex 86.28144836425781 42 5
    endloop
  endfacet
  facet normal 0.5463581413147224 0.45138449488874216 0.70551032536254
    outer loop
      vertex 86.69184875488281 44.69185256958008 2.4964466094970703
      vertex 84.39606475830078 43.557647705078125 5
      vertex 84.92156982421875 42.921573638916016 5
    endloop
  endfacet
  facet normal 0.6226805418528657 0.34073348093125627 0.7043930988945668
    outer loop
      vertex 86.3978500366211 45.07500076293945 2.4964466094970703
      vertex 84 44.28144454956055 5
      vertex 84.39606475830078 43.557647705078125 5
    endloop
  endfacet
  facet normal 0.4513848201568717 0.5463578456016479 0.7055103462611122
    outer loop
      vertex 86.69184875488281 44.69185256958008 2.4964466094970703
      vertex 84.92156982421875 42.921573638916016 5
      vertex 85.55764770507812 42.39606475830078 5
    endloop
  endfacet
  facet normal -0.662126372634368 0.24689630223763326 0.7075527419234819
    outer loop
      vertex 81.7869644165039 45.521183013916016 2.4964466094970703
      vertex 84 44.28144454956055 5
      vertex 84 44.73553466796875 4.841547966003418
    endloop
  endfacet
  facet normal 0.662126372634368 0.24689630223763326 0.7075527419234819
    outer loop
      vertex 86.2130355834961 45.521183013916016 2.4964466094970703
      vertex 84 44.73553466796875 4.841547966003418
      vertex 84 44.28144454956055 5
    endloop
  endfacet
  facet normal 0.0725438666250885 0.7052434776595449 0.7052439468962158
    outer loop
      vertex 88 44.150001525878906 2.4964466094970703
      vertex 87.16828918457031 42 4.731999397277832
      vertex 88 42 4.646446704864502
    endloop
  endfacet
  facet normal 0.17879291918629747 0.6849690265147809 0.7062935117670526
    outer loop
      vertex 87.52118682861328 44.213035583496094 2.4964466094970703
      vertex 86.73553466796875 42 4.841547966003418
      vertex 87.16828918457031 42 4.731999397277832
    endloop
  endfacet
  facet normal 0.24689843988184065 0.6621253810367395 0.7075529239363411
    outer loop
      vertex 87.52118682861328 44.213035583496094 2.4964466094970703
      vertex 86.28144836425781 42 5
      vertex 86.73553466796875 42 4.841547966003418
    endloop
  endfacet
  facet normal 0 0 1
    outer loop
      vertex 82.44235229492188 41.60393524169922 5
      vertex 82.44235229492188 42.39606475830078 5
      vertex 81.71855163574219 42 5
    endloop
  endfacet
  facet normal 0 0 1
    outer loop
      vertex 82.44235229492188 41.60393524169922 5
      vertex 83.07843017578125 42.921573638916016 5
      vertex 82.44235229492188 42.39606475830078 5
    endloop
  endfacet
  facet normal 0 0 1
    outer loop
      vertex 84.92156982421875 41.078426361083984 5
      vertex 84.92156982421875 42.921573638916016 5
      vertex 83.07843017578125 42.921573638916016 5
    endloop
  endfacet
  facet normal 0 0 1
    outer loop
      vertex 83.07843017578125 42.921573638916016 5
      vertex 84.92156982421875 42.921573638916016 5
      vertex 83.60393524169922 43.557647705078125 5
    endloop
  endfacet
  facet normal 0 0 1
    outer loop
      vertex 83.60393524169922 43.557647705078125 5
      vertex 84.39606475830078 43.557647705078125 5
      vertex 84 44.28144454956055 5
    endloop
  endfacet
  facet normal 0 0 1
    outer loop
      vertex 83.60393524169922 43.557647705078125 5
      vertex 84.92156982421875 42.921573638916016 5
      vertex 84.39606475830078 43.557647705078125 5
    endloop
  endfacet
  facet normal 0 0 1
    outer loop
      vertex 85.55764770507812 41.60393524169922 5
      vertex 85.55764770507812 42.39606475830078 5
      vertex 84.92156982421875 42.921573638916016 5
    endloop
  endfacet
  facet normal 0 0 1
    outer loop
      vertex 85.55764770507812 41.60393524169922 5
      vertex 86.28144836425781 42 5
      vertex 85.55764770507812 42.39606475830078 5
    endloop
  endfacet
  facet normal 0.7071065459483729 0 0.7071070164246439
    outer loop
      vertex 86.1500015258789 46 2.4964466094970703
      vertex 84 80 4.646446704864502
      vertex 84 46 4.646446704864502
    endloop
  endfacet
  facet normal 0 -0.7071065459483729 0.7071070164246439
    outer loop
      vertex 46 81.8499984741211 2.4964466094970703
      vertex 80 81.8499984741211 2.4964466094970703
      vertex 80 84 4.646446704864502
    endloop
  endfacet
  facet normal 0.7071065459483729 0 0.7071070164246439
    outer loop
      vertex 86.1500015258789 46 2.4964466094970703
      vertex 86.1500015258789 80 2.4964466094970703
      vertex 84 80 4.646446704864502
    endloop
  endfacet
  facet normal -0.7003351573020836 -0.09219664222868139 0.7078350419472197
    outer loop
      vertex 81.8499984741211 80 2.4964466094970703
      vertex 84 80.83171081542969 4.731999397277832
      vertex 81.7869644165039 80.47881317138672 2.4964466094970703
    endloop
  endfacet
  facet normal -0.6512705678822136 -0.26976007106986205 0.709278613428293
    outer loop
      vertex 81.6021499633789 80.92500305175781 2.4964466094970703
      vertex 81.7869644165039 80.47881317138672 2.4964466094970703
      vertex 84 81.71855163574219 5
    endloop
  endfacet
  facet normal -0.09219664222868139 -0.7003351573020836 0.7078350419472197
    outer loop
      vertex 80 81.8499984741211 2.4964466094970703
      vertex 80.47881317138672 81.7869644165039 2.4964466094970703
      vertex 80.83171081542969 84 4.731999397277832
    endloop
  endfacet
  facet normal -0.26976007106986205 -0.6512705678822136 0.709278613428293
    outer loop
      vertex 80.47881317138672 81.7869644165039 2.4964466094970703
      vertex 80.92500305175781 81.6021499633789 2.4964466094970703
      vertex 81.71855163574219 84 5
    endloop
  endfacet
  facet normal -0.4297475317684453 -0.5600602321373122 0.7082722607283368
    outer loop
      vertex 81.30815124511719 81.30815124511719 2.4964466094970703
      vertex 82.44235229492188 83.60393524169922 5
      vertex 80.92500305175781 81.6021499633789 2.4964466094970703
    endloop
  endfacet
  facet normal -0.5600602321373122 -0.4297475317684453 0.7082722607283368
    outer loop
      vertex 81.6021499633789 80.92500305175781 2.4964466094970703
      vertex 83.60393524169922 82.44235229492188 5
      vertex 81.30815124511719 81.30815124511719 2.4964466094970703
    endloop
  endfacet
  facet normal 0.7003351573020836 -0.09219664222868139 0.7078350419472197
    outer loop
      vertex 86.1500015258789 80 2.4964466094970703
      vertex 86.2130355834961 80.47881317138672 2.4964466094970703
      vertex 84 80.83171081542969 4.731999397277832
    endloop
  endfacet
  facet normal 0.6512705678822136 -0.26976007106986205 0.709278613428293
    outer loop
      vertex 86.2130355834961 80.47881317138672 2.4964466094970703
      vertex 86.3978500366211 80.92500305175781 2.4964466094970703
      vertex 84 81.71855163574219 5
    endloop
  endfacet
  facet normal 0.5600602321373122 -0.4297475317684453 0.7082722607283368
    outer loop
      vertex 86.3978500366211 80.92500305175781 2.4964466094970703
      vertex 86.69184875488281 81.30815124511719 2.4964466094970703
      vertex 84.39606475830078 82.44235229492188 5
    endloop
  endfacet
  facet normal 0.4297475317684453 -0.5600602321373122 0.7082722607283368
    outer loop
      vertex 86.69184875488281 81.30815124511719 2.4964466094970703
      vertex 87.07499694824219 81.6021499633789 2.4964466094970703
      vertex 85.55764770507812 83.60393524169922 5
    endloop
  endfacet
  facet normal 0.09219664222868139 -0.7003351573020836 0.7078350419472197
    outer loop
      vertex 87.52118682861328 81.7869644165039 2.4964466094970703
      vertex 88 81.8499984741211 2.4964466094970703
      vertex 87.16828918457031 84 4.731999397277832
    endloop
  endfacet
  facet normal 0.26976007106986205 -0.6512705678822136 0.709278613428293
    outer loop
      vertex 87.07499694824219 81.6021499633789 2.4964466094970703
      vertex 87.52118682861328 81.7869644165039 2.4964466094970703
      vertex 86.28144836425781 84 5
    endloop
  endfacet
  facet normal -0.7071065459483729 0 0.7071070164246439
    outer loop
      vertex 81.8499984741211 80 2.4964466094970703
      vertex 84 46 4.646446704864502
      vertex 84 80 4.646446704864502
    endloop
  endfacet
  facet normal -0.0725438666250885 -0.7052434776595449 0.7052439468962158
    outer loop
      vertex 80 81.8499984741211 2.4964466094970703
      vertex 80.83171081542969 84 4.731999397277832
      vertex 80 84 4.646446704864502
    endloop
  endfacet
  facet normal -0.17879291918629747 -0.6849690265147809 0.7062935117670526
    outer loop
      vertex 80.47881317138672 81.7869644165039 2.4964466094970703
      vertex 81.26446533203125 84 4.841547966003418
      vertex 80.83171081542969 84 4.731999397277832
    endloop
  endfacet
  facet normal -0.7052434776595449 -0.0725438666250885 0.7052439468962158
    outer loop
      vertex 81.8499984741211 80 2.4964466094970703
      vertex 84 80 4.646446704864502
      vertex 84 80.83171081542969 4.731999397277832
    endloop
  endfacet
  facet normal -0.6849690265147809 -0.17879291918629747 0.7062935117670526
    outer loop
      vertex 81.7869644165039 80.47881317138672 2.4964466094970703
      vertex 84 80.83171081542969 4.731999397277832
      vertex 84 81.26446533203125 4.841547966003418
    endloop
  endfacet
  facet normal 0.7052434776595449 -0.0725438666250885 0.7052439468962158
    outer loop
      vertex 86.1500015258789 80 2.4964466094970703
      vertex 84 80.83171081542969 4.731999397277832
      vertex 84 80 4.646446704864502
    endloop
  endfacet
  facet normal 0.6849690265147809 -0.17879291918629747 0.7062935117670526
    outer loop
      vertex 86.2130355834961 80.47881317138672 2.4964466094970703
      vertex 84 81.26446533203125 4.841547966003418
      vertex 84 80.83171081542969 4.731999397277832
    endloop
  endfacet
  facet normal -0.5463595467632861 -0.45138294896977865 0.7055102260350041
    outer loop
      vertex 81.30815124511719 81.30815124511719 2.4964466094970703
      vertex 83.60393524169922 82.44235229492188 5
      vertex 83.07843017578125 83.07843017578125 5
    endloop
  endfacet
  facet normal -0.45138294896977865 -0.5463595467632861 0.7055102260350041
    outer loop
      vertex 81.30815124511719 81.30815124511719 2.4964466094970703
      vertex 83.07843017578125 83.07843017578125 5
      vertex 82.44235229492188 83.60393524169922 5
    endloop
  endfacet
  facet normal -0.24689843988184065 -0.6621253810367395 0.7075529239363411
    outer loop
      vertex 80.47881317138672 81.7869644165039 2.4964466094970703
      vertex 81.71855163574219 84 5
      vertex 81.26446533203125 84 4.841547966003418
    endloop
  endfacet
  facet normal -0.34073227946076595 -0.6226816279629932 0.7043927199587082
    outer loop
      vertex 80.92500305175781 81.6021499633789 2.4964466094970703
      vertex 82.44235229492188 83.60393524169922 5
      vertex 81.71855163574219 84 5
    endloop
  endfacet
  facet normal -0.6621253810367395 -0.24689843988184065 0.7075529239363411
    outer loop
      vertex 81.7869644165039 80.47881317138672 2.4964466094970703
      vertex 84 81.26446533203125 4.841547966003418
      vertex 84 81.71855163574219 5
    endloop
  endfacet
  facet normal 0.6621253810367395 -0.24689843988184065 0.7075529239363411
    outer loop
      vertex 86.2130355834961 80.47881317138672 2.4964466094970703
      vertex 84 81.71855163574219 5
      vertex 84 81.26446533203125 4.841547966003418
    endloop
  endfacet
  facet normal -0.6226816279629932 -0.34073227946076595 0.7043927199587082
    outer loop
      vertex 81.6021499633789 80.92500305175781 2.4964466094970703
      vertex 84 81.71855163574219 5
      vertex 83.60393524169922 82.44235229492188 5
    endloop
  endfacet
  facet normal 0.6226816279629932 -0.34073227946076595 0.7043927199587082
    outer loop
      vertex 86.3978500366211 80.92500305175781 2.4964466094970703
      vertex 84.39606475830078 82.44235229492188 5
      vertex 84 81.71855163574219 5
    endloop
  endfacet
  facet normal 0.5463595467632861 -0.45138294896977865 0.7055102260350041
    outer loop
      vertex 86.69184875488281 81.30815124511719 2.4964466094970703
      vertex 84.92156982421875 83.07843017578125 5
      vertex 84.39606475830078 82.44235229492188 5
    endloop
  endfacet
  facet normal 0.45138294896977865 -0.5463595467632861 0.7055102260350041
    outer loop
      vertex 86.69184875488281 81.30815124511719 2.4964466094970703
      vertex 85.55764770507812 83.60393524169922 5
      vertex 84.92156982421875 83.07843017578125 5
    endloop
  endfacet
  facet normal 0.34073227946076595 -0.6226816279629932 0.7043927199587082
    outer loop
      vertex 87.07499694824219 81.6021499633789 2.4964466094970703
      vertex 86.28144836425781 84 5
      vertex 85.55764770507812 83.60393524169922 5
    endloop
  endfacet
  facet normal 0.0725438666250885 -0.7052434776595449 0.7052439468962158
    outer loop
      vertex 88 81.8499984741211 2.4964466094970703
      vertex 88 84 4.646446704864502
      vertex 87.16828918457031 84 4.731999397277832
    endloop
  endfacet
  facet normal 0.17879291918629747 -0.6849690265147809 0.7062935117670526
    outer loop
      vertex 87.52118682861328 81.7869644165039 2.4964466094970703
      vertex 87.16828918457031 84 4.731999397277832
      vertex 86.73553466796875 84 4.841547966003418
    endloop
  endfacet
  facet normal 0.24689843988184065 -0.6621253810367395 0.7075529239363411
    outer loop
      vertex 87.52118682861328 81.7869644165039 2.4964466094970703
      vertex 86.73553466796875 84 4.841547966003418
      vertex 86.28144836425781 84 5
    endloop
  endfacet
  facet normal 0 1 0
    outer loop
      vertex 80 84 4.646446704864502
      vertex 87.16828918457031 84 4.731999397277832
      vertex 88 84 4.646446704864502
    endloop
  endfacet
  facet normal 0 1 0
    outer loop
      vertex 80 84 4.646446704864502
      vertex 80.83171081542969 84 4.731999397277832
      vertex 87.16828918457031 84 4.731999397277832
    endloop
  endfacet
  facet normal 0 1 0
    outer loop
      vertex 80.83171081542969 84 4.731999397277832
      vertex 81.26446533203125 84 4.841547966003418
      vertex 86.73553466796875 84 4.841547966003418
    endloop
  endfacet
  facet normal 0 1 0
    outer loop
      vertex 80.83171081542969 84 4.731999397277832
      vertex 86.73553466796875 84 4.841547966003418
      vertex 87.16828918457031 84 4.731999397277832
    endloop
  endfacet
  facet normal 0 0 1
    outer loop
      vertex 83.60393524169922 82.44235229492188 5
      vertex 84 81.71855163574219 5
      vertex 84.39606475830078 82.44235229492188 5
    endloop
  endfacet
  facet normal 0 0 1
    outer loop
      vertex 83.60393524169922 82.44235229492188 5
      vertex 84.39606475830078 82.44235229492188 5
      vertex 83.07843017578125 83.07843017578125 5
    endloop
  endfacet
  facet normal 0 0 1
    outer loop
      vertex 82.44235229492188 83.60393524169922 5
      vertex 83.07843017578125 83.07843017578125 5
      vertex 84.92156982421875 83.07843017578125 5
    endloop
  endfacet
  facet normal 0 1 0
    outer loop
      vertex 81.26446533203125 84 4.841547966003418
      vertex 81.71855163574219 84 5
      vertex 86.28144836425781 84 5
    endloop
  endfacet
  facet normal 0 0 1
    outer loop
      vertex 81.71855163574219 84 5
      vertex 82.44235229492188 83.60393524169922 5
      vertex 85.55764770507812 83.60393524169922 5
    endloop
  endfacet
  facet normal 0 0 1
    outer loop
      vertex 84.39606475830078 82.44235229492188 5
      vertex 84.92156982421875 83.07843017578125 5
      vertex 83.07843017578125 83.07843017578125 5
    endloop
  endfacet
  facet normal 0 0 1
    outer loop
      vertex 82.44235229492188 83.60393524169922 5
      vertex 84.92156982421875 83.07843017578125 5
      vertex 85.55764770507812 83.60393524169922 5
    endloop
  endfacet
  facet normal 0 0 1
    outer loop
      vertex 81.71855163574219 84 5
      vertex 85.55764770507812 83.60393524169922 5
      vertex 86.28144836425781 84 5
    endloop
  endfacet
  facet normal 0 1 0
    outer loop
      vertex 81.26446533203125 84 4.841547966003418
      vertex 86.28144836425781 84 5
      vertex 86.73553466796875 84 4.841547966003418
    endloop
  endfacet
  facet normal 0 0.7071065459483729 0.7071070164246439
    outer loop
      vertex 88 44.150001525878906 2.4964466094970703
      vertex 88 42 4.646446704864502
      vertex 122 44.150001525878906 2.4964466094970703
    endloop
  endfacet
  facet normal -0.5600599723897512 0.4297473324579662 0.7082725870539206
    outer loop
      vertex 123.30815124511719 44.69185256958008 2.4964466094970703
      vertex 125.04219255199655 43.98344861248953 4.297450715305788
      vertex 123.6021499633789 45.07500076293945 2.4964466094970703
    endloop
  endfacet
  facet normal -0.6512687023582076 0.269763911048275 0.7092788659086035
    outer loop
      vertex 123.6021499633789 45.07500076293945 2.4964466094970703
      vertex 125.3445468986995 44.648628171605885 4.258501830556119
      vertex 123.7869644165039 45.521183013916016 2.4964466094970703
    endloop
  endfacet
  facet normal -0.09219664222868139 0.7003351573020836 0.7078350419472197
    outer loop
      vertex 122 44.150001525878906 2.4964466094970703
      vertex 122.83171081542969 42 4.731999397277832
      vertex 122.47881317138672 44.213035583496094 2.4964466094970703
    endloop
  endfacet
  facet normal -0.2697647063376638 0.6512683159918922 0.7092789181976572
    outer loop
      vertex 122.47881317138672 44.213035583496094 2.4964466094970703
      vertex 123.71855163574219 42 5
      vertex 122.92500305175781 44.39785385131836 2.4964466094970703
    endloop
  endfacet
  facet normal -0.42974727202090207 0.5600598936263059 0.7082726860058092
    outer loop
      vertex 122.92500305175781 44.39785385131836 2.4964466094970703
      vertex 124.44235229492188 42.39606475830078 5
      vertex 123.30815124511719 44.69185256958008 2.4964466094970703
    endloop
  endfacet
  facet normal 1 0 0
    outer loop
      vertex 126 45.16828918457031 4.731999397277832
      vertex 126 45 4.77460054549103
      vertex 126 45 0
    endloop
  endfacet
  facet normal 1 0 0
    outer loop
      vertex 126 46 4.646446704864502
      vertex 126 45.16828918457031 4.731999397277832
      vertex 126 45 0
    endloop
  endfacet
  facet normal -0.7003353401952798 0.09219593178233416 0.7078349535282563
    outer loop
      vertex 123.7869644165039 45.521183013916016 2.4964466094970703
      vertex 126 45.16828918457031 4.731999397277832
      vertex 123.8499984741211 46 2.4964466094970703
    endloop
  endfacet
  facet normal -0.5600599723897758 0.4297473324579231 0.7082725870539273
    outer loop
      vertex 123.30815124511719 44.69185256958008 2.4964466094970703
      vertex 125.0078125 43.907812498509884 4.316157534531141
      vertex 125.04219255199655 43.98344861248953 4.297450715305788
    endloop
  endfacet
  facet normal -0.622680541852865 0.34073348093125916 0.7043930988945659
    outer loop
      vertex 123.6021499633789 45.07500076293945 2.4964466094970703
      vertex 125.04219255199655 43.98344861248953 4.297450715305788
      vertex 125.28517588283745 44.5180119374222 4.253664610044858
    endloop
  endfacet
  facet normal -0.5600599723897525 0.4297473324579623 0.7082725870539219
    outer loop
      vertex 123.30815124511719 44.69185256958008 2.4964466094970703
      vertex 125.0078125 43.852155077932935 4.34992790551772
      vertex 125.0078125 43.907812498509884 4.316157534531141
    endloop
  endfacet
  facet normal -0.6512687023581982 0.269763911048304 0.709278865908601
    outer loop
      vertex 123.6021499633789 45.07500076293945 2.4964466094970703
      vertex 125.28517588283745 44.5180119374222 4.253664610044858
      vertex 125.3445468986995 44.648628171605885 4.258501830556119
    endloop
  endfacet
  facet normal -0.6621263726343671 0.246896302237633 0.7075527419234826
    outer loop
      vertex 123.7869644165039 45.521183013916016 2.4964466094970703
      vertex 125.3445468986995 44.648628171605885 4.258501830556119
      vertex 125.46963390965973 44.92381959421657 4.279531590316826
    endloop
  endfacet
  facet normal -0.6849691901086676 0.17879288144266212 0.7062933626668921
    outer loop
      vertex 123.7869644165039 45.521183013916016 2.4964466094970703
      vertex 125.46963390965973 44.92381959421657 4.279531590316826
      vertex 125.50426136702299 45 4.293829087220962
    endloop
  endfacet
  facet normal -0.7071065459483729 0 0.7071070164246439
    outer loop
      vertex 123.8499984741211 46 2.4964466094970703
      vertex 126 46 4.646446704864502
      vertex 123.8499984741211 80 2.4964466094970703
    endloop
  endfacet
  facet normal 0 0.7071065459483729 0.7071070164246439
    outer loop
      vertex 122 44.150001525878906 2.4964466094970703
      vertex 88 42 4.646446704864502
      vertex 122 42 4.646446704864502
    endloop
  endfacet
  facet normal -0.0725438666250885 0.7052434776595449 0.7052439468962158
    outer loop
      vertex 122 44.150001525878906 2.4964466094970703
      vertex 122 42 4.646446704864502
      vertex 122.83171081542969 42 4.731999397277832
    endloop
  endfacet
  facet normal -0.17879291918629747 0.6849690265147809 0.7062935117670526
    outer loop
      vertex 122.47881317138672 44.213035583496094 2.4964466094970703
      vertex 122.83171081542969 42 4.731999397277832
      vertex 123.26446533203125 42 4.841547966003418
    endloop
  endfacet
  facet normal -0.5463581413147208 0.4513844948887439 0.7055103253625401
    outer loop
      vertex 123.30815124511719 44.69185256958008 2.4964466094970703
      vertex 125.0078125 42.992191314697266 4.900131488564197
      vertex 125.0078125 43.852155077932935 4.34992790551772
    endloop
  endfacet
  facet normal -0.6849691901086524 0.17879288144271566 0.7062933626668932
    outer loop
      vertex 123.7869644165039 45.521183013916016 2.4964466094970703
      vertex 125.50426136702299 45 4.293829087220962
      vertex 126 45 4.77460054549103
    endloop
  endfacet
  facet normal -0.7052434776595449 0.0725438666250885 0.7052439468962158
    outer loop
      vertex 123.8499984741211 46 2.4964466094970703
      vertex 126 45.16828918457031 4.731999397277832
      vertex 126 46 4.646446704864502
    endloop
  endfacet
  facet normal -0.6849691901086542 0.178792881442709 0.7062933626668935
    outer loop
      vertex 123.7869644165039 45.521183013916016 2.4964466094970703
      vertex 126 45 4.77460054549103
      vertex 126 45.16828918457031 4.731999397277832
    endloop
  endfacet
  facet normal -0.24689843988184065 0.6621253810367395 0.7075529239363411
    outer loop
      vertex 122.47881317138672 44.213035583496094 2.4964466094970703
      vertex 123.26446533203125 42 4.841547966003418
      vertex 123.71855163574219 42 5
    endloop
  endfacet
  facet normal -0.34073205174281496 0.6226812118128572 0.7043931979870356
    outer loop
      vertex 122.92500305175781 44.39785385131836 2.4964466094970703
      vertex 123.71855163574219 42 5
      vertex 124.44235229492188 42.39606475830078 5
    endloop
  endfacet
  facet normal -0.45138482015687187 0.5463578456016478 0.7055103462611122
    outer loop
      vertex 123.30815124511719 44.69185256958008 2.4964466094970703
      vertex 124.44235229492188 42.39606475830078 5
      vertex 125.0078125 42.992191314697266 4.900131488564197
    endloop
  endfacet
  facet normal 0 0 1
    outer loop
      vertex 124.44235229492188 41.60393524169922 5
      vertex 124.44235229492188 42.39606475830078 5
      vertex 123.71855163574219 42 5
    endloop
  endfacet
  facet normal -0.4513848201568637 0.5463578456016418 0.7055103462611222
    outer loop
      vertex 124.44235229492188 42.39606475830078 5
      vertex 125.0078125 42.86323138733305 5
      vertex 125.0078125 42.992191314697266 4.900131488564197
    endloop
  endfacet
  facet normal 0 0 1
    outer loop
      vertex 124.44235229492188 42.39606475830078 5
      vertex 125.0078125 42.79999999701977 5
      vertex 125.0078125 42.86323138733305 5
    endloop
  endfacet
  facet normal 0 0 1
    outer loop
      vertex 124.44235229492188 42.39606475830078 5
      vertex 126 41.20000000298023 5
      vertex 125.0078125 42.79999999701977 5
    endloop
  endfacet
  facet normal 0 0 1
    outer loop
      vertex 126 41.20000000298023 5
      vertex 126 42.79999999701977 5
      vertex 125.0078125 42.79999999701977 5
    endloop
  endfacet
  facet normal 0 1 0
    outer loop
      vertex 122 84 0
      vertex 80 84 4.646446704864502
      vertex 88 84 4.646446704864502
    endloop
  endfacet
  facet normal 1 0 0
    outer loop
      vertex 126 80 0
      vertex 126 80 4.646446704864502
      vertex 126 46 4.646446704864502
    endloop
  endfacet
  facet normal 0 1 0
    outer loop
      vertex 122 84 0
      vertex 88 84 4.646446704864502
      vertex 122 84 4.646446704864502
    endloop
  endfacet
  facet normal 0.9951848165503705 0.09801622777686082 0
    outer loop
      vertex 126 80 0
      vertex 125.92314147949219 80.78036499023438 4.646446704864502
      vertex 126 80 4.646446704864502
    endloop
  endfacet
  facet normal 0.9569396682142505 0.2902868777571596 0
    outer loop
      vertex 125.92314147949219 80.78036499023438 0
      vertex 125.69551849365234 81.53073120117188 4.646446704864502
      vertex 125.92314147949219 80.78036499023438 4.646446704864502
    endloop
  endfacet
  facet normal 0.09801622777686082 0.9951848165503705 0
    outer loop
      vertex 122.78036499023438 83.92314147949219 0
      vertex 122 84 4.646446704864502
      vertex 122.78036499023438 83.92314147949219 4.646446704864502
    endloop
  endfacet
  facet normal 0.2902868777571596 0.9569396682142505 0
    outer loop
      vertex 123.53073120117188 83.69551849365234 0
      vertex 122.78036499023438 83.92314147949219 4.646446704864502
      vertex 123.53073120117188 83.69551849365234 4.646446704864502
    endloop
  endfacet
  facet normal 0.4713914932775098 0.8819240670633722 0
    outer loop
      vertex 124.22228240966797 83.32588195800781 0
      vertex 123.53073120117188 83.69551849365234 4.646446704864502
      vertex 124.22228240966797 83.32588195800781 4.646446704864502
    endloop
  endfacet
  facet normal 0.8819240670633722 0.4713914932775098 0
    outer loop
      vertex 125.69551849365234 81.53073120117188 0
      vertex 125.32588195800781 82.22228240966797 4.646446704864502
      vertex 125.69551849365234 81.53073120117188 4.646446704864502
    endloop
  endfacet
  facet normal 0.7730109746444841 0.6343926489794667 0
    outer loop
      vertex 125.32588195800781 82.22228240966797 0
      vertex 124.82843017578125 82.82843017578125 4.646446704864502
      vertex 125.32588195800781 82.22228240966797 4.646446704864502
    endloop
  endfacet
  facet normal 0.6343926489794667 0.7730109746444841 0
    outer loop
      vertex 124.82843017578125 82.82843017578125 0
      vertex 124.22228240966797 83.32588195800781 4.646446704864502
      vertex 124.82843017578125 82.82843017578125 4.646446704864502
    endloop
  endfacet
  facet normal 0 -0.7071065459483729 0.7071070164246439
    outer loop
      vertex 88 81.8499984741211 2.4964466094970703
      vertex 122 81.8499984741211 2.4964466094970703
      vertex 122 84 4.646446704864502
    endloop
  endfacet
  facet normal -0.6998749666826048 -0.0921360597640447 0.7082979440194495
    outer loop
      vertex 123.8499984741211 80 2.4964466094970703
      vertex 125.92314147949219 80.78036499023438 4.646446704864502
      vertex 123.7869644165039 80.47881317138672 2.4964466094970703
    endloop
  endfacet
  facet normal -0.6508836294725251 -0.26959979892177977 0.7096946169346421
    outer loop
      vertex 123.7869644165039 80.47881317138672 2.4964466094970703
      vertex 125.69551849365234 81.53073120117188 4.646446704864502
      vertex 123.6021499633789 80.92500305175781 2.4964466094970703
    endloop
  endfacet
  facet normal -0.0921360597640447 -0.6998749666826048 0.7082979440194495
    outer loop
      vertex 122 81.8499984741211 2.4964466094970703
      vertex 122.47881317138672 81.7869644165039 2.4964466094970703
      vertex 122.78036499023438 83.92314147949219 4.646446704864502
    endloop
  endfacet
  facet normal -0.26959979892177977 -0.6508836294725251 0.7096946169346421
    outer loop
      vertex 122.47881317138672 81.7869644165039 2.4964466094970703
      vertex 122.92500305175781 81.6021499633789 2.4964466094970703
      vertex 123.53073120117188 83.69551849365234 4.646446704864502
    endloop
  endfacet
  facet normal -0.4297318296765862 -0.5600397686871197 0.7082979684085583
    outer loop
      vertex 123.30815124511719 81.30815124511719 2.4964466094970703
      vertex 124.22228240966797 83.32588195800781 4.646446704864502
      vertex 122.92500305175781 81.6021499633789 2.4964466094970703
    endloop
  endfacet
  facet normal -0.5600397686871197 -0.4297318296765862 0.7082979684085583
    outer loop
      vertex 123.30815124511719 81.30815124511719 2.4964466094970703
      vertex 123.6021499633789 80.92500305175781 2.4964466094970703
      vertex 125.32588195800781 82.22228240966797 4.646446704864502
    endloop
  endfacet
  facet normal 0 -0.7071065459483729 0.7071070164246439
    outer loop
      vertex 88 81.8499984741211 2.4964466094970703
      vertex 122 84 4.646446704864502
      vertex 88 84 4.646446704864502
    endloop
  endfacet
  facet normal -0.7071065459483729 0 0.7071070164246439
    outer loop
      vertex 123.8499984741211 80 2.4964466094970703
      vertex 126 46 4.646446704864502
      vertex 126 80 4.646446704864502
    endloop
  endfacet
  facet normal -0.7053979602831271 -0.06947498193160438 0.7053984296225837
    outer loop
      vertex 123.8499984741211 80 2.4964466094970703
      vertex 126 80 4.646446704864502
      vertex 125.92314147949219 80.78036499023438 4.646446704864502
    endloop
  endfacet
  facet normal -0.6795397781703635 -0.2061378444943956 0.7040830057254455
    outer loop
      vertex 123.7869644165039 80.47881317138672 2.4964466094970703
      vertex 125.92314147949219 80.78036499023438 4.646446704864502
      vertex 125.69551849365234 81.53073120117188 4.646446704864502
    endloop
  endfacet
  facet normal -0.06947498193160438 -0.7053979602831271 0.7053984296225837
    outer loop
      vertex 122 81.8499984741211 2.4964466094970703
      vertex 122.78036499023438 83.92314147949219 4.646446704864502
      vertex 122 84 4.646446704864502
    endloop
  endfacet
  facet normal -0.2061378444943956 -0.6795397781703635 0.7040830057254455
    outer loop
      vertex 122.47881317138672 81.7869644165039 2.4964466094970703
      vertex 123.53073120117188 83.69551849365234 4.646446704864502
      vertex 122.78036499023438 83.92314147949219 4.646446704864502
    endloop
  endfacet
  facet normal -0.33474358364241236 -0.6262701531940635 0.7040826857894743
    outer loop
      vertex 122.92500305175781 81.6021499633789 2.4964466094970703
      vertex 124.22228240966797 83.32588195800781 4.646446704864502
      vertex 123.53073120117188 83.69551849365234 4.646446704864502
    endloop
  endfacet
  facet normal -0.6262701531940635 -0.33474358364241236 0.7040826857894743
    outer loop
      vertex 123.6021499633789 80.92500305175781 2.4964466094970703
      vertex 125.69551849365234 81.53073120117188 4.646446704864502
      vertex 125.32588195800781 82.22228240966797 4.646446704864502
    endloop
  endfacet
  facet normal -0.547919050365085 -0.4496647902667658 0.7053979661449054
    outer loop
      vertex 123.30815124511719 81.30815124511719 2.4964466094970703
      vertex 125.32588195800781 82.22228240966797 4.646446704864502
      vertex 124.82843017578125 82.82843017578125 4.646446704864502
    endloop
  endfacet
  facet normal -0.4496647902667658 -0.547919050365085 0.7053979661449054
    outer loop
      vertex 123.30815124511719 81.30815124511719 2.4964466094970703
      vertex 124.82843017578125 82.82843017578125 4.646446704864502
      vertex 124.22228240966797 83.32588195800781 4.646446704864502
    endloop
  endfacet
  facet normal -0.9103664766118854 0.4138029461727666 2.759419067893584e-16
    outer loop
      vertex 0.7148242286872432 39.48198830793213 4.253665384101775
      vertex 0.9921875 40.092187501490116 6.046735606226338e-18
      vertex 0.4957386329770088 39 3.0212035965015082e-18
    endloop
  endfacet
  facet normal -1 0 0
    outer loop
      vertex 0.9921875 41.20000000298023 6.046735606226324e-18
      vertex 0.9921875 40.092187501490116 6.046735606226338e-18
      vertex 0.9921875 40.092187501490116 4.316158501708312
    endloop
  endfacet
  facet normal 0 1 0
    outer loop
      vertex 7.132452523332008e-14 39 0
      vertex -1.1541291442782134e-14 39 4.77460054549103
      vertex 0.4957386329770088 39 3.0212035965015082e-18
    endloop
  endfacet
  facet normal 0 -1 0
    outer loop
      vertex 7.580778111120203e-14 41.20000000298023 0
      vertex 0.9921875 41.20000000298023 6.046735606226324e-18
      vertex 0.9921875 41.20000000298023 5
    endloop
  endfacet
  facet normal -0.9103664766118857 0.41380294617276603 -2.7740474861623484e-16
    outer loop
      vertex 0.5303661459143817 39.07618052804648 4.279531955262819
      vertex 0.6554532016216522 39.351372049100654 4.258502276255436
      vertex 0.4957386329770088 39 3.0212035965015082e-18
    endloop
  endfacet
  facet normal -0.910366476611878 0.41380294617278285 -1.948187341339335e-15
    outer loop
      vertex 0.7148242286872432 39.48198830793213 4.253665384101775
      vertex 0.4957386329770088 39 3.0212035965015082e-18
      vertex 0.6554532016216522 39.351372049100654 4.258502276255436
    endloop
  endfacet
  facet normal -0.9103664766118914 0.41380294617275304 4.954000091353991e-19
    outer loop
      vertex 0.5303661459143817 39.07618052804648 4.279531955262819
      vertex 0.4957386329770088 39 3.0212035965015082e-18
      vertex 0.4957386329770088 39 4.293829449787797
    endloop
  endfacet
  facet normal 0 1 0
    outer loop
      vertex 0.4957386329770088 39 3.0212035965015082e-18
      vertex -1.1541291442782134e-14 39 4.77460054549103
      vertex 0.4957386329770088 39 4.293829449787797
    endloop
  endfacet
  facet normal -0.910366476611887 0.413802946172763 -3.4327409590981725e-16
    outer loop
      vertex 0.9578077251605348 40.016551997256066 4.297451721354216
      vertex 0.9921875 40.092187501490116 6.046735606226338e-18
      vertex 0.7148242286872432 39.48198830793213 4.253665384101775
    endloop
  endfacet
  facet normal -0.9103664766118796 0.41380294617277924 -4.907001081939583e-19
    outer loop
      vertex 0.9578077251605348 40.016551997256066 4.297451721354216
      vertex 0.9921875 40.092187501490116 4.316158501708312
      vertex 0.9921875 40.092187501490116 6.046735606226338e-18
    endloop
  endfacet
  facet normal -1 0 0
    outer loop
      vertex 0.9921875 40.1478455531275 4.349929298470229
      vertex 0.9921875 41.20000000298023 6.046735606226324e-18
      vertex 0.9921875 40.092187501490116 4.316158501708312
    endloop
  endfacet
  facet normal 0 -1 0
    outer loop
      vertex 7.580778111120203e-14 41.20000000298023 0
      vertex 0.9921875 41.20000000298023 5
      vertex 0 41.20000000298023 4.043308549032543
    endloop
  endfacet
  facet normal -1 0 0
    outer loop
      vertex 0.9921875 41.007811756048 4.900135831255391
      vertex 0.9921875 41.20000000298023 6.046735606226324e-18
      vertex 0.9921875 40.1478455531275 4.349929298470229
    endloop
  endfacet
  facet normal -1 0 0
    outer loop
      vertex 0.9921875 41.007811756048 4.900135831255391
      vertex 0.9921875 41.13676630351573 5
      vertex 0.9921875 41.20000000298023 6.046735606226324e-18
    endloop
  endfacet
  facet normal -1 0 0
    outer loop
      vertex 0.9921875 41.13676630351573 5
      vertex 0.9921875 41.20000000298023 5
      vertex 0.9921875 41.20000000298023 6.046735606226324e-18
    endloop
  endfacet
  facet normal -1 0 0
    outer loop
      vertex 0 41.20000000298023 4.043308549032543
      vertex 0 41.20000000298023 5
      vertex 0 42.79999999701977 4.217214292415171
    endloop
  endfacet
  facet normal 0 -1 0
    outer loop
      vertex 0.9921875 41.20000000298023 5
      vertex 0 41.20000000298023 5
      vertex 0 41.20000000298023 4.043308549032543
    endloop
  endfacet
  facet normal 0 1 0
    outer loop
      vertex 7.90683308240073e-14 42.79999999701977 0
      vertex 0 42.79999999701977 4.217214292415171
      vertex 0.9921875 42.79999999701977 6.046735606226304e-18
    endloop
  endfacet
  facet normal -0.9103664766118854 -0.41380294617276653 1.7657207294163988e-16
    outer loop
      vertex 0.7148242286872459 44.518011692067866 4.25366538410178
      vertex 0.4957386329770088 45 3.021203596501434e-18
      vertex 0.9921875 43.907812498509884 6.04673560622629e-18
    endloop
  endfacet
  facet normal 0 -1 0
    outer loop
      vertex 8.355158670188926e-14 45 0
      vertex 0.4957386329770088 45 3.021203596501434e-18
      vertex 0.4957386329770088 45 4.293829449787806
    endloop
  endfacet
  facet normal -1 0 0
    outer loop
      vertex 0.9921875 43.907812498509884 6.04673560622629e-18
      vertex 0.9921875 42.79999999701977 6.046735606226304e-18
      vertex 0.9921875 42.992188243952 4.900135831255391
    endloop
  endfacet
  facet normal -0.9103664766118796 -0.41380294617277913 4.907001081939583e-19
    outer loop
      vertex 0.9578077251605348 43.983448002743934 4.297451721354216
      vertex 0.9921875 43.907812498509884 6.04673560622629e-18
      vertex 0.9921875 43.907812498509884 4.316158501708312
    endloop
  endfacet
  facet normal -0.9103664766118867 -0.41380294617276364 -3.301535438693568e-16
    outer loop
      vertex 0.9578077251605348 43.983448002743934 4.297451721354216
      vertex 0.7148242286872459 44.518011692067866 4.25366538410178
      vertex 0.9921875 43.907812498509884 6.04673560622629e-18
    endloop
  endfacet
  facet normal -1 0 0
    outer loop
      vertex 0.9921875 43.8521544468725 4.349929298470229
      vertex 0.9921875 43.907812498509884 4.316158501708312
      vertex 0.9921875 43.907812498509884 6.04673560622629e-18
    endloop
  endfacet
  facet normal 0 1 0
    outer loop
      vertex 0.9921875 42.79999999701977 6.046735606226304e-18
      vertex 0 42.79999999701977 4.217214292415171
      vertex 0 42.79999999701977 5
    endloop
  endfacet
  facet normal -1 0 0
    outer loop
      vertex 0.9921875 43.8521544468725 4.349929298470229
      vertex 0.9921875 43.907812498509884 6.04673560622629e-18
      vertex 0.9921875 42.992188243952 4.900135831255391
    endloop
  endfacet
  facet normal -0.9103664766118812 -0.4138029461727757 -1.0772445055494474e-15
    outer loop
      vertex 0.655453201621653 44.648627950899346 4.258502276255444
      vertex 0.4957386329770088 45 3.021203596501434e-18
      vertex 0.7148242286872459 44.518011692067866 4.25366538410178
    endloop
  endfacet
  facet normal -0.9103664766118846 -0.41380294617276814 -3.2551518380641237e-16
    outer loop
      vertex 0.655453201621653 44.648627950899346 4.258502276255444
      vertex 0.5303661459143817 44.92381947195352 4.2795319552628275
      vertex 0.4957386329770088 45 3.021203596501434e-18
    endloop
  endfacet
  facet normal -0.9103664766118915 -0.41380294617275304 -4.95400009135398e-19
    outer loop
      vertex 0.5303661459143817 44.92381947195352 4.2795319552628275
      vertex 0.4957386329770088 45 4.293829449787806
      vertex 0.4957386329770088 45 3.021203596501434e-18
    endloop
  endfacet
  facet normal 0 -1 0
    outer loop
      vertex 8.355158670188926e-14 45 0
      vertex 0.4957386329770088 45 4.293829449787806
      vertex -7.29187091874045e-16 45 4.77460054549103
    endloop
  endfacet
  facet normal 0 1 0
    outer loop
      vertex 0 42.79999999701977 5
      vertex 0.9921875 42.79999999701977 5
      vertex 0.9921875 42.79999999701977 6.046735606226304e-18
    endloop
  endfacet
  facet normal -1 0 0
    outer loop
      vertex 0.9921875 42.992188243952 4.900135831255391
      vertex 0.9921875 42.79999999701977 6.046735606226304e-18
      vertex 0.9921875 42.86323369648427 5
    endloop
  endfacet
  facet normal -1 0 0
    outer loop
      vertex 0.9921875 42.86323369648427 5
      vertex 0.9921875 42.79999999701977 6.046735606226304e-18
      vertex 0.9921875 42.79999999701977 5
    endloop
  endfacet
  facet normal -1 0 0
    outer loop
      vertex 0 42.79999999701977 5
      vertex 0 42.79999999701977 4.217214292415171
      vertex 0 41.20000000298023 5
    endloop
  endfacet
  facet normal 0 1 0
    outer loop
      vertex 126 39 0
      vertex 125.50426136702299 39 3.0212071392934647e-18
      vertex 125.50426136702299 39 4.293829087220962
    endloop
  endfacet
  facet normal 0.9103664766118854 0.4138029461727665 7.860365096591948e-16
    outer loop
      vertex 125.28517588283745 39.4819880625778 4.253664610044858
      vertex 125.50426136702299 39 3.0212071392934647e-18
      vertex 125.0078125 40.092187501490116 6.04674269688551e-18
    endloop
  endfacet
  facet normal 1 0 0
    outer loop
      vertex 125.0078125 40.092187501490116 6.04674269688551e-18
      vertex 125.0078125 41.20000000298023 6.04674269688551e-18
      vertex 125.0078125 41.007808685302734 4.900131488564197
    endloop
  endfacet
  facet normal 0 -1 0
    outer loop
      vertex 126 41.20000000298023 0
      vertex 126 41.20000000298023 5
      vertex 125.0078125 41.20000000298023 6.04674269688551e-18
    endloop
  endfacet
  facet normal 0.9103664766118844 0.4138029461727689 -1.1441914563233194e-15
    outer loop
      vertex 125.3445468986995 39.351371828394115 4.258501830556119
      vertex 125.46963390965973 39.07618040578343 4.279531590316826
      vertex 125.50426136702299 39 3.0212071392934647e-18
    endloop
  endfacet
  facet normal 0.9103664766118647 0.41380294617281227 -5.466175388917916e-15
    outer loop
      vertex 125.3445468986995 39.351371828394115 4.258501830556119
      vertex 125.50426136702299 39 3.0212071392934647e-18
      vertex 125.28517588283745 39.4819880625778 4.253664610044858
    endloop
  endfacet
  facet normal 0.9103664766119085 0.4138029461727156 -9.834041316802248e-20
    outer loop
      vertex 125.46963390965973 39.07618040578343 4.279531590316826
      vertex 125.50426136702299 39 4.293829087220962
      vertex 125.50426136702299 39 3.0212071392934647e-18
    endloop
  endfacet
  facet normal 0 1 0
    outer loop
      vertex 126 39 4.77460054549103
      vertex 126 39 0
      vertex 125.50426136702299 39 4.293829087220962
    endloop
  endfacet
  facet normal 1 0 0
    outer loop
      vertex 125.0078125 40.147844922067065 4.34992790551772
      vertex 125.0078125 40.092187501490116 4.316157534531141
      vertex 125.0078125 40.092187501490116 6.04674269688551e-18
    endloop
  endfacet
  facet normal 0.9103664766118842 0.41380294617276925 1.2521368837531995e-15
    outer loop
      vertex 125.04219255199655 40.01655138751047 4.297450715305788
      vertex 125.28517588283745 39.4819880625778 4.253664610044858
      vertex 125.0078125 40.092187501490116 6.04674269688551e-18
    endloop
  endfacet
  facet normal 0.910366476611911 0.4138029461727103 1.722234542411151e-20
    outer loop
      vertex 125.04219255199655 40.01655138751047 4.297450715305788
      vertex 125.0078125 40.092187501490116 6.04674269688551e-18
      vertex 125.0078125 40.092187501490116 4.316157534531141
    endloop
  endfacet
  facet normal 1 0 0
    outer loop
      vertex 125.0078125 40.147844922067065 4.34992790551772
      vertex 125.0078125 40.092187501490116 6.04674269688551e-18
      vertex 125.0078125 41.007808685302734 4.900131488564197
    endloop
  endfacet
  facet normal 1 0 0
    outer loop
      vertex 125.0078125 41.007808685302734 4.900131488564197
      vertex 125.0078125 41.20000000298023 6.04674269688551e-18
      vertex 125.0078125 41.13676861266695 5
    endloop
  endfacet
  facet normal 1 0 0
    outer loop
      vertex 125.0078125 41.13676861266695 5
      vertex 125.0078125 41.20000000298023 6.04674269688551e-18
      vertex 125.0078125 41.20000000298023 5
    endloop
  endfacet
  facet normal 0 -1 0
    outer loop
      vertex 126 41.20000000298023 5
      vertex 125.0078125 41.20000000298023 5
      vertex 125.0078125 41.20000000298023 6.04674269688551e-18
    endloop
  endfacet
  facet normal 1 0 0
    outer loop
      vertex 125.0078125 42.79999999701977 6.04674269688551e-18
      vertex 125.0078125 43.907812498509884 6.04674269688551e-18
      vertex 125.0078125 43.907812498509884 4.316157534531141
    endloop
  endfacet
  facet normal 0.9103664766118854 -0.4138029461727666 7.885797913644304e-16
    outer loop
      vertex 125.28517588283745 44.5180119374222 4.253664610044858
      vertex 125.0078125 43.907812498509884 6.04674269688551e-18
      vertex 125.50426136702299 45 3.0212071392934647e-18
    endloop
  endfacet
  facet normal 0 1 0
    outer loop
      vertex 126 42.79999999701977 0
      vertex 125.0078125 42.79999999701977 6.04674269688551e-18
      vertex 125.0078125 42.79999999701977 5
    endloop
  endfacet
  facet normal 0 -1 0
    outer loop
      vertex 126 45 0
      vertex 126 45 4.77460054549103
      vertex 125.50426136702299 45 3.0212071392934647e-18
    endloop
  endfacet
  facet normal 1 0 0
    outer loop
      vertex 125.0078125 43.852155077932935 4.34992790551772
      vertex 125.0078125 42.79999999701977 6.04674269688551e-18
      vertex 125.0078125 43.907812498509884 4.316157534531141
    endloop
  endfacet
  facet normal 0.910366476611911 -0.4138029461727103 -1.722234542411151e-20
    outer loop
      vertex 125.04219255199655 43.98344861248953 4.297450715305788
      vertex 125.0078125 43.907812498509884 4.316157534531141
      vertex 125.0078125 43.907812498509884 6.04674269688551e-18
    endloop
  endfacet
  facet normal 0.9103664766118842 -0.41380294617276925 1.2516615477501285e-15
    outer loop
      vertex 125.04219255199655 43.98344861248953 4.297450715305788
      vertex 125.0078125 43.907812498509884 6.04674269688551e-18
      vertex 125.28517588283745 44.5180119374222 4.253664610044858
    endloop
  endfacet
  facet normal 1 0 0
    outer loop
      vertex 125.0078125 42.992191314697266 4.900131488564197
      vertex 125.0078125 42.79999999701977 6.04674269688551e-18
      vertex 125.0078125 43.852155077932935 4.34992790551772
    endloop
  endfacet
  facet normal 0.9103664766118647 -0.41380294617281227 -5.4666317679481025e-15
    outer loop
      vertex 125.28517588283745 44.5180119374222 4.253664610044858
      vertex 125.50426136702299 45 3.0212071392934647e-18
      vertex 125.3445468986995 44.648628171605885 4.258501830556119
    endloop
  endfacet
  facet normal 0.9103664766118844 -0.4138029461727689 -1.1441148444304447e-15
    outer loop
      vertex 125.46963390965973 44.92381959421657 4.279531590316826
      vertex 125.3445468986995 44.648628171605885 4.258501830556119
      vertex 125.50426136702299 45 3.0212071392934647e-18
    endloop
  endfacet
  facet normal 0.9103664766119085 -0.4138029461727156 9.834041316802248e-20
    outer loop
      vertex 125.46963390965973 44.92381959421657 4.279531590316826
      vertex 125.50426136702299 45 3.0212071392934647e-18
      vertex 125.50426136702299 45 4.293829087220962
    endloop
  endfacet
  facet normal 0 -1 0
    outer loop
      vertex 125.50426136702299 45 3.0212071392934647e-18
      vertex 126 45 4.77460054549103
      vertex 125.50426136702299 45 4.293829087220962
    endloop
  endfacet
  facet normal 1 0 0
    outer loop
      vertex 125.0078125 42.86323138733305 5
      vertex 125.0078125 42.79999999701977 6.04674269688551e-18
      vertex 125.0078125 42.992191314697266 4.900131488564197
    endloop
  endfacet
  facet normal 1 0 0
    outer loop
      vertex 125.0078125 42.86323138733305 5
      vertex 125.0078125 42.79999999701977 5
      vertex 125.0078125 42.79999999701977 6.04674269688551e-18
    endloop
  endfacet
  facet normal 0 1 0
    outer loop
      vertex 126 42.79999999701977 5
      vertex 126 42.79999999701977 0
      vertex 125.0078125 42.79999999701977 5
    endloop
  endfacet
endsolid OpenSCAD_Model
