solid OpenSCAD_Model
  facet normal -1 0 0
    outer loop
      vertex 11.0078125 0 57
      vertex 11.0078125 0.8 58
      vertex 11.0078125 0.8 57
    endloop
  endfacet
  facet normal 0 -1 0
    outer loop
      vertex 11.0078125 0 57
      vertex 11.799999997019768 0 57
      vertex 11.0078125 0 58
    endloop
  endfacet
  facet normal 0 0 -1
    outer loop
      vertex 11.0078125 0 57
      vertex 11.749668263216849 0.8 57
      vertex 11.799999997019768 0 57
    endloop
  endfacet
  facet normal 0 0 -1
    outer loop
      vertex 11.0078125 0 57
      vertex 11.0078125 0.8 57
      vertex 11.749668263216849 0.8 57
    endloop
  endfacet
  facet normal 0 1 0
    outer loop
      vertex 11.0078125 0.8 57
      vertex 11.749668263216849 0.8 58
      vertex 11.749668263216849 0.8 57
    endloop
  endfacet
  facet normal -1 0 0
    outer loop
      vertex 11.0078125 0 57
      vertex 11.0078125 0 58
      vertex 11.0078125 0.8 58
    endloop
  endfacet
  facet normal 0 0 1
    outer loop
      vertex 11.0078125 0 58
      vertex 11.799999997019768 0 58
      vertex 11.0078125 0.8 58
    endloop
  endfacet
  facet normal 0 -1 0
    outer loop
      vertex 11.0078125 0 58
      vertex 11.799999997019768 0 57
      vertex 11.799999997019768 0 58
    endloop
  endfacet
  facet normal 0 1 0
    outer loop
      vertex 11.0078125 0.8 57
      vertex 11.0078125 0.8 58
      vertex 11.749668263216849 0.8 58
    endloop
  endfacet
  facet normal 0 0 1
    outer loop
      vertex 11.0078125 0.8 58
      vertex 11.799999997019768 0 58
      vertex 11.749668263216849 0.8 58
    endloop
  endfacet
  facet normal 0 -1 0
    outer loop
      vertex -11.0078125 0 55
      vertex -11.799999997019768 0 56
      vertex -11.799999997019768 0 55
    endloop
  endfacet
  facet normal 0 0 -1
    outer loop
      vertex -11.0078125 0 55
      vertex -11.799999997019768 0 55
      vertex -11.0078125 0.8 55
    endloop
  endfacet
  facet normal 0 0 1
    outer loop
      vertex -11.0078125 0 56
      vertex -11.749668263216847 0.8 56
      vertex -11.799999997019768 0 56
    endloop
  endfacet
  facet normal 0 -1 0
    outer loop
      vertex -11.0078125 0 55
      vertex -11.0078125 0 56
      vertex -11.799999997019768 0 56
    endloop
  endfacet
  facet normal 0 0 -1
    outer loop
      vertex -11.0078125 0.8 55
      vertex -11.799999997019768 0 55
      vertex -11.749668263216847 0.8 55
    endloop
  endfacet
  facet normal 0 1 0
    outer loop
      vertex -11.0078125 0.8 55
      vertex -11.749668263216847 0.8 55
      vertex -11.0078125 0.8 56
    endloop
  endfacet
  facet normal 0 1 0
    outer loop
      vertex -11.0078125 0.8 56
      vertex -11.749668263216847 0.8 55
      vertex -11.749668263216847 0.8 56
    endloop
  endfacet
  facet normal 0 0 1
    outer loop
      vertex -11.0078125 0 56
      vertex -11.0078125 0.8 56
      vertex -11.749668263216847 0.8 56
    endloop
  endfacet
  facet normal 1 0 0
    outer loop
      vertex -11.0078125 0 55
      vertex -11.0078125 0.8 55
      vertex -11.0078125 0 56
    endloop
  endfacet
  facet normal 1 0 0
    outer loop
      vertex -11.0078125 0 56
      vertex -11.0078125 0.8 55
      vertex -11.0078125 0.8 56
    endloop
  endfacet
  facet normal -1 0 0
    outer loop
      vertex 11.0078125 0 61
      vertex 11.0078125 0.8 62
      vertex 11.0078125 0.8 61
    endloop
  endfacet
  facet normal 0 -1 0
    outer loop
      vertex 11.0078125 0 61
      vertex 11.799999997019768 0 61
      vertex 11.0078125 0 62
    endloop
  endfacet
  facet normal 0 0 -1
    outer loop
      vertex 11.0078125 0 61
      vertex 11.749668263216849 0.8 61
      vertex 11.799999997019768 0 61
    endloop
  endfacet
  facet normal 0 0 -1
    outer loop
      vertex 11.0078125 0 61
      vertex 11.0078125 0.8 61
      vertex 11.749668263216849 0.8 61
    endloop
  endfacet
  facet normal 0 1 0
    outer loop
      vertex 11.0078125 0.8 61
      vertex 11.749668263216849 0.8 62
      vertex 11.749668263216849 0.8 61
    endloop
  endfacet
  facet normal -1 0 0
    outer loop
      vertex 11.0078125 0 61
      vertex 11.0078125 0 62
      vertex 11.0078125 0.8 62
    endloop
  endfacet
  facet normal 0 0 1
    outer loop
      vertex 11.0078125 0 62
      vertex 11.799999997019768 0 62
      vertex 11.0078125 0.8 62
    endloop
  endfacet
  facet normal 0 -1 0
    outer loop
      vertex 11.0078125 0 62
      vertex 11.799999997019768 0 61
      vertex 11.799999997019768 0 62
    endloop
  endfacet
  facet normal 0 1 0
    outer loop
      vertex 11.0078125 0.8 61
      vertex 11.0078125 0.8 62
      vertex 11.749668263216849 0.8 62
    endloop
  endfacet
  facet normal 0 0 1
    outer loop
      vertex 11.0078125 0.8 62
      vertex 11.799999997019768 0 62
      vertex 11.749668263216849 0.8 62
    endloop
  endfacet
  facet normal 0 -1 0
    outer loop
      vertex -11.0078125 0 59
      vertex -11.799999997019768 0 60
      vertex -11.799999997019768 0 59
    endloop
  endfacet
  facet normal 0 0 -1
    outer loop
      vertex -11.0078125 0 59
      vertex -11.799999997019768 0 59
      vertex -11.0078125 0.8 59
    endloop
  endfacet
  facet normal 0 0 1
    outer loop
      vertex -11.0078125 0 60
      vertex -11.749668263216847 0.8 60
      vertex -11.799999997019768 0 60
    endloop
  endfacet
  facet normal 0 -1 0
    outer loop
      vertex -11.0078125 0 59
      vertex -11.0078125 0 60
      vertex -11.799999997019768 0 60
    endloop
  endfacet
  facet normal 0 0 -1
    outer loop
      vertex -11.0078125 0.8 59
      vertex -11.799999997019768 0 59
      vertex -11.749668263216847 0.8 59
    endloop
  endfacet
  facet normal 0 1 0
    outer loop
      vertex -11.0078125 0.8 59
      vertex -11.749668263216847 0.8 59
      vertex -11.0078125 0.8 60
    endloop
  endfacet
  facet normal 0 1 0
    outer loop
      vertex -11.0078125 0.8 60
      vertex -11.749668263216847 0.8 59
      vertex -11.749668263216847 0.8 60
    endloop
  endfacet
  facet normal 0 0 1
    outer loop
      vertex -11.0078125 0 60
      vertex -11.0078125 0.8 60
      vertex -11.749668263216847 0.8 60
    endloop
  endfacet
  facet normal 1 0 0
    outer loop
      vertex -11.0078125 0 59
      vertex -11.0078125 0.8 59
      vertex -11.0078125 0 60
    endloop
  endfacet
  facet normal 1 0 0
    outer loop
      vertex -11.0078125 0 60
      vertex -11.0078125 0.8 59
      vertex -11.0078125 0.8 60
    endloop
  endfacet
  facet normal -0.7705132427757893 -0.6374239897486896 -3.386436654514581e-18
    outer loop
      vertex -13.834190605017131 -10.051127815077159 0
      vertex -12.465363529992388 -11.705755512400629 0
      vertex -12.465363529992388 -11.705755512400629 25
    endloop
  endfacet
  facet normal -0.8443279255020153 -0.5358267949789963 0
    outer loop
      vertex -13.834190605017131 -10.051127815077159 0
      vertex -13.834190605017131 -10.051127815077159 25
      vertex -14.984844230055865 -8.237987827857202 0
    endloop
  endfacet
  facet normal -0.8443279255020153 -0.5358267949789963 3.752779836113222e-18
    outer loop
      vertex -13.834190605017131 -10.051127815077159 25
      vertex -14.984844230055865 -8.237987827857202 25
      vertex -14.984844230055865 -8.237987827857202 0
    endloop
  endfacet
  facet normal -0.7705132427757893 -0.6374239897486896 0
    outer loop
      vertex -13.834190605017131 -10.051127815077159 0
      vertex -12.465363529992388 -11.705755512400629 25
      vertex -13.834190605017131 -10.051127815077159 25
    endloop
  endfacet
  facet normal -0.8088511478611372 -0.5133125472734124 0.2868275604181054
    outer loop
      vertex -13.834190605017131 -10.051127815077159 25
      vertex -13.106075311285208 -9.5221210888898 28
      vertex -14.984844230055865 -8.237987827857202 25
    endloop
  endfacet
  facet normal -0.7381379935892176 -0.610640854352771 0.2868275604181054
    outer loop
      vertex -13.834190605017131 -10.051127815077159 25
      vertex -11.809291766399365 -11.089663118084863 28
      vertex -13.106075311285208 -9.5221210888898 28
    endloop
  endfacet
  facet normal -0.5877852522924719 -0.8090169943749483 -1.6358365976135516e-18
    outer loop
      vertex -10.899950225652429 -13.175776452614153 0
      vertex -9.162638194939287 -14.438007527342602 0
      vertex -9.162638194939287 -14.438007527342602 25
    endloop
  endfacet
  facet normal -0.5877852522924719 -0.8090169943749483 0
    outer loop
      vertex -10.899950225652429 -13.175776452614153 0
      vertex -9.162638194939287 -14.438007527342602 25
      vertex -10.899950225652429 -13.175776452614153 25
    endloop
  endfacet
  facet normal -0.5630878260125481 -0.7750239033610901 0.28682756041810564
    outer loop
      vertex -10.899950225652429 -13.175776452614153 25
      vertex -8.680394080256635 -13.678112395648936 28
      vertex -10.326268635828443 -12.482314535264097 28
    endloop
  endfacet
  facet normal -0.5630878260125476 -0.7750239033610906 0.2868275604181051
    outer loop
      vertex -10.899950225652429 -13.175776452614153 25
      vertex -9.162638194939287 -14.438007527342602 25
      vertex -8.680394080256635 -13.678112395648936 28
    endloop
  endfacet
  facet normal 0 0 -1
    outer loop
      vertex -10.899950225652429 -13.175776452614153 0
      vertex -12.465363529992388 -11.705755512400629 0
      vertex -9.257901570424425 -8.693748247334453 0
    endloop
  endfacet
  facet normal -0.6845471059286892 -0.728968627421411 0
    outer loop
      vertex -10.899950225652429 -13.175776452614153 0
      vertex -10.899950225652429 -13.175776452614153 25
      vertex -12.465363529992388 -11.705755512400629 0
    endloop
  endfacet
  facet normal 0 0 -1
    outer loop
      vertex -13.834190605017131 -10.051127815077159 0
      vertex -10.274515830972891 -7.464872705866146 0
      vertex -12.465363529992388 -11.705755512400629 0
    endloop
  endfacet
  facet normal 0 0 -1
    outer loop
      vertex -10.899950225652429 -13.175776452614153 0
      vertex -8.09528467170803 -9.785518185548833 0
      vertex -9.162638194939287 -14.438007527342602 0
    endloop
  endfacet
  facet normal 0 0 -1
    outer loop
      vertex -12.465363529992388 -11.705755512400629 0
      vertex -10.274515830972891 -7.464872705866146 0
      vertex -9.257901570424425 -8.693748247334453 0
    endloop
  endfacet
  facet normal 0 0 -1
    outer loop
      vertex -10.899950225652429 -13.175776452614153 0
      vertex -9.257901570424425 -8.693748247334453 0
      vertex -8.09528467170803 -9.785518185548833 0
    endloop
  endfacet
  facet normal 0.6845471059286887 0.7289686274214113 0
    outer loop
      vertex -9.257901570424425 -8.693748247334453 0
      vertex -9.257901570424425 -8.693748247334453 25
      vertex -8.09528467170803 -9.785518185548833 0
    endloop
  endfacet
  facet normal -0.6845471059286892 -0.728968627421411 -3.998882883681365e-19
    outer loop
      vertex -10.899950225652429 -13.175776452614153 25
      vertex -12.465363529992388 -11.705755512400629 25
      vertex -12.465363529992388 -11.705755512400629 0
    endloop
  endfacet
  facet normal -0.7381379935892177 -0.6106408543527709 0.2868275604181056
    outer loop
      vertex -13.834190605017131 -10.051127815077159 25
      vertex -12.465363529992388 -11.705755512400629 25
      vertex -11.809291766399365 -11.089663118084863 28
    endloop
  endfacet
  facet normal -0.655783962216133 -0.6983389903798207 0.28682756041810564
    outer loop
      vertex -10.899950225652429 -13.175776452614153 25
      vertex -10.326268635828443 -12.482314535264097 28
      vertex -12.465363529992388 -11.705755512400629 25
    endloop
  endfacet
  facet normal -0.655783962216133 -0.6983389903798207 0.2868275604181056
    outer loop
      vertex -12.465363529992388 -11.705755512400629 25
      vertex -10.326268635828443 -12.482314535264097 28
      vertex -11.809291766399365 -11.089663118084863 28
    endloop
  endfacet
  facet normal 0.6557839617695003 0.698338989904206 -0.2868275625972365
    outer loop
      vertex -9.257901570424425 -8.693748247334453 25
      vertex -8.601829801400163 -8.077655847918415 28
      vertex -8.09528467170803 -9.785518185548833 25
    endloop
  endfacet
  facet normal -0.8443279255020155 -0.535826794978996 0
    outer loop
      vertex -13.106075311285208 -9.5221210888898 28
      vertex -13.106075311285208 -9.5221210888898 63
      vertex -14.196168219322185 -7.804409521883527 28
    endloop
  endfacet
  facet normal -0.5877852522924726 -0.8090169943749479 0
    outer loop
      vertex -8.680394080256635 -13.678112395648936 28
      vertex -8.680394080256635 -13.678112395648936 63
      vertex -10.326268635828443 -12.482314535264097 28
    endloop
  endfacet
  facet normal -0.5877852522924726 -0.8090169943749479 0
    outer loop
      vertex -10.326268635828443 -12.482314535264097 28
      vertex -8.680394080256635 -13.678112395648936 63
      vertex -10.326268635828443 -12.482314535264097 63
    endloop
  endfacet
  facet normal -0.6845471059286891 -0.7289686274214111 2.2813221684556815e-18
    outer loop
      vertex -11.809291766399365 -11.089663118084863 28
      vertex -10.326268635828443 -12.482314535264097 28
      vertex -10.326268635828443 -12.482314535264097 63
    endloop
  endfacet
  facet normal -0.770513242775789 -0.6374239897486899 2.381098240555695e-18
    outer loop
      vertex -13.106075311285208 -9.5221210888898 28
      vertex -11.809291766399365 -11.089663118084863 28
      vertex -11.809291766399365 -11.089663118084863 63
    endloop
  endfacet
  facet normal -0.6845471059286891 -0.7289686274214111 0
    outer loop
      vertex -11.809291766399365 -11.089663118084863 28
      vertex -10.326268635828443 -12.482314535264097 63
      vertex -11.809291766399365 -11.089663118084863 63
    endloop
  endfacet
  facet normal -0.770513242775789 -0.6374239897486899 0
    outer loop
      vertex -13.106075311285208 -9.5221210888898 28
      vertex -11.809291766399365 -11.089663118084863 63
      vertex -13.106075311285208 -9.5221210888898 63
    endloop
  endfacet
  facet normal -0.6706850531538916 -0.5548389290572734 0.49227565680067864
    outer loop
      vertex -13.106075311285208 -9.5221210888898 63
      vertex -11.809291766399365 -11.089663118084863 63
      vertex -9.330798428821574 -8.762202953847103 69
    endloop
  endfacet
  facet normal -0.5958567440997548 -0.6345229847943257 0.49227565680067853
    outer loop
      vertex -11.809291766399365 -11.089663118084863 63
      vertex -10.326268635828443 -12.482314535264097 63
      vertex -8.159027066883557 -9.862569505233795 69
    endloop
  endfacet
  facet normal -0.5116314182435977 -0.7042002340155143 0.4922756568006787
    outer loop
      vertex -8.680394080256635 -13.678112395648936 63
      vertex -6.8585829741342685 -10.807397443909498 69
      vertex -10.326268635828443 -12.482314535264097 63
    endloop
  endfacet
  facet normal -0.9048270524660194 -0.42577929156507316 0
    outer loop
      vertex -14.984844230055865 -8.237987827857202 0
      vertex -14.984844230055865 -8.237987827857202 25
      vertex -15.899177910074576 -6.29492985145654 0
    endloop
  endfacet
  facet normal -0.9510565162951535 -0.3090169943749471 0
    outer loop
      vertex -15.899177910074576 -6.29492985145654 0
      vertex -15.899177910074576 -6.29492985145654 25
      vertex -16.562772056742894 -4.252597070889594 0
    endloop
  endfacet
  facet normal 0 0 -1
    outer loop
      vertex -14.984844230055865 -8.237987827857202 0
      vertex -15.899177910074576 -6.29492985145654 0
      vertex -11.808161373551743 -4.675181820192505 0
    endloop
  endfacet
  facet normal 0 0 -1
    outer loop
      vertex -13.834190605017131 -10.051127815077159 0
      vertex -14.984844230055865 -8.237987827857202 0
      vertex -11.129094839168664 -6.1182716625275235 0
    endloop
  endfacet
  facet normal 0 0 -1
    outer loop
      vertex -15.899177910074576 -6.29492985145654 0
      vertex -16.562772056742894 -4.252597070889594 0
      vertex -12.301006149220218 -3.15836156773481 0
    endloop
  endfacet
  facet normal 0 0 -1
    outer loop
      vertex -15.899177910074576 -6.29492985145654 0
      vertex -12.301006149220218 -3.15836156773481 0
      vertex -11.808161373551743 -4.675181820192505 0
    endloop
  endfacet
  facet normal -0.9048270524660194 -0.42577929156507316 0
    outer loop
      vertex -15.899177910074576 -6.29492985145654 0
      vertex -14.984844230055865 -8.237987827857202 25
      vertex -15.899177910074576 -6.29492985145654 25
    endloop
  endfacet
  facet normal -0.8668082363470306 -0.40788899468550044 0.28682756041810564
    outer loop
      vertex -14.984844230055865 -8.237987827857202 25
      vertex -14.196168219322185 -7.804409521883527 28
      vertex -15.899177910074576 -6.29492985145654 25
    endloop
  endfacet
  facet normal -0.8668082363470305 -0.40788899468550077 0.2868275604181054
    outer loop
      vertex -15.899177910074576 -6.29492985145654 25
      vertex -14.196168219322185 -7.804409521883527 28
      vertex -15.062379074160624 -5.963617754588878 28
    endloop
  endfacet
  facet normal -0.9510565162951535 -0.3090169943749471 1.2631092280613533e-18
    outer loop
      vertex -15.899177910074576 -6.29492985145654 25
      vertex -16.562772056742894 -4.252597070889594 25
      vertex -16.562772056742894 -4.252597070889594 0
    endloop
  endfacet
  facet normal -0.9110952411395911 -0.29603278899032215 0.2868275604181054
    outer loop
      vertex -15.899177910074576 -6.29492985145654 25
      vertex -15.062379074160624 -5.963617754588878 28
      vertex -16.562772056742894 -4.252597070889594 25
    endloop
  endfacet
  facet normal -0.911095241139591 -0.2960327889903218 0.2868275604181056
    outer loop
      vertex -15.062379074160624 -5.963617754588878 28
      vertex -15.691047213170426 -4.028776172811802 28
      vertex -16.562772056742894 -4.252597070889594 25
    endloop
  endfacet
  facet normal -0.8088511478611372 -0.5133125472734119 0.28682756041810564
    outer loop
      vertex -13.106075311285208 -9.5221210888898 28
      vertex -14.196168219322185 -7.804409521883527 28
      vertex -14.984844230055865 -8.237987827857202 25
    endloop
  endfacet
  facet normal 0 0 -1
    outer loop
      vertex -16.562772056742894 -4.252597070889594 0
      vertex -16.96516139395594 -2.1431982941363605 0
      vertex -12.5998567096506 -1.5917320666401837 0
    endloop
  endfacet
  facet normal -0.9822872507286887 -0.18738131458572477 0
    outer loop
      vertex -16.562772056742894 -4.252597070889594 0
      vertex -16.562772056742894 -4.252597070889594 25
      vertex -16.96516139395594 -2.1431982941363605 0
    endloop
  endfacet
  facet normal 0 0 -1
    outer loop
      vertex -16.96516139395594 -2.1431982941363605 0
      vertex -17.100000001490116 0 0
      vertex -12.700000002980232 0 0
    endloop
  endfacet
  facet normal -0.9980267284282716 -0.06279051952931289 0
    outer loop
      vertex -16.96516139395594 -2.1431982941363605 0
      vertex -16.96516139395594 -2.1431982941363605 25
      vertex -17.100000001490116 0 0
    endloop
  endfacet
  facet normal 0 0 -1
    outer loop
      vertex -16.562772056742894 -4.252597070889594 0
      vertex -12.5998567096506 -1.5917320666401837 0
      vertex -12.301006149220218 -3.15836156773481 0
    endloop
  endfacet
  facet normal 0 0 -1
    outer loop
      vertex -16.96516139395594 -2.1431982941363605 0
      vertex -12.700000002980232 0 0
      vertex -12.5998567096506 -1.5917320666401837 0
    endloop
  endfacet
  facet normal -0.9822872507286887 -0.18738131458572477 0
    outer loop
      vertex -16.96516139395594 -2.1431982941363605 0
      vertex -16.562772056742894 -4.252597070889594 25
      vertex -16.96516139395594 -2.1431982941363605 25
    endloop
  endfacet
  facet normal -0.9410137297174637 -0.17950796937135122 0.2868275604181056
    outer loop
      vertex -16.562772056742894 -4.252597070889594 25
      vertex -15.691047213170426 -4.028776172811802 28
      vertex -16.96516139395594 -2.1431982941363605 25
    endloop
  endfacet
  facet normal -0.9410137297174638 -0.17950796937135127 0.28682756041810564
    outer loop
      vertex -16.96516139395594 -2.1431982941363605 25
      vertex -15.691047213170426 -4.028776172811802 28
      vertex -16.072258164251274 -2.030398384115248 28
    endloop
  endfacet
  facet normal -0.9980267284282716 -0.06279051952931289 1.2589961295730097e-19
    outer loop
      vertex -16.96516139395594 -2.1431982941363605 25
      vertex -17.100000001490116 0 25
      vertex -17.100000001490116 0 0
    endloop
  endfacet
  facet normal -0.9560918696433379 -0.06015220184253003 0.2868275604181056
    outer loop
      vertex -16.96516139395594 -2.1431982941363605 25
      vertex -16.072258164251274 -2.030398384115248 28
      vertex -17.100000001490116 0 25
    endloop
  endfacet
  facet normal -0.9560918696433379 -0.06015220184253031 0.2868275604181054
    outer loop
      vertex -16.072258164251274 -2.030398384115248 28
      vertex -16.200000002980232 0 28
      vertex -17.100000001490116 0 25
    endloop
  endfacet
  facet normal 0 0 -1
    outer loop
      vertex -13.834190605017131 -10.051127815077159 0
      vertex -11.129094839168664 -6.1182716625275235 0
      vertex -10.274515830972891 -7.464872705866146 0
    endloop
  endfacet
  facet normal 0.8443279255020154 0.5358267949789961 0
    outer loop
      vertex -11.129094839168664 -6.1182716625275235 0
      vertex -11.129094839168664 -6.1182716625275235 25
      vertex -10.274515830972891 -7.464872705866146 0
    endloop
  endfacet
  facet normal 0 0 -1
    outer loop
      vertex -14.984844230055865 -8.237987827857202 0
      vertex -11.808161373551743 -4.675181820192505 0
      vertex -11.129094839168664 -6.1182716625275235 0
    endloop
  endfacet
  facet normal 0.9048270524660197 0.4257792915650725 0
    outer loop
      vertex -11.808161373551743 -4.675181820192505 0
      vertex -11.808161373551743 -4.675181820192505 25
      vertex -11.129094839168664 -6.1182716625275235 0
    endloop
  endfacet
  facet normal 0.770513242775789 0.6374239897486901 -1.3518802116997323e-18
    outer loop
      vertex -9.257901570424425 -8.693748247334453 0
      vertex -10.274515830972891 -7.464872705866146 0
      vertex -10.274515830972891 -7.464872705866146 25
    endloop
  endfacet
  facet normal 0.9048270524660197 0.4257792915650725 0
    outer loop
      vertex -11.129094839168664 -6.1182716625275235 0
      vertex -11.808161373551743 -4.675181820192505 25
      vertex -11.129094839168664 -6.1182716625275235 25
    endloop
  endfacet
  facet normal 0.8668082357566771 0.40788899440770066 -0.28682756259723663
    outer loop
      vertex -11.129094839168664 -6.1182716625275235 25
      vertex -10.971362530710417 -4.343869720582102 28
      vertex -10.340418821905992 -5.684693352964504 28
    endloop
  endfacet
  facet normal 0.8668082357566772 0.40788899440770043 -0.2868275625972365
    outer loop
      vertex -11.808161373551743 -4.675181820192505 25
      vertex -10.971362530710417 -4.343869720582102 28
      vertex -11.129094839168664 -6.1182716625275235 25
    endloop
  endfacet
  facet normal 0.8443279255020154 0.5358267949789961 0
    outer loop
      vertex -10.274515830972891 -7.464872705866146 0
      vertex -11.129094839168664 -6.1182716625275235 25
      vertex -10.274515830972891 -7.464872705866146 25
    endloop
  endfacet
  facet normal 0.770513242775789 0.6374239897486901 0
    outer loop
      vertex -9.257901570424425 -8.693748247334453 0
      vertex -10.274515830972891 -7.464872705866146 25
      vertex -9.257901570424425 -8.693748247334453 25
    endloop
  endfacet
  facet normal 0.7381379930864965 0.6106408539368843 -0.286827562597237
    outer loop
      vertex -9.257901570424425 -8.693748247334453 25
      vertex -10.274515830972891 -7.464872705866146 25
      vertex -9.54640053121332 -6.935865975299446 28
    endloop
  endfacet
  facet normal 0.8088511473102559 0.5133125469238122 -0.2868275625972367
    outer loop
      vertex -11.129094839168664 -6.1182716625275235 25
      vertex -10.340418821905992 -5.684693352964504 28
      vertex -10.274515830972891 -7.464872705866146 25
    endloop
  endfacet
  facet normal 0.8088511473102555 0.5133125469238129 -0.2868275625972371
    outer loop
      vertex -10.274515830972891 -7.464872705866146 25
      vertex -10.340418821905992 -5.684693352964504 28
      vertex -9.54640053121332 -6.935865975299446 28
    endloop
  endfacet
  facet normal 0.7381379930864972 0.6106408539368836 -0.2868275625972366
    outer loop
      vertex -9.257901570424425 -8.693748247334453 25
      vertex -9.54640053121332 -6.935865975299446 28
      vertex -8.601829801400163 -8.077655847918415 28
    endloop
  endfacet
  facet normal 0.9510565162951535 0.3090169943749477 -6.044423842115591e-19
    outer loop
      vertex -11.808161373551743 -4.675181820192505 0
      vertex -12.301006149220218 -3.15836156773481 0
      vertex -12.301006149220218 -3.15836156773481 25
    endloop
  endfacet
  facet normal 0.9822872507286886 0.18738131458572435 3.658147681667836e-19
    outer loop
      vertex -12.301006149220218 -3.15836156773481 0
      vertex -12.5998567096506 -1.5917320666401837 0
      vertex -12.5998567096506 -1.5917320666401837 25
    endloop
  endfacet
  facet normal 0.9980267284282717 0.06279051952931361 2.5210757535117003e-19
    outer loop
      vertex -12.5998567096506 -1.5917320666401837 0
      vertex -12.700000002980232 0 0
      vertex -12.700000002980232 0 25
    endloop
  endfacet
  facet normal 0.9510565162951535 0.3090169943749477 0
    outer loop
      vertex -11.808161373551743 -4.675181820192505 0
      vertex -12.301006149220218 -3.15836156773481 25
      vertex -11.808161373551743 -4.675181820192505 25
    endloop
  endfacet
  facet normal 0.9822872507286886 0.18738131458572435 0
    outer loop
      vertex -12.301006149220218 -3.15836156773481 0
      vertex -12.5998567096506 -1.5917320666401837 25
      vertex -12.301006149220218 -3.15836156773481 25
    endloop
  endfacet
  facet normal 0.9110952405190745 0.29603278878870465 -0.28682756259723674
    outer loop
      vertex -11.808161373551743 -4.675181820192505 25
      vertex -12.301006149220218 -3.15836156773481 25
      vertex -11.429281298431244 -2.9345406678041335 28
    endloop
  endfacet
  facet normal 0.9410137290765711 0.17950796924909457 -0.28682756259723685
    outer loop
      vertex -12.301006149220218 -3.15836156773481 25
      vertex -11.706953472554106 -1.4789321556852657 28
      vertex -11.429281298431244 -2.9345406678041335 28
    endloop
  endfacet
  facet normal 0.9110952405190749 0.2960327887887042 -0.2868275625972365
    outer loop
      vertex -11.808161373551743 -4.675181820192505 25
      vertex -11.429281298431244 -2.9345406678041335 28
      vertex -10.971362530710417 -4.343869720582102 28
    endloop
  endfacet
  facet normal 0.9980267284282717 0.06279051952931361 0
    outer loop
      vertex -12.5998567096506 -1.5917320666401837 0
      vertex -12.700000002980232 0 25
      vertex -12.5998567096506 -1.5917320666401837 25
    endloop
  endfacet
  facet normal 0.9410137290765711 0.17950796924909404 -0.2868275625972365
    outer loop
      vertex -12.301006149220218 -3.15836156773481 25
      vertex -12.5998567096506 -1.5917320666401837 25
      vertex -11.706953472554106 -1.4789321556852657 28
    endloop
  endfacet
  facet normal 0.9560918689921761 0.060152201801563075 -0.2868275625972367
    outer loop
      vertex -12.5998567096506 -1.5917320666401837 25
      vertex -12.700000002980232 0 25
      vertex -11.799999997019768 0 28
    endloop
  endfacet
  facet normal 0.9560918689921761 0.06015220180156278 -0.2868275625972366
    outer loop
      vertex -12.5998567096506 -1.5917320666401837 25
      vertex -11.799999997019768 0 28
      vertex -11.706953472554106 -1.4789321556852657 28
    endloop
  endfacet
  facet normal -0.9510565162951536 -0.3090169943749468 0
    outer loop
      vertex -15.062379074160624 -5.963617754588878 28
      vertex -15.062379074160624 -5.963617754588878 63
      vertex -15.691047213170426 -4.028776172811802 28
    endloop
  endfacet
  facet normal -0.9048270524660192 -0.42577929156507344 -1.0329718719308658e-19
    outer loop
      vertex -15.062379074160624 -5.963617754588878 28
      vertex -14.196168219322185 -7.804409521883527 28
      vertex -14.196168219322185 -7.804409521883527 63
    endloop
  endfacet
  facet normal -0.9510565162951536 -0.3090169943749468 0
    outer loop
      vertex -15.691047213170426 -4.028776172811802 28
      vertex -15.062379074160624 -5.963617754588878 63
      vertex -15.691047213170426 -4.028776172811802 63
    endloop
  endfacet
  facet normal -0.9048270524660192 -0.42577929156507344 0
    outer loop
      vertex -15.062379074160624 -5.963617754588878 28
      vertex -14.196168219322185 -7.804409521883527 63
      vertex -15.062379074160624 -5.963617754588878 63
    endloop
  endfacet
  facet normal -0.8443279255020155 -0.535826794978996 1.3207956654344101e-18
    outer loop
      vertex -13.106075311285208 -9.5221210888898 63
      vertex -14.196168219322185 -7.804409521883527 63
      vertex -14.196168219322185 -7.804409521883527 28
    endloop
  endfacet
  facet normal -0.7875970795674423 -0.37061505363152275 0.4922756568006786
    outer loop
      vertex -15.062379074160624 -5.963617754588878 63
      vertex -14.196168219322185 -7.804409521883527 63
      vertex -11.216725501949854 -6.166447027066219 69
    endloop
  endfacet
  facet normal -0.8278370244304553 -0.268980554508296 0.4922756568006786
    outer loop
      vertex -15.062379074160624 -5.963617754588878 63
      vertex -11.90113901659867 -4.71199427326678 69
      vertex -15.691047213170426 -4.028776172811802 63
    endloop
  endfacet
  facet normal -0.9822872507286886 -0.1873813145857248 0
    outer loop
      vertex -15.691047213170426 -4.028776172811802 28
      vertex -15.691047213170426 -4.028776172811802 63
      vertex -16.072258164251274 -2.030398384115248 28
    endloop
  endfacet
  facet normal -0.9980267284282714 -0.0627905195293132 0
    outer loop
      vertex -16.072258164251274 -2.030398384115248 28
      vertex -16.072258164251274 -2.030398384115248 63
      vertex -16.200000002980232 0 28
    endloop
  endfacet
  facet normal -0.9822872507286886 -0.1873813145857248 0
    outer loop
      vertex -16.072258164251274 -2.030398384115248 28
      vertex -15.691047213170426 -4.028776172811802 63
      vertex -16.072258164251274 -2.030398384115248 63
    endloop
  endfacet
  facet normal -0.9980267284282714 -0.0627905195293132 -2.7837031518357716e-21
    outer loop
      vertex -16.072258164251274 -2.030398384115248 63
      vertex -16.200000002980232 0 63
      vertex -16.200000002980232 0 28
    endloop
  endfacet
  facet normal -0.8687217457723783 -0.054655339571278744 0.49227565680067864
    outer loop
      vertex -16.072258164251274 -2.030398384115248 63
      vertex -12.699068173868584 -1.60426538924957 69
      vertex -16.200000002980232 0 63
    endloop
  endfacet
  facet normal -0.8550214848923312 -0.16310407135928048 0.49227565680067853
    outer loop
      vertex -15.691047213170426 -4.028776172811802 63
      vertex -12.397864459559875 -3.1832305549689885 69
      vertex -16.072258164251274 -2.030398384115248 63
    endloop
  endfacet
  facet normal 0.9048270524660196 0.4257792915650727 0
    outer loop
      vertex -10.971362530710417 -4.343869720582102 28
      vertex -10.971362530710417 -4.343869720582102 63
      vertex -10.340418821905992 -5.684693352964504 28
    endloop
  endfacet
  facet normal 0.7705132427757895 0.6374239897486893 -1.5273447850627501e-18
    outer loop
      vertex -8.601829801400163 -8.077655847918415 28
      vertex -9.54640053121332 -6.935865975299446 28
      vertex -9.54640053121332 -6.935865975299446 63
    endloop
  endfacet
  facet normal 0.844327925502015 0.5358267949789969 4.716065765341965e-19
    outer loop
      vertex -9.54640053121332 -6.935865975299446 28
      vertex -10.340418821905992 -5.684693352964504 28
      vertex -10.340418821905992 -5.684693352964504 63
    endloop
  endfacet
  facet normal -0.734936258271962 -0.4664047319642764 0.49227565680067864
    outer loop
      vertex -13.106075311285208 -9.5221210888898 63
      vertex -10.355417525588269 -7.52365122759192 69
      vertex -14.196168219322185 -7.804409521883527 63
    endloop
  endfacet
  facet normal 0.844327925502015 0.5358267949789969 0
    outer loop
      vertex -9.54640053121332 -6.935865975299446 28
      vertex -10.340418821905992 -5.684693352964504 63
      vertex -9.54640053121332 -6.935865975299446 63
    endloop
  endfacet
  facet normal 0.7705132427757895 0.6374239897486893 0
    outer loop
      vertex -8.601829801400163 -8.077655847918415 28
      vertex -9.54640053121332 -6.935865975299446 63
      vertex -8.601829801400163 -8.077655847918415 63
    endloop
  endfacet
  facet normal 0.9048270524660196 0.4257792915650727 0
    outer loop
      vertex -10.340418821905992 -5.684693352964504 28
      vertex -10.971362530710417 -4.343869720582102 63
      vertex -10.340418821905992 -5.684693352964504 63
    endloop
  endfacet
  facet normal 0.7875970799856888 0.3706150538283339 -0.49227565598335005
    outer loop
      vertex -10.971362530710417 -4.343869720582102 63
      vertex -7.8101224800758375 -3.0922462420027457 69
      vertex -10.340418821905992 -5.684693352964504 63
    endloop
  endfacet
  facet normal 0.7349362586622427 0.46640473221195705 -0.4922756559833502
    outer loop
      vertex -9.54640053121332 -6.935865975299446 63
      vertex -10.340418821905992 -5.684693352964504 63
      vertex -7.360976111062654 -4.04673086173654 69
    endloop
  endfacet
  facet normal 0.9510565162951536 0.3090169943749472 9.298513669313752e-19
    outer loop
      vertex -10.971362530710417 -4.343869720582102 28
      vertex -11.429281298431244 -2.9345406678041335 28
      vertex -11.429281298431244 -2.9345406678041335 63
    endloop
  endfacet
  facet normal 0.9980267284282717 0.06279051952931329 0
    outer loop
      vertex -11.799999997019768 0 28
      vertex -11.799999997019768 0 55
      vertex -11.706953472554106 -1.4789321556852657 28
    endloop
  endfacet
  facet normal 0.9822872507286886 0.18738131458572493 -2.324196001081712e-19
    outer loop
      vertex -11.429281298431244 -2.9345406678041335 28
      vertex -11.706953472554106 -1.4789321556852657 28
      vertex -11.706953472554106 -1.4789321556852657 63
    endloop
  endfacet
  facet normal 0.9980267284282714 0.06279051952931329 0
    outer loop
      vertex -11.799999997019768 0 55
      vertex -11.799999997019768 0 56
      vertex -11.706953472554106 -1.4789321556852657 28
    endloop
  endfacet
  facet normal 0.9980267284282717 0.0627905195293133 0
    outer loop
      vertex -11.799999997019768 0 56
      vertex -11.799999997019768 0 59
      vertex -11.706953472554106 -1.4789321556852657 28
    endloop
  endfacet
  facet normal 0.9980267284282714 0.06279051952931329 0
    outer loop
      vertex -11.799999997019768 0 59
      vertex -11.799999997019768 0 60
      vertex -11.706953472554106 -1.4789321556852657 28
    endloop
  endfacet
  facet normal 0.9510565162951536 0.3090169943749472 0
    outer loop
      vertex -10.971362530710417 -4.343869720582102 28
      vertex -11.429281298431244 -2.9345406678041335 63
      vertex -10.971362530710417 -4.343869720582102 63
    endloop
  endfacet
  facet normal 0.9822872507286886 0.18738131458572493 0
    outer loop
      vertex -11.429281298431244 -2.9345406678041335 28
      vertex -11.706953472554106 -1.4789321556852657 63
      vertex -11.429281298431244 -2.9345406678041335 63
    endloop
  endfacet
  facet normal 0.9980267284282717 0.0627905195293133 1.1074713830903891e-18
    outer loop
      vertex -11.706953472554106 -1.4789321556852657 28
      vertex -11.799999997019768 0 60
      vertex -11.799999997019768 0 63
    endloop
  endfacet
  facet normal 0.9980267284282716 0.06279051952931329 0
    outer loop
      vertex -11.706953472554106 -1.4789321556852657 28
      vertex -11.799999997019768 0 63
      vertex -11.706953472554106 -1.4789321556852657 63
    endloop
  endfacet
  facet normal 0.8278370248700705 0.2689805546511359 -0.49227565598334994
    outer loop
      vertex -10.971362530710417 -4.343869720582102 63
      vertex -11.429281298431244 -2.9345406678041335 63
      vertex -8.1360985520372 -2.0889950518142038 69
    endloop
  endfacet
  facet normal 0.8550214853463828 0.16310407144589553 -0.49227565598335016
    outer loop
      vertex -11.429281298431244 -2.9345406678041335 63
      vertex -11.706953472554106 -1.4789321556852657 63
      vertex -8.333763489563248 -1.0527991617533932 69
    endloop
  endfacet
  facet normal 0.868721746233705 0.05465533960030305 -0.4922756559833502
    outer loop
      vertex -11.706953472554106 -1.4789321556852657 63
      vertex -11.799999997019768 0 63
      vertex -8.399999998509884 0 69
    endloop
  endfacet
  facet normal -0.48175367410171577 -0.8763066800438634 1.4664185209901877e-18
    outer loop
      vertex -9.162638194939287 -14.438007527342602 0
      vertex -7.280825886397199 -15.472542598517233 0
      vertex -7.280825886397199 -15.472542598517233 25
    endloop
  endfacet
  facet normal 0 0 -1
    outer loop
      vertex -9.162638194939287 -14.438007527342602 0
      vertex -6.805000297830146 -10.722964656391884 0
      vertex -7.280825886397199 -15.472542598517233 0
    endloop
  endfacet
  facet normal -0.3681245526846775 -0.9297764858882516 1.3972876226575023e-18
    outer loop
      vertex -7.280825886397199 -15.472542598517233 0
      vertex -5.284190604272072 -16.26306643006431 0
      vertex -5.284190604272072 -16.26306643006431 25
    endloop
  endfacet
  facet normal 0 0 -1
    outer loop
      vertex -7.280825886397199 -15.472542598517233 0
      vertex -5.407397004145341 -11.491303569015043 0
      vertex -5.284190604272072 -16.26306643006431 0
    endloop
  endfacet
  facet normal 0 0 -1
    outer loop
      vertex -5.284190604272072 -16.26306643006431 0
      vertex -5.407397004145341 -11.491303569015043 0
      vertex -3.9245158294827744 -12.07841775978282 0
    endloop
  endfacet
  facet normal -0.3681245526846775 -0.9297764858882516 0
    outer loop
      vertex -7.280825886397199 -15.472542598517233 0
      vertex -5.284190604272072 -16.26306643006431 25
      vertex -7.280825886397199 -15.472542598517233 25
    endloop
  endfacet
  facet normal -0.48175367410171577 -0.8763066800438634 0
    outer loop
      vertex -9.162638194939287 -14.438007527342602 0
      vertex -7.280825886397199 -15.472542598517233 25
      vertex -9.162638194939287 -14.438007527342602 25
    endloop
  endfacet
  facet normal -0.4615114584203842 -0.8394862264095153 0.2868275604181051
    outer loop
      vertex -9.162638194939287 -14.438007527342602 25
      vertex -6.897624524623095 -14.658198252646113 28
      vertex -8.680394080256635 -13.678112395648936 28
    endloop
  endfacet
  facet normal -0.46151145842038455 -0.8394862264095151 0.28682756041810537
    outer loop
      vertex -9.162638194939287 -14.438007527342602 25
      vertex -7.280825886397199 -15.472542598517233 25
      vertex -6.897624524623095 -14.658198252646113 28
    endloop
  endfacet
  facet normal -0.24868988716485468 -0.9685831611286311 0
    outer loop
      vertex -5.284190604272072 -16.26306643006431 0
      vertex -3.2042204796951146 -16.797111988924296 25
      vertex -5.284190604272072 -16.26306643006431 25
    endloop
  endfacet
  facet normal -0.35265677943534757 -0.8907093501826995 0.2868275604181054
    outer loop
      vertex -7.280825886397199 -15.472542598517233 25
      vertex -5.00607530979509 -15.407115566815856 28
      vertex -6.897624524623095 -14.658198252646113 28
    endloop
  endfacet
  facet normal -0.3526567794353478 -0.8907093501826993 0.2868275604181056
    outer loop
      vertex -7.280825886397199 -15.472542598517233 25
      vertex -5.284190604272072 -16.26306643006431 25
      vertex -5.00607530979509 -15.407115566815856 28
    endloop
  endfacet
  facet normal -0.23824049237166864 -0.9278854554195269 0.2868275604181056
    outer loop
      vertex -5.284190604272072 -16.26306643006431 25
      vertex -3.035577296847182 -15.913053464732199 28
      vertex -5.00607530979509 -15.407115566815856 28
    endloop
  endfacet
  facet normal 0 0 -1
    outer loop
      vertex -9.162638194939287 -14.438007527342602 0
      vertex -8.09528467170803 -9.785518185548833 0
      vertex -6.805000297830146 -10.722964656391884 0
    endloop
  endfacet
  facet normal 0 0 -1
    outer loop
      vertex -7.280825886397199 -15.472542598517233 0
      vertex -6.805000297830146 -10.722964656391884 0
      vertex -5.407397004145341 -11.491303569015043 0
    endloop
  endfacet
  facet normal 0.587785252292473 0.8090169943749476 1.904207074103043e-18
    outer loop
      vertex -6.805000297830146 -10.722964656391884 0
      vertex -8.09528467170803 -9.785518185548833 0
      vertex -8.09528467170803 -9.785518185548833 25
    endloop
  endfacet
  facet normal 0.48175367410171505 0.8763066800438637 0
    outer loop
      vertex -6.805000297830146 -10.722964656391884 0
      vertex -6.805000297830146 -10.722964656391884 25
      vertex -5.407397004145341 -11.491303569015043 0
    endloop
  endfacet
  facet normal 0.36812455268467814 0.9297764858882512 0
    outer loop
      vertex -5.407397004145341 -11.491303569015043 0
      vertex -5.407397004145341 -11.491303569015043 25
      vertex -3.9245158294827744 -12.07841775978282 0
    endloop
  endfacet
  facet normal 0.6845471059286887 0.7289686274214113 -5.449952720890399e-19
    outer loop
      vertex -9.257901570424425 -8.693748247334453 25
      vertex -8.09528467170803 -9.785518185548833 25
      vertex -8.09528467170803 -9.785518185548833 0
    endloop
  endfacet
  facet normal 0.587785252292473 0.8090169943749476 0
    outer loop
      vertex -6.805000297830146 -10.722964656391884 0
      vertex -8.09528467170803 -9.785518185548833 25
      vertex -6.805000297830146 -10.722964656391884 25
    endloop
  endfacet
  facet normal 0.6557839617695009 0.6983389899042057 -0.2868275625972363
    outer loop
      vertex -8.601829801400163 -8.077655847918415 28
      vertex -7.521603077134866 -9.092056262458007 28
      vertex -8.09528467170803 -9.785518185548833 25
    endloop
  endfacet
  facet normal 0.5630878256290485 0.7750239028332472 -0.28682756259723624
    outer loop
      vertex -6.805000297830146 -10.722964656391884 25
      vertex -8.09528467170803 -9.785518185548833 25
      vertex -7.521603077134866 -9.092056262458007 28
    endloop
  endfacet
  facet normal 0.5630878256290471 0.775023902833248 -0.28682756259723696
    outer loop
      vertex -6.805000297830146 -10.722964656391884 25
      vertex -7.521603077134866 -9.092056262458007 28
      vertex -6.322756179155272 -9.963069518407483 28
    endloop
  endfacet
  facet normal 0.48175367410171505 0.8763066800438637 0
    outer loop
      vertex -5.407397004145341 -11.491303569015043 0
      vertex -6.805000297830146 -10.722964656391884 25
      vertex -5.407397004145341 -11.491303569015043 25
    endloop
  endfacet
  facet normal 0.36812455268467814 0.9297764858882512 -1.1183256049314391e-18
    outer loop
      vertex -5.407397004145341 -11.491303569015043 25
      vertex -3.9245158294827744 -12.07841775978282 25
      vertex -3.9245158294827744 -12.07841775978282 0
    endloop
  endfacet
  facet normal 0.461511458106064 0.8394862258377696 -0.28682756259723696
    outer loop
      vertex -6.805000297830146 -10.722964656391884 25
      vertex -6.322756179155272 -9.963069518407483 28
      vertex -5.407397004145341 -11.491303569015043 25
    endloop
  endfacet
  facet normal 0.4615114581060642 0.8394862258377696 -0.28682756259723685
    outer loop
      vertex -5.407397004145341 -11.491303569015043 25
      vertex -6.322756179155272 -9.963069518407483 28
      vertex -5.0241956391989335 -10.676959216402436 28
    endloop
  endfacet
  facet normal 0.3526567791951658 0.890709349576067 -0.2868275625972369
    outer loop
      vertex -5.407397004145341 -11.491303569015043 25
      vertex -5.0241956391989335 -10.676959216402436 28
      vertex -3.9245158294827744 -12.07841775978282 25
    endloop
  endfacet
  facet normal 0 0 -1
    outer loop
      vertex -5.284190604272072 -16.26306643006431 0
      vertex -3.9245158294827744 -12.07841775978282 0
      vertex -3.2042204796951146 -16.797111988924296 0
    endloop
  endfacet
  facet normal 0 0 -1
    outer loop
      vertex -3.2042204796951146 -16.797111988924296 0
      vertex -2.379742695797145 -12.47504808718179 0
      vertex -1.0737178840448305 -17.06625705761062 0
    endloop
  endfacet
  facet normal -0.24868988716485468 -0.9685831611286311 -1.3062964512127449e-18
    outer loop
      vertex -5.284190604272072 -16.26306643006431 0
      vertex -3.2042204796951146 -16.797111988924296 0
      vertex -3.2042204796951146 -16.797111988924296 25
    endloop
  endfacet
  facet normal 0 0 -1
    outer loop
      vertex -3.2042204796951146 -16.797111988924296 0
      vertex -3.9245158294827744 -12.07841775978282 0
      vertex -2.379742695797145 -12.47504808718179 0
    endloop
  endfacet
  facet normal 0 0 -1
    outer loop
      vertex -1.0737178840448305 -17.06625705761062 0
      vertex -0.7974395982094151 -12.6749394540134 0
      vertex 1.0737178840448305 -17.06625705761062 0
    endloop
  endfacet
  facet normal -0.12533323356430592 -0.9921147013144777 6.780756128889555e-19
    outer loop
      vertex -3.2042204796951146 -16.797111988924296 0
      vertex -1.0737178840448305 -17.06625705761062 0
      vertex -1.0737178840448305 -17.06625705761062 25
    endloop
  endfacet
  facet normal 0 0 -1
    outer loop
      vertex -1.0737178840448305 -17.06625705761062 0
      vertex -2.379742695797145 -12.47504808718179 0
      vertex -0.7974395982094151 -12.6749394540134 0
    endloop
  endfacet
  facet normal -0.12533323356430592 -0.9921147013144777 0
    outer loop
      vertex -3.2042204796951146 -16.797111988924296 0
      vertex -1.0737178840448305 -17.06625705761062 25
      vertex -3.2042204796951146 -16.797111988924296 25
    endloop
  endfacet
  facet normal -0.23824049237166828 -0.927885455419527 0.2868275604181053
    outer loop
      vertex -5.284190604272072 -16.26306643006431 25
      vertex -3.2042204796951146 -16.797111988924296 25
      vertex -3.035577296847182 -15.913053464732199 28
    endloop
  endfacet
  facet normal -0.12006701042531569 -0.9504282527324855 0.28682756041810537
    outer loop
      vertex -3.2042204796951146 -16.797111988924296 25
      vertex -1.0172064165620134 -16.16803300351235 28
      vertex -3.035577296847182 -15.913053464732199 28
    endloop
  endfacet
  facet normal 0 -1 0
    outer loop
      vertex -1.0737178840448305 -17.06625705761062 0
      vertex 1.0737178840448305 -17.06625705761062 25
      vertex -1.0737178840448305 -17.06625705761062 25
    endloop
  endfacet
  facet normal -0.12006701042531708 -0.950428252732485 0.28682756041810625
    outer loop
      vertex -3.2042204796951146 -16.797111988924296 25
      vertex -1.0737178840448305 -17.06625705761062 25
      vertex -1.0172064165620134 -16.16803300351235 28
    endloop
  endfacet
  facet normal 0 -0.9579822287415345 0.28682756041810625
    outer loop
      vertex -1.0737178840448305 -17.06625705761062 25
      vertex 1.0172064165620134 -16.16803300351235 28
      vertex -1.0172064165620134 -16.16803300351235 28
    endloop
  endfacet
  facet normal 0.24868988716485488 0.9685831611286311 0
    outer loop
      vertex -3.9245158294827744 -12.07841775978282 0
      vertex -3.9245158294827744 -12.07841775978282 25
      vertex -2.379742695797145 -12.47504808718179 0
    endloop
  endfacet
  facet normal 0.12533323356430423 0.9921147013144778 0
    outer loop
      vertex -2.379742695797145 -12.47504808718179 0
      vertex -2.379742695797145 -12.47504808718179 25
      vertex -0.7974395982094151 -12.6749394540134 0
    endloop
  endfacet
  facet normal 0 1 0
    outer loop
      vertex -0.7974395982094151 -12.6749394540134 0
      vertex -0.7974395982094151 -12.6749394540134 25
      vertex 0.7974395982094151 -12.6749394540134 0
    endloop
  endfacet
  facet normal 0.24868988716485488 0.9685831611286311 0
    outer loop
      vertex -2.379742695797145 -12.47504808718179 0
      vertex -3.9245158294827744 -12.07841775978282 25
      vertex -2.379742695797145 -12.47504808718179 25
    endloop
  endfacet
  facet normal 0.23824049220941088 0.9278854547875756 -0.28682756259723674
    outer loop
      vertex -3.9245158294827744 -12.07841775978282 25
      vertex -3.646400532703437 -11.222466889448443 28
      vertex -2.379742695797145 -12.47504808718179 25
    endloop
  endfacet
  facet normal 0.3526567791951661 0.8907093495760668 -0.28682756259723674
    outer loop
      vertex -5.0241956391989335 -10.676959216402436 28
      vertex -3.646400532703437 -11.222466889448443 28
      vertex -3.9245158294827744 -12.07841775978282 25
    endloop
  endfacet
  facet normal 0.23824049220941057 0.9278854547875756 -0.28682756259723685
    outer loop
      vertex -3.646400532703437 -11.222466889448443 28
      vertex -2.211099511553113 -11.590989555671081 28
      vertex -2.379742695797145 -12.47504808718179 25
    endloop
  endfacet
  facet normal 0.12533323356430423 0.9921147013144778 0
    outer loop
      vertex -0.7974395982094151 -12.6749394540134 0
      vertex -2.379742695797145 -12.47504808718179 25
      vertex -0.7974395982094151 -12.6749394540134 25
    endloop
  endfacet
  facet normal 0.1200670103435419 0.9504282520851808 -0.28682756259723685
    outer loop
      vertex -2.379742695797145 -12.47504808718179 25
      vertex -2.211099511553113 -11.590989555671081 28
      vertex -0.7974395982094151 -12.6749394540134 25
    endloop
  endfacet
  facet normal 0.12006701034354335 0.9504282520851808 -0.2868275625972362
    outer loop
      vertex -2.211099511553113 -11.590989555671081 28
      vertex -0.740928130258772 -11.776715392479254 28
      vertex -0.7974395982094151 -12.6749394540134 25
    endloop
  endfacet
  facet normal 0 0.9579822280890854 -0.28682756259723624
    outer loop
      vertex -0.7974395982094151 -12.6749394540134 25
      vertex -0.740928130258772 -11.776715392479254 28
      vertex 0.7974395982094151 -12.6749394540134 25
    endloop
  endfacet
  facet normal -0.48175367410171527 -0.8763066800438636 -1.5507579954191486e-18
    outer loop
      vertex -8.680394080256635 -13.678112395648936 28
      vertex -6.897624524623095 -14.658198252646113 28
      vertex -6.897624524623095 -14.658198252646113 63
    endloop
  endfacet
  facet normal -0.3681245526846772 -0.9297764858882518 -1.5409861417878746e-18
    outer loop
      vertex -6.897624524623095 -14.658198252646113 28
      vertex -5.00607530979509 -15.407115566815856 28
      vertex -5.00607530979509 -15.407115566815856 63
    endloop
  endfacet
  facet normal -0.48175367410171527 -0.8763066800438636 0
    outer loop
      vertex -8.680394080256635 -13.678112395648936 28
      vertex -6.897624524623095 -14.658198252646113 63
      vertex -8.680394080256635 -13.678112395648936 63
    endloop
  endfacet
  facet normal -0.41933735928794613 -0.7627718248774482 0.4922756568006787
    outer loop
      vertex -8.680394080256635 -13.678112395648936 63
      vertex -6.897624524623095 -14.658198252646113 63
      vertex -5.449974930764006 -11.581786268868456 69
    endloop
  endfacet
  facet normal -0.2486898871648551 -0.968583161128631 0
    outer loop
      vertex -5.00607530979509 -15.407115566815856 28
      vertex -3.035577296847182 -15.913053464732199 63
      vertex -5.00607530979509 -15.407115566815856 63
    endloop
  endfacet
  facet normal -0.3681245526846772 -0.9297764858882518 0
    outer loop
      vertex -6.897624524623095 -14.658198252646113 28
      vertex -5.00607530979509 -15.407115566815856 63
      vertex -6.897624524623095 -14.658198252646113 63
    endloop
  endfacet
  facet normal -0.3204300996763261 -0.8093140484032638 0.4922756568006784
    outer loop
      vertex -6.897624524623095 -14.658198252646113 63
      vertex -5.00607530979509 -15.407115566815856 63
      vertex -3.9554175270783842 -12.173523405743596 69
    endloop
  endfacet
  facet normal 0.5877852522924717 0.8090169943749483 0
    outer loop
      vertex -7.521603077134866 -9.092056262458007 28
      vertex -7.521603077134866 -9.092056262458007 63
      vertex -6.322756179155272 -9.963069518407483 28
    endloop
  endfacet
  facet normal 0.3681245526846784 0.9297764858882512 0
    outer loop
      vertex -5.0241956391989335 -10.676959216402436 28
      vertex -5.0241956391989335 -10.676959216402436 63
      vertex -3.646400532703437 -11.222466889448443 28
    endloop
  endfacet
  facet normal 0.48175367410171527 0.8763066800438636 -3.6035253023447644e-19
    outer loop
      vertex -5.0241956391989335 -10.676959216402436 28
      vertex -6.322756179155272 -9.963069518407483 28
      vertex -6.322756179155272 -9.963069518407483 63
    endloop
  endfacet
  facet normal 0.6845471059286893 0.728968627421411 1.1663016124343934e-18
    outer loop
      vertex -8.601829801400163 -8.077655847918415 63
      vertex -7.521603077134866 -9.092056262458007 63
      vertex -7.521603077134866 -9.092056262458007 28
    endloop
  endfacet
  facet normal 0.5877852522924717 0.8090169943749483 0
    outer loop
      vertex -6.322756179155272 -9.963069518407483 28
      vertex -7.521603077134866 -9.092056262458007 63
      vertex -6.322756179155272 -9.963069518407483 63
    endloop
  endfacet
  facet normal 0.48175367410171527 0.8763066800438636 0
    outer loop
      vertex -5.0241956391989335 -10.676959216402436 28
      vertex -6.322756179155272 -9.963069518407483 63
      vertex -5.0241956391989335 -10.676959216402436 63
    endloop
  endfacet
  facet normal 0.41933735951063134 0.7627718252825112 -0.49227565598335005
    outer loop
      vertex -5.0241956391989335 -10.676959216402436 63
      vertex -6.322756179155272 -9.963069518407483 63
      vertex -4.500945077025127 -7.092354572958779 69
    endloop
  endfacet
  facet normal -0.2486898871648551 -0.968583161128631 -4.198900426942764e-19
    outer loop
      vertex -5.00607530979509 -15.407115566815856 28
      vertex -3.035577296847182 -15.913053464732199 28
      vertex -3.035577296847182 -15.913053464732199 63
    endloop
  endfacet
  facet normal -0.12533323356430445 -0.9921147013144779 5.969446650014757e-21
    outer loop
      vertex -3.035577296847182 -15.913053464732199 28
      vertex -1.0172064165620134 -16.16803300351235 28
      vertex -1.0172064165620134 -16.16803300351235 63
    endloop
  endfacet
  facet normal -0.12533323356430445 -0.9921147013144779 0
    outer loop
      vertex -3.035577296847182 -15.913053464732199 28
      vertex -1.0172064165620134 -16.16803300351235 63
      vertex -3.035577296847182 -15.913053464732199 63
    endloop
  endfacet
  facet normal -0.21646946597714867 -0.8430929059249808 0.49227565680067853
    outer loop
      vertex -5.00607530979509 -15.407115566815856 63
      vertex -3.035577296847182 -15.913053464732199 63
      vertex -2.398480826138838 -12.57327680639977 69
    endloop
  endfacet
  facet normal 0 -1 0
    outer loop
      vertex -1.0172064165620134 -16.16803300351235 28
      vertex 1.0172064165620134 -16.16803300351235 63
      vertex -1.0172064165620134 -16.16803300351235 63
    endloop
  endfacet
  facet normal -0.10909497948691962 -0.8635756846809718 0.49227565680067853
    outer loop
      vertex -3.035577296847182 -15.913053464732199 63
      vertex -1.0172064165620134 -16.16803300351235 63
      vertex -0.8037186497880858 -12.774742120907524 69
    endloop
  endfacet
  facet normal 0.24868988716485455 0.9685831611286311 0
    outer loop
      vertex -3.646400532703437 -11.222466889448443 28
      vertex -3.646400532703437 -11.222466889448443 63
      vertex -2.211099511553113 -11.590989555671081 28
    endloop
  endfacet
  facet normal 0.12533323356430576 0.9921147013144777 0
    outer loop
      vertex -2.211099511553113 -11.590989555671081 28
      vertex -2.211099511553113 -11.590989555671081 63
      vertex -0.740928130258772 -11.776715392479254 28
    endloop
  endfacet
  facet normal 0 1 0
    outer loop
      vertex -0.740928130258772 -11.776715392479254 28
      vertex -0.740928130258772 -11.776715392479254 63
      vertex 0.740928130258772 -11.776715392479254 28
    endloop
  endfacet
  facet normal 0.3681245526846784 0.9297764858882512 0
    outer loop
      vertex -3.646400532703437 -11.222466889448443 28
      vertex -5.0241956391989335 -10.676959216402436 63
      vertex -3.646400532703437 -11.222466889448443 63
    endloop
  endfacet
  facet normal 0.24868988716485455 0.9685831611286311 0
    outer loop
      vertex -2.211099511553113 -11.590989555671081 28
      vertex -3.646400532703437 -11.222466889448443 63
      vertex -2.211099511553113 -11.590989555671081 63
    endloop
  endfacet
  facet normal 0.32043009984648857 0.8093140488330421 -0.4922756559833501
    outer loop
      vertex -5.0241956391989335 -10.676959216402436 63
      vertex -3.576546048512148 -7.600547239366267 69
      vertex -3.646400532703437 -11.222466889448443 63
    endloop
  endfacet
  facet normal 0.21646946609210227 0.8430929063726976 -0.4922756559833501
    outer loop
      vertex -3.646400532703437 -11.222466889448443 63
      vertex -2.595742752289087 -7.988874735462105 69
      vertex -2.211099511553113 -11.590989555671081 63
    endloop
  endfacet
  facet normal 0.12533323356430576 0.9921147013144777 0
    outer loop
      vertex -0.740928130258772 -11.776715392479254 28
      vertex -2.211099511553113 -11.590989555671081 63
      vertex -0.740928130258772 -11.776715392479254 63
    endloop
  endfacet
  facet normal 0.10909497954485464 0.8635756851395655 -0.4922756559833501
    outer loop
      vertex -2.211099511553113 -11.590989555671081 63
      vertex -1.5740030422408686 -8.251212904657262 69
      vertex -0.740928130258772 -11.776715392479254 63
    endloop
  endfacet
  facet normal 0 0.8704393594766737 -0.49227565598335027
    outer loop
      vertex -0.740928130258772 -11.776715392479254 63
      vertex -0.5274403639526705 -8.383424517310305 69
      vertex 0.740928130258772 -11.776715392479254 63
    endloop
  endfacet
  facet normal 0.6845471059286893 0.728968627421411 0
    outer loop
      vertex -8.601829801400163 -8.077655847918415 28
      vertex -8.601829801400163 -8.077655847918415 63
      vertex -7.521603077134866 -9.092056262458007 28
    endloop
  endfacet
  facet normal 0.6706850535100533 0.554838929351915 -0.4922756559833501
    outer loop
      vertex -8.601829801400163 -8.077655847918415 63
      vertex -9.54640053121332 -6.935865975299446 63
      vertex -6.795742751544029 -4.937396118380906 69
    endloop
  endfacet
  facet normal 0.5958567444161792 0.6345229851312831 -0.49227565598335016
    outer loop
      vertex -8.601829801400163 -8.077655847918415 63
      vertex -6.12333646925361 -5.750195688780929 69
      vertex -7.521603077134866 -9.092056262458007 63
    endloop
  endfacet
  facet normal 0.5116314185152943 0.7042002343894739 -0.4922756559833502
    outer loop
      vertex -7.521603077134866 -9.092056262458007 63
      vertex -5.354361512939157 -6.472311238168476 69
      vertex -6.322756179155272 -9.963069518407483 63
    endloop
  endfacet
  facet normal -0.6706850531538915 -0.5548389290572736 0.49227565680067864
    outer loop
      vertex -13.106075311285208 -9.5221210888898 63
      vertex -9.330798428821574 -8.762202953847103 69
      vertex -10.355417525588269 -7.52365122759192 69
    endloop
  endfacet
  facet normal -0.5958567440997549 -0.6345229847943253 0.4922756568006787
    outer loop
      vertex -11.809291766399365 -11.089663118084863 63
      vertex -8.159027066883557 -9.862569505233795 69
      vertex -9.330798428821574 -8.762202953847103 69
    endloop
  endfacet
  facet normal -0.6845471059286893 -0.728968627421411 0
    outer loop
      vertex -9.330798428821574 -8.762202953847103 69
      vertex -8.159027066883557 -9.862569505233795 131.20000000298023
      vertex -9.330798428821574 -8.762202953847103 131.20000000298023
    endloop
  endfacet
  facet normal -0.8278370244304554 -0.2689805545082957 0.4922756568006786
    outer loop
      vertex -15.691047213170426 -4.028776172811802 63
      vertex -11.90113901659867 -4.71199427326678 69
      vertex -12.397864459559875 -3.1832305549689885 69
    endloop
  endfacet
  facet normal -0.8550214848923313 -0.16310407135928043 0.4922756568006786
    outer loop
      vertex -16.072258164251274 -2.030398384115248 63
      vertex -12.397864459559875 -3.1832305549689885 69
      vertex -12.699068173868584 -1.60426538924957 69
    endloop
  endfacet
  facet normal -0.8687217457723784 -0.054655339571278994 0.4922756568006786
    outer loop
      vertex -12.699068173868584 -1.60426538924957 69
      vertex -12.799999997019768 0 69
      vertex -16.200000002980232 0 63
    endloop
  endfacet
  facet normal -0.7349362582719621 -0.4664047319642763 0.49227565680067864
    outer loop
      vertex -14.196168219322185 -7.804409521883527 63
      vertex -10.355417525588269 -7.52365122759192 69
      vertex -11.216725501949854 -6.166447027066219 69
    endloop
  endfacet
  facet normal -0.7875970795674421 -0.37061505363152303 0.49227565680067853
    outer loop
      vertex -15.062379074160624 -5.963617754588878 63
      vertex -11.216725501949854 -6.166447027066219 69
      vertex -11.90113901659867 -4.71199427326678 69
    endloop
  endfacet
  facet normal -0.904827052466019 -0.42577929156507377 2.8376893957954012e-19
    outer loop
      vertex -11.90113901659867 -4.71199427326678 69
      vertex -11.216725501949854 -6.166447027066219 69
      vertex -11.216725501949854 -6.166447027066219 131.20000000298023
    endloop
  endfacet
  facet normal -0.7705132427757889 -0.6374239897486901 0
    outer loop
      vertex -9.330798428821574 -8.762202953847103 69
      vertex -9.330798428821574 -8.762202953847103 131.20000000298023
      vertex -10.355417525588269 -7.52365122759192 69
    endloop
  endfacet
  facet normal -0.8443279255020155 -0.5358267949789959 -7.128734089027807e-20
    outer loop
      vertex -11.216725501949854 -6.166447027066219 69
      vertex -10.355417525588269 -7.52365122759192 69
      vertex -10.355417525588269 -7.52365122759192 131.20000000298023
    endloop
  endfacet
  facet normal 0.8278370248700704 0.2689805546511363 -0.4922756559833501
    outer loop
      vertex -10.971362530710417 -4.343869720582102 63
      vertex -8.1360985520372 -2.0889950518142038 69
      vertex -7.8101224800758375 -3.0922462420027457 69
    endloop
  endfacet
  facet normal 0.8550214853463829 0.16310407144589492 -0.49227565598335
    outer loop
      vertex -11.429281298431244 -2.9345406678041335 63
      vertex -8.333763489563248 -1.0527991617533932 69
      vertex -8.1360985520372 -2.0889950518142038 69
    endloop
  endfacet
  facet normal 0.8687217462337051 0.05465533960030295 -0.4922756559833501
    outer loop
      vertex -11.706953472554106 -1.4789321556852657 63
      vertex -8.399999998509884 0 69
      vertex -8.333763489563248 -1.0527991617533932 69
    endloop
  endfacet
  facet normal -0.9510565162951539 -0.30901699437494656 0
    outer loop
      vertex -11.90113901659867 -4.71199427326678 69
      vertex -11.90113901659867 -4.71199427326678 131.20000000298023
      vertex -12.397864459559875 -3.1832305549689885 69
    endloop
  endfacet
  facet normal -0.9822872507286887 -0.1873813145857247 0
    outer loop
      vertex -12.397864459559875 -3.1832305549689885 69
      vertex -12.397864459559875 -3.1832305549689885 131.20000000298023
      vertex -12.699068173868584 -1.60426538924957 69
    endloop
  endfacet
  facet normal -0.9980267284282716 -0.06279051952931348 0
    outer loop
      vertex -12.699068173868584 -1.60426538924957 69
      vertex -12.699068173868584 -1.60426538924957 131.20000000298023
      vertex -12.799999997019768 0 69
    endloop
  endfacet
  facet normal -0.8443279255020155 -0.5358267949789959 0
    outer loop
      vertex -11.216725501949854 -6.166447027066219 69
      vertex -10.355417525588269 -7.52365122759192 131.20000000298023
      vertex -11.216725501949854 -6.166447027066219 131.20000000298023
    endloop
  endfacet
  facet normal -0.904827052466019 -0.42577929156507377 0
    outer loop
      vertex -11.90113901659867 -4.71199427326678 69
      vertex -11.216725501949854 -6.166447027066219 131.20000000298023
      vertex -11.90113901659867 -4.71199427326678 131.20000000298023
    endloop
  endfacet
  facet normal -0.7705132427757889 -0.6374239897486901 8.262576282737661e-19
    outer loop
      vertex -9.330798428821574 -8.762202953847103 131.20000000298023
      vertex -10.355417525588269 -7.52365122759192 131.20000000298023
      vertex -10.355417525588269 -7.52365122759192 69
    endloop
  endfacet
  facet normal 0 0 1
    outer loop
      vertex -9.330798428821574 -8.762202953847103 131.20000000298023
      vertex -6.12333646925361 -5.750195688780929 131.20000000298023
      vertex -10.355417525588269 -7.52365122759192 131.20000000298023
    endloop
  endfacet
  facet normal 0 0 1
    outer loop
      vertex -11.90113901659867 -4.71199427326678 131.20000000298023
      vertex -11.216725501949854 -6.166447027066219 131.20000000298023
      vertex -7.360976111062654 -4.04673086173654 131.20000000298023
    endloop
  endfacet
  facet normal 0 0 1
    outer loop
      vertex -11.216725501949854 -6.166447027066219 131.20000000298023
      vertex -10.355417525588269 -7.52365122759192 131.20000000298023
      vertex -6.795742751544029 -4.937396118380906 131.20000000298023
    endloop
  endfacet
  facet normal -0.9510565162951539 -0.30901699437494656 0
    outer loop
      vertex -12.397864459559875 -3.1832305549689885 69
      vertex -11.90113901659867 -4.71199427326678 131.20000000298023
      vertex -12.397864459559875 -3.1832305549689885 131.20000000298023
    endloop
  endfacet
  facet normal -0.9822872507286887 -0.1873813145857247 0
    outer loop
      vertex -12.699068173868584 -1.60426538924957 69
      vertex -12.397864459559875 -3.1832305549689885 131.20000000298023
      vertex -12.699068173868584 -1.60426538924957 131.20000000298023
    endloop
  endfacet
  facet normal -0.9980267284282716 -0.06279051952931348 8.876049616632972e-20
    outer loop
      vertex -12.699068173868584 -1.60426538924957 131.20000000298023
      vertex -12.799999997019768 0 131.20000000298023
      vertex -12.799999997019768 0 69
    endloop
  endfacet
  facet normal 0 0 1
    outer loop
      vertex -11.90113901659867 -4.71199427326678 131.20000000298023
      vertex -7.8101224800758375 -3.0922462420027457 131.20000000298023
      vertex -12.397864459559875 -3.1832305549689885 131.20000000298023
    endloop
  endfacet
  facet normal 0 0 1
    outer loop
      vertex -12.397864459559875 -3.1832305549689885 131.20000000298023
      vertex -8.1360985520372 -2.0889950518142038 131.20000000298023
      vertex -12.699068173868584 -1.60426538924957 131.20000000298023
    endloop
  endfacet
  facet normal 0 0 1
    outer loop
      vertex -12.699068173868584 -1.60426538924957 131.20000000298023
      vertex -8.333763489563248 -1.0527991617533932 131.20000000298023
      vertex -12.799999997019768 0 131.20000000298023
    endloop
  endfacet
  facet normal 0 0 1
    outer loop
      vertex -11.90113901659867 -4.71199427326678 131.20000000298023
      vertex -7.360976111062654 -4.04673086173654 131.20000000298023
      vertex -7.8101224800758375 -3.0922462420027457 131.20000000298023
    endloop
  endfacet
  facet normal 0 0 1
    outer loop
      vertex -12.397864459559875 -3.1832305549689885 131.20000000298023
      vertex -7.8101224800758375 -3.0922462420027457 131.20000000298023
      vertex -8.1360985520372 -2.0889950518142038 131.20000000298023
    endloop
  endfacet
  facet normal 0 0 1
    outer loop
      vertex -12.699068173868584 -1.60426538924957 131.20000000298023
      vertex -8.1360985520372 -2.0889950518142038 131.20000000298023
      vertex -8.333763489563248 -1.0527991617533932 131.20000000298023
    endloop
  endfacet
  facet normal 0 0 1
    outer loop
      vertex -8.333763489563248 -1.0527991617533932 131.20000000298023
      vertex -8.399999998509884 0 131.20000000298023
      vertex -12.799999997019768 0 131.20000000298023
    endloop
  endfacet
  facet normal -0.3204300996763268 -0.8093140484032634 0.49227565680067864
    outer loop
      vertex -6.897624524623095 -14.658198252646113 63
      vertex -3.9554175270783842 -12.173523405743596 69
      vertex -5.449974930764006 -11.581786268868456 69
    endloop
  endfacet
  facet normal -0.5116314182435971 -0.7042002340155148 0.4922756568006786
    outer loop
      vertex -10.326268635828443 -12.482314535264097 63
      vertex -6.8585829741342685 -10.807397443909498 69
      vertex -8.159027066883557 -9.862569505233795 69
    endloop
  endfacet
  facet normal -0.4193373592879466 -0.7627718248774478 0.49227565680067875
    outer loop
      vertex -8.680394080256635 -13.678112395648936 63
      vertex -5.449974930764006 -11.581786268868456 69
      vertex -6.8585829741342685 -10.807397443909498 69
    endloop
  endfacet
  facet normal -0.6845471059286893 -0.728968627421411 8.399958124189487e-19
    outer loop
      vertex -9.330798428821574 -8.762202953847103 69
      vertex -8.159027066883557 -9.862569505233795 69
      vertex -8.159027066883557 -9.862569505233795 131.20000000298023
    endloop
  endfacet
  facet normal -0.5877852522924719 -0.8090169943749485 0
    outer loop
      vertex -6.8585829741342685 -10.807397443909498 69
      vertex -6.8585829741342685 -10.807397443909498 131.20000000298023
      vertex -8.159027066883557 -9.862569505233795 69
    endloop
  endfacet
  facet normal -0.48175367410171593 -0.8763066800438633 -2.640663200423529e-19
    outer loop
      vertex -6.8585829741342685 -10.807397443909498 69
      vertex -5.449974930764006 -11.581786268868456 69
      vertex -5.449974930764006 -11.581786268868456 131.20000000298023
    endloop
  endfacet
  facet normal -0.36812455268467814 -0.9297764858882515 -1.664911216847117e-19
    outer loop
      vertex -5.449974930764006 -11.581786268868456 69
      vertex -3.9554175270783842 -12.173523405743596 69
      vertex -3.9554175270783842 -12.173523405743596 131.20000000298023
    endloop
  endfacet
  facet normal -0.21646946597714828 -0.8430929059249811 0.4922756568006784
    outer loop
      vertex -5.00607530979509 -15.407115566815856 63
      vertex -2.398480826138838 -12.57327680639977 69
      vertex -3.9554175270783842 -12.173523405743596 69
    endloop
  endfacet
  facet normal -0.10909497948691978 -0.8635756846809717 0.4922756568006785
    outer loop
      vertex -3.035577296847182 -15.913053464732199 63
      vertex -0.8037186497880858 -12.774742120907524 69
      vertex -2.398480826138838 -12.57327680639977 69
    endloop
  endfacet
  facet normal 0 -0.870439359014435 0.49227565680067853
    outer loop
      vertex -1.0172064165620134 -16.16803300351235 63
      vertex 0.8037186497880858 -12.774742120907524 69
      vertex -0.8037186497880858 -12.774742120907524 69
    endloop
  endfacet
  facet normal 0.3204300998464878 0.8093140488330425 -0.49227565598335027
    outer loop
      vertex -3.646400532703437 -11.222466889448443 63
      vertex -3.576546048512148 -7.600547239366267 69
      vertex -2.595742752289087 -7.988874735462105 69
    endloop
  endfacet
  facet normal 0.2164694660921026 0.8430929063726975 -0.49227565598335016
    outer loop
      vertex -2.211099511553113 -11.590989555671081 63
      vertex -2.595742752289087 -7.988874735462105 69
      vertex -1.5740030422408686 -8.251212904657262 69
    endloop
  endfacet
  facet normal 0.10909497954485371 0.8635756851395655 -0.49227565598335027
    outer loop
      vertex -0.740928130258772 -11.776715392479254 63
      vertex -1.5740030422408686 -8.251212904657262 69
      vertex -0.5274403639526705 -8.383424517310305 69
    endloop
  endfacet
  facet normal -0.24868988716485468 -0.9685831611286312 -4.446916502818944e-19
    outer loop
      vertex -3.9554175270783842 -12.173523405743596 69
      vertex -2.398480826138838 -12.57327680639977 69
      vertex -2.398480826138838 -12.57327680639977 131.20000000298023
    endloop
  endfacet
  facet normal -0.12533323356430462 -0.9921147013144778 2.210543593769462e-19
    outer loop
      vertex -2.398480826138838 -12.57327680639977 69
      vertex -0.8037186497880858 -12.774742120907524 69
      vertex -0.8037186497880858 -12.774742120907524 131.20000000298023
    endloop
  endfacet
  facet normal -0.5877852522924719 -0.8090169943749485 0
    outer loop
      vertex -8.159027066883557 -9.862569505233795 69
      vertex -6.8585829741342685 -10.807397443909498 131.20000000298023
      vertex -8.159027066883557 -9.862569505233795 131.20000000298023
    endloop
  endfacet
  facet normal -0.48175367410171593 -0.8763066800438633 0
    outer loop
      vertex -6.8585829741342685 -10.807397443909498 69
      vertex -5.449974930764006 -11.581786268868456 131.20000000298023
      vertex -6.8585829741342685 -10.807397443909498 131.20000000298023
    endloop
  endfacet
  facet normal -0.36812455268467814 -0.9297764858882515 0
    outer loop
      vertex -5.449974930764006 -11.581786268868456 69
      vertex -3.9554175270783842 -12.173523405743596 131.20000000298023
      vertex -5.449974930764006 -11.581786268868456 131.20000000298023
    endloop
  endfacet
  facet normal 0 0 1
    outer loop
      vertex -6.8585829741342685 -10.807397443909498 131.20000000298023
      vertex -4.500945077025127 -7.092354572958779 131.20000000298023
      vertex -8.159027066883557 -9.862569505233795 131.20000000298023
    endloop
  endfacet
  facet normal 0 0 1
    outer loop
      vertex -6.8585829741342685 -10.807397443909498 131.20000000298023
      vertex -5.449974930764006 -11.581786268868456 131.20000000298023
      vertex -3.576546048512148 -7.600547239366267 131.20000000298023
    endloop
  endfacet
  facet normal -0.24868988716485468 -0.9685831611286312 0
    outer loop
      vertex -3.9554175270783842 -12.173523405743596 69
      vertex -2.398480826138838 -12.57327680639977 131.20000000298023
      vertex -3.9554175270783842 -12.173523405743596 131.20000000298023
    endloop
  endfacet
  facet normal -0.12533323356430462 -0.9921147013144778 0
    outer loop
      vertex -2.398480826138838 -12.57327680639977 69
      vertex -0.8037186497880858 -12.774742120907524 131.20000000298023
      vertex -2.398480826138838 -12.57327680639977 131.20000000298023
    endloop
  endfacet
  facet normal 0 -1 0
    outer loop
      vertex -0.8037186497880858 -12.774742120907524 69
      vertex 0.8037186497880858 -12.774742120907524 131.20000000298023
      vertex -0.8037186497880858 -12.774742120907524 131.20000000298023
    endloop
  endfacet
  facet normal 0 0 1
    outer loop
      vertex -3.9554175270783842 -12.173523405743596 131.20000000298023
      vertex -2.398480826138838 -12.57327680639977 131.20000000298023
      vertex -1.5740030422408686 -8.251212904657262 131.20000000298023
    endloop
  endfacet
  facet normal 0 0 1
    outer loop
      vertex -5.449974930764006 -11.581786268868456 131.20000000298023
      vertex -3.9554175270783842 -12.173523405743596 131.20000000298023
      vertex -2.595742752289087 -7.988874735462105 131.20000000298023
    endloop
  endfacet
  facet normal 0 0 1
    outer loop
      vertex -5.449974930764006 -11.581786268868456 131.20000000298023
      vertex -2.595742752289087 -7.988874735462105 131.20000000298023
      vertex -3.576546048512148 -7.600547239366267 131.20000000298023
    endloop
  endfacet
  facet normal 0 0 1
    outer loop
      vertex -3.9554175270783842 -12.173523405743596 131.20000000298023
      vertex -1.5740030422408686 -8.251212904657262 131.20000000298023
      vertex -2.595742752289087 -7.988874735462105 131.20000000298023
    endloop
  endfacet
  facet normal 0 0 1
    outer loop
      vertex -2.398480826138838 -12.57327680639977 131.20000000298023
      vertex -0.8037186497880858 -12.774742120907524 131.20000000298023
      vertex -0.5274403639526705 -8.383424517310305 131.20000000298023
    endloop
  endfacet
  facet normal 0 0 1
    outer loop
      vertex -2.398480826138838 -12.57327680639977 131.20000000298023
      vertex -0.5274403639526705 -8.383424517310305 131.20000000298023
      vertex -1.5740030422408686 -8.251212904657262 131.20000000298023
    endloop
  endfacet
  facet normal 0 0 1
    outer loop
      vertex -0.8037186497880858 -12.774742120907524 131.20000000298023
      vertex 0.5274403639526705 -8.383424517310305 131.20000000298023
      vertex -0.5274403639526705 -8.383424517310305 131.20000000298023
    endloop
  endfacet
  facet normal 0.7875970799856884 0.37061505382833465 -0.4922756559833502
    outer loop
      vertex -10.340418821905992 -5.684693352964504 63
      vertex -7.8101224800758375 -3.0922462420027457 69
      vertex -7.360976111062654 -4.04673086173654 69
    endloop
  endfacet
  facet normal 0.7349362586622432 0.46640473221195633 -0.4922756559833501
    outer loop
      vertex -9.54640053121332 -6.935865975299446 63
      vertex -7.360976111062654 -4.04673086173654 69
      vertex -6.795742751544029 -4.937396118380906 69
    endloop
  endfacet
  facet normal 0.670685053510053 0.5548389293519153 -0.49227565598335016
    outer loop
      vertex -8.601829801400163 -8.077655847918415 63
      vertex -6.795742751544029 -4.937396118380906 69
      vertex -6.12333646925361 -5.750195688780929 69
    endloop
  endfacet
  facet normal 0.5116314185152949 0.7042002343894735 -0.4922756559833501
    outer loop
      vertex -6.322756179155272 -9.963069518407483 63
      vertex -5.354361512939157 -6.472311238168476 69
      vertex -4.500945077025127 -7.092354572958779 69
    endloop
  endfacet
  facet normal 0.5958567444161786 0.6345229851312835 -0.49227565598335027
    outer loop
      vertex -7.521603077134866 -9.092056262458007 63
      vertex -6.12333646925361 -5.750195688780929 69
      vertex -5.354361512939157 -6.472311238168476 69
    endloop
  endfacet
  facet normal 0.41933735951063167 0.7627718252825111 -0.49227565598335
    outer loop
      vertex -5.0241956391989335 -10.676959216402436 63
      vertex -4.500945077025127 -7.092354572958779 69
      vertex -3.576546048512148 -7.600547239366267 69
    endloop
  endfacet
  facet normal 0.8443279255020155 0.535826794978996 3.358627472490279e-19
    outer loop
      vertex -6.795742751544029 -4.937396118380906 69
      vertex -7.360976111062654 -4.04673086173654 69
      vertex -7.360976111062654 -4.04673086173654 131.20000000298023
    endloop
  endfacet
  facet normal 0.7705132427757894 0.6374239897486895 0
    outer loop
      vertex -6.795742751544029 -4.937396118380906 69
      vertex -6.795742751544029 -4.937396118380906 131.20000000298023
      vertex -6.12333646925361 -5.750195688780929 69
    endloop
  endfacet
  facet normal 0.5877852522924724 0.8090169943749479 0
    outer loop
      vertex -5.354361512939157 -6.472311238168476 69
      vertex -5.354361512939157 -6.472311238168476 131.20000000298023
      vertex -4.500945077025127 -7.092354572958779 69
    endloop
  endfacet
  facet normal 0.6845471059286888 0.7289686274214116 3.5763327493654853e-19
    outer loop
      vertex -5.354361512939157 -6.472311238168476 69
      vertex -6.12333646925361 -5.750195688780929 69
      vertex -6.12333646925361 -5.750195688780929 131.20000000298023
    endloop
  endfacet
  facet normal 0.904827052466019 0.4257792915650736 0
    outer loop
      vertex -7.8101224800758375 -3.0922462420027457 69
      vertex -7.8101224800758375 -3.0922462420027457 131.20000000298023
      vertex -7.360976111062654 -4.04673086173654 69
    endloop
  endfacet
  facet normal 0.9510565162951536 0.30901699437494756 -4.222281910990961e-19
    outer loop
      vertex -7.8101224800758375 -3.0922462420027457 69
      vertex -8.1360985520372 -2.0889950518142038 69
      vertex -8.1360985520372 -2.0889950518142038 131.20000000298023
    endloop
  endfacet
  facet normal 0.9822872507286888 0.18738131458572424 7.974409773897686e-20
    outer loop
      vertex -8.1360985520372 -2.0889950518142038 69
      vertex -8.333763489563248 -1.0527991617533932 69
      vertex -8.333763489563248 -1.0527991617533932 131.20000000298023
    endloop
  endfacet
  facet normal 0.9980267284282716 0.06279051952931318 7.161546603904382e-20
    outer loop
      vertex -8.333763489563248 -1.0527991617533932 69
      vertex -8.399999998509884 0 69
      vertex -8.399999998509884 0 131.20000000298023
    endloop
  endfacet
  facet normal 0.36812455268467753 0.9297764858882516 0
    outer loop
      vertex -3.576546048512148 -7.600547239366267 69
      vertex -3.576546048512148 -7.600547239366267 131.20000000298023
      vertex -2.595742752289087 -7.988874735462105 69
    endloop
  endfacet
  facet normal 0.4817536741017153 0.8763066800438635 0
    outer loop
      vertex -4.500945077025127 -7.092354572958779 69
      vertex -4.500945077025127 -7.092354572958779 131.20000000298023
      vertex -3.576546048512148 -7.600547239366267 69
    endloop
  endfacet
  facet normal 0.24868988716485493 0.968583161128631 0
    outer loop
      vertex -2.595742752289087 -7.988874735462105 69
      vertex -2.595742752289087 -7.988874735462105 131.20000000298023
      vertex -1.5740030422408686 -8.251212904657262 69
    endloop
  endfacet
  facet normal 0.12533323356430467 0.9921147013144778 0
    outer loop
      vertex -1.5740030422408686 -8.251212904657262 69
      vertex -1.5740030422408686 -8.251212904657262 131.20000000298023
      vertex -0.5274403639526705 -8.383424517310305 69
    endloop
  endfacet
  facet normal 0 1 0
    outer loop
      vertex -0.5274403639526705 -8.383424517310305 69
      vertex -0.5274403639526705 -8.383424517310305 131.20000000298023
      vertex 0.5274403639526705 -8.383424517310305 69
    endloop
  endfacet
  facet normal 0.8443279255020155 0.535826794978996 0
    outer loop
      vertex -6.795742751544029 -4.937396118380906 69
      vertex -7.360976111062654 -4.04673086173654 131.20000000298023
      vertex -6.795742751544029 -4.937396118380906 131.20000000298023
    endloop
  endfacet
  facet normal 0.5877852522924724 0.8090169943749479 0
    outer loop
      vertex -4.500945077025127 -7.092354572958779 69
      vertex -5.354361512939157 -6.472311238168476 131.20000000298023
      vertex -4.500945077025127 -7.092354572958779 131.20000000298023
    endloop
  endfacet
  facet normal 0.7705132427757894 0.6374239897486895 0
    outer loop
      vertex -6.12333646925361 -5.750195688780929 69
      vertex -6.795742751544029 -4.937396118380906 131.20000000298023
      vertex -6.12333646925361 -5.750195688780929 131.20000000298023
    endloop
  endfacet
  facet normal 0.6845471059286888 0.7289686274214116 0
    outer loop
      vertex -5.354361512939157 -6.472311238168476 69
      vertex -6.12333646925361 -5.750195688780929 131.20000000298023
      vertex -5.354361512939157 -6.472311238168476 131.20000000298023
    endloop
  endfacet
  facet normal 0 0 1
    outer loop
      vertex -9.330798428821574 -8.762202953847103 131.20000000298023
      vertex -8.159027066883557 -9.862569505233795 131.20000000298023
      vertex -5.354361512939157 -6.472311238168476 131.20000000298023
    endloop
  endfacet
  facet normal 0 0 1
    outer loop
      vertex -9.330798428821574 -8.762202953847103 131.20000000298023
      vertex -5.354361512939157 -6.472311238168476 131.20000000298023
      vertex -6.12333646925361 -5.750195688780929 131.20000000298023
    endloop
  endfacet
  facet normal 0 0 1
    outer loop
      vertex -10.355417525588269 -7.52365122759192 131.20000000298023
      vertex -6.12333646925361 -5.750195688780929 131.20000000298023
      vertex -6.795742751544029 -4.937396118380906 131.20000000298023
    endloop
  endfacet
  facet normal 0 0 1
    outer loop
      vertex -11.216725501949854 -6.166447027066219 131.20000000298023
      vertex -6.795742751544029 -4.937396118380906 131.20000000298023
      vertex -7.360976111062654 -4.04673086173654 131.20000000298023
    endloop
  endfacet
  facet normal 0 0 1
    outer loop
      vertex -8.159027066883557 -9.862569505233795 131.20000000298023
      vertex -4.500945077025127 -7.092354572958779 131.20000000298023
      vertex -5.354361512939157 -6.472311238168476 131.20000000298023
    endloop
  endfacet
  facet normal 0 0 1
    outer loop
      vertex -6.8585829741342685 -10.807397443909498 131.20000000298023
      vertex -3.576546048512148 -7.600547239366267 131.20000000298023
      vertex -4.500945077025127 -7.092354572958779 131.20000000298023
    endloop
  endfacet
  facet normal 0.904827052466019 0.4257792915650736 0
    outer loop
      vertex -7.360976111062654 -4.04673086173654 69
      vertex -7.8101224800758375 -3.0922462420027457 131.20000000298023
      vertex -7.360976111062654 -4.04673086173654 131.20000000298023
    endloop
  endfacet
  facet normal 0.9510565162951536 0.30901699437494756 0
    outer loop
      vertex -7.8101224800758375 -3.0922462420027457 69
      vertex -8.1360985520372 -2.0889950518142038 131.20000000298023
      vertex -7.8101224800758375 -3.0922462420027457 131.20000000298023
    endloop
  endfacet
  facet normal 0.9822872507286888 0.18738131458572424 0
    outer loop
      vertex -8.1360985520372 -2.0889950518142038 69
      vertex -8.333763489563248 -1.0527991617533932 131.20000000298023
      vertex -8.1360985520372 -2.0889950518142038 131.20000000298023
    endloop
  endfacet
  facet normal 0.9980267284282716 0.06279051952931318 0
    outer loop
      vertex -8.333763489563248 -1.0527991617533932 69
      vertex -8.399999998509884 0 131.20000000298023
      vertex -8.333763489563248 -1.0527991617533932 131.20000000298023
    endloop
  endfacet
  facet normal 0.4817536741017153 0.8763066800438635 0
    outer loop
      vertex -3.576546048512148 -7.600547239366267 69
      vertex -4.500945077025127 -7.092354572958779 131.20000000298023
      vertex -3.576546048512148 -7.600547239366267 131.20000000298023
    endloop
  endfacet
  facet normal 0.36812455268467753 0.9297764858882516 0
    outer loop
      vertex -2.595742752289087 -7.988874735462105 69
      vertex -3.576546048512148 -7.600547239366267 131.20000000298023
      vertex -2.595742752289087 -7.988874735462105 131.20000000298023
    endloop
  endfacet
  facet normal 0.24868988716485493 0.968583161128631 0
    outer loop
      vertex -1.5740030422408686 -8.251212904657262 69
      vertex -2.595742752289087 -7.988874735462105 131.20000000298023
      vertex -1.5740030422408686 -8.251212904657262 131.20000000298023
    endloop
  endfacet
  facet normal 0.12533323356430467 0.9921147013144778 0
    outer loop
      vertex -0.5274403639526705 -8.383424517310305 69
      vertex -1.5740030422408686 -8.251212904657262 131.20000000298023
      vertex -0.5274403639526705 -8.383424517310305 131.20000000298023
    endloop
  endfacet
  facet normal 0 0 -1
    outer loop
      vertex -17.100000001490116 0 0
      vertex -16.96516139395594 2.1431982941363605 0
      vertex -12.5998567096506 1.5917320666401837 0
    endloop
  endfacet
  facet normal -0.9980267284282716 0.06279051952931289 0
    outer loop
      vertex -17.100000001490116 0 0
      vertex -17.100000001490116 0 25
      vertex -16.96516139395594 2.1431982941363605 0
    endloop
  endfacet
  facet normal 0 0 -1
    outer loop
      vertex -16.96516139395594 2.1431982941363605 0
      vertex -16.562772056742894 4.252597070889594 0
      vertex -12.301006149220218 3.15836156773481 0
    endloop
  endfacet
  facet normal -0.9822872507286887 0.18738131458572477 0
    outer loop
      vertex -16.96516139395594 2.1431982941363605 0
      vertex -16.96516139395594 2.1431982941363605 25
      vertex -16.562772056742894 4.252597070889594 0
    endloop
  endfacet
  facet normal 0 0 -1
    outer loop
      vertex -17.100000001490116 0 0
      vertex -12.5998567096506 1.5917320666401837 0
      vertex -12.700000002980232 0 0
    endloop
  endfacet
  facet normal 0 0 -1
    outer loop
      vertex -16.96516139395594 2.1431982941363605 0
      vertex -12.301006149220218 3.15836156773481 0
      vertex -12.5998567096506 1.5917320666401837 0
    endloop
  endfacet
  facet normal 0 0 -1
    outer loop
      vertex -16.562772056742894 4.252597070889594 0
      vertex -11.808161373551743 4.675181820192505 0
      vertex -12.301006149220218 3.15836156773481 0
    endloop
  endfacet
  facet normal -0.9980267284282716 0.06279051952931289 0
    outer loop
      vertex -16.96516139395594 2.1431982941363605 0
      vertex -17.100000001490116 0 25
      vertex -16.96516139395594 2.1431982941363605 25
    endloop
  endfacet
  facet normal -0.9560918696433379 0.06015220184253003 0.2868275604181054
    outer loop
      vertex -17.100000001490116 0 25
      vertex -16.200000002980232 0 28
      vertex -16.96516139395594 2.1431982941363605 25
    endloop
  endfacet
  facet normal -0.9560918696433379 0.06015220184253031 0.2868275604181056
    outer loop
      vertex -16.200000002980232 0 28
      vertex -16.072258164251274 2.030398384115248 28
      vertex -16.96516139395594 2.1431982941363605 25
    endloop
  endfacet
  facet normal -0.9822872507286887 0.18738131458572477 0
    outer loop
      vertex -16.562772056742894 4.252597070889594 0
      vertex -16.96516139395594 2.1431982941363605 25
      vertex -16.562772056742894 4.252597070889594 25
    endloop
  endfacet
  facet normal -0.9410137297174638 0.17950796937135122 0.28682756041810564
    outer loop
      vertex -16.072258164251274 2.030398384115248 28
      vertex -16.562772056742894 4.252597070889594 25
      vertex -16.96516139395594 2.1431982941363605 25
    endloop
  endfacet
  facet normal -0.9410137297174638 0.17950796937135127 0.28682756041810564
    outer loop
      vertex -16.072258164251274 2.030398384115248 28
      vertex -15.691047213170426 4.028776172811802 28
      vertex -16.562772056742894 4.252597070889594 25
    endloop
  endfacet
  facet normal -0.9510565162951535 0.3090169943749471 0
    outer loop
      vertex -16.562772056742894 4.252597070889594 0
      vertex -16.562772056742894 4.252597070889594 25
      vertex -15.899177910074576 6.29492985145654 0
    endloop
  endfacet
  facet normal -0.9048270524660194 0.42577929156507316 0
    outer loop
      vertex -15.899177910074576 6.29492985145654 0
      vertex -15.899177910074576 6.29492985145654 25
      vertex -14.984844230055865 8.237987827857202 0
    endloop
  endfacet
  facet normal 0 0 -1
    outer loop
      vertex -16.562772056742894 4.252597070889594 0
      vertex -15.899177910074576 6.29492985145654 0
      vertex -11.808161373551743 4.675181820192505 0
    endloop
  endfacet
  facet normal 0 0 -1
    outer loop
      vertex -15.899177910074576 6.29492985145654 0
      vertex -11.129094839168664 6.1182716625275235 0
      vertex -11.808161373551743 4.675181820192505 0
    endloop
  endfacet
  facet normal 0 0 -1
    outer loop
      vertex -15.899177910074576 6.29492985145654 0
      vertex -14.984844230055865 8.237987827857202 0
      vertex -11.129094839168664 6.1182716625275235 0
    endloop
  endfacet
  facet normal -0.9510565162951535 0.3090169943749471 -1.2631092280613533e-18
    outer loop
      vertex -16.562772056742894 4.252597070889594 25
      vertex -15.899177910074576 6.29492985145654 25
      vertex -15.899177910074576 6.29492985145654 0
    endloop
  endfacet
  facet normal -0.9110952411395911 0.29603278899032215 0.28682756041810564
    outer loop
      vertex -16.562772056742894 4.252597070889594 25
      vertex -15.691047213170426 4.028776172811802 28
      vertex -15.899177910074576 6.29492985145654 25
    endloop
  endfacet
  facet normal -0.9110952411395912 0.29603278899032187 0.2868275604181054
    outer loop
      vertex -15.691047213170426 4.028776172811802 28
      vertex -15.062379074160624 5.963617754588878 28
      vertex -15.899177910074576 6.29492985145654 25
    endloop
  endfacet
  facet normal -0.9048270524660194 0.42577929156507316 0
    outer loop
      vertex -14.984844230055865 8.237987827857202 0
      vertex -15.899177910074576 6.29492985145654 25
      vertex -14.984844230055865 8.237987827857202 25
    endloop
  endfacet
  facet normal -0.8668082363470307 0.4078889946855005 0.2868275604181054
    outer loop
      vertex -15.899177910074576 6.29492985145654 25
      vertex -15.062379074160624 5.963617754588878 28
      vertex -14.984844230055865 8.237987827857202 25
    endloop
  endfacet
  facet normal -0.8668082363470305 0.40788899468550077 0.28682756041810564
    outer loop
      vertex -15.062379074160624 5.963617754588878 28
      vertex -14.196168219322185 7.804409521883527 28
      vertex -14.984844230055865 8.237987827857202 25
    endloop
  endfacet
  facet normal 0.9980267284282717 -0.06279051952931361 -2.5210757535117003e-19
    outer loop
      vertex -12.700000002980232 0 0
      vertex -12.5998567096506 1.5917320666401837 0
      vertex -12.5998567096506 1.5917320666401837 25
    endloop
  endfacet
  facet normal 0.9822872507286886 -0.18738131458572435 -3.658147681667836e-19
    outer loop
      vertex -12.5998567096506 1.5917320666401837 0
      vertex -12.301006149220218 3.15836156773481 0
      vertex -12.301006149220218 3.15836156773481 25
    endloop
  endfacet
  facet normal 0.9510565162951535 -0.3090169943749477 6.044423842115591e-19
    outer loop
      vertex -12.301006149220218 3.15836156773481 0
      vertex -11.808161373551743 4.675181820192505 0
      vertex -11.808161373551743 4.675181820192505 25
    endloop
  endfacet
  facet normal 0.9980267284282717 -0.06279051952931361 0
    outer loop
      vertex -12.700000002980232 0 0
      vertex -12.5998567096506 1.5917320666401837 25
      vertex -12.700000002980232 0 25
    endloop
  endfacet
  facet normal 0.9822872507286886 -0.18738131458572435 0
    outer loop
      vertex -12.5998567096506 1.5917320666401837 0
      vertex -12.301006149220218 3.15836156773481 25
      vertex -12.5998567096506 1.5917320666401837 25
    endloop
  endfacet
  facet normal 0.9560918689921761 -0.060152201801563075 -0.2868275625972365
    outer loop
      vertex -12.700000002980232 0 25
      vertex -12.5998567096506 1.5917320666401837 25
      vertex -11.706953472554106 1.4789321556852657 28
    endloop
  endfacet
  facet normal 0.9560918689921761 -0.06015220180156278 -0.28682756259723674
    outer loop
      vertex -12.700000002980232 0 25
      vertex -11.706953472554106 1.4789321556852657 28
      vertex -11.799999997019768 0 28
    endloop
  endfacet
  facet normal 0.9410137290765711 -0.17950796924909457 -0.2868275625972365
    outer loop
      vertex -12.5998567096506 1.5917320666401837 25
      vertex -11.429281298431244 2.9345406678041335 28
      vertex -11.706953472554106 1.4789321556852657 28
    endloop
  endfacet
  facet normal 0.9510565162951535 -0.3090169943749477 0
    outer loop
      vertex -12.301006149220218 3.15836156773481 0
      vertex -11.808161373551743 4.675181820192505 25
      vertex -12.301006149220218 3.15836156773481 25
    endloop
  endfacet
  facet normal 0.9410137290765711 -0.17950796924909404 -0.28682756259723674
    outer loop
      vertex -12.5998567096506 1.5917320666401837 25
      vertex -12.301006149220218 3.15836156773481 25
      vertex -11.429281298431244 2.9345406678041335 28
    endloop
  endfacet
  facet normal 0.9110952405190749 -0.2960327887887042 -0.2868275625972368
    outer loop
      vertex -12.301006149220218 3.15836156773481 25
      vertex -10.971362530710417 4.343869720582102 28
      vertex -11.429281298431244 2.9345406678041335 28
    endloop
  endfacet
  facet normal 0.9110952405190746 -0.2960327887887047 -0.2868275625972365
    outer loop
      vertex -12.301006149220218 3.15836156773481 25
      vertex -11.808161373551743 4.675181820192505 25
      vertex -10.971362530710417 4.343869720582102 28
    endloop
  endfacet
  facet normal 0.9048270524660197 -0.4257792915650725 -7.046335719756556e-19
    outer loop
      vertex -11.808161373551743 4.675181820192505 0
      vertex -11.129094839168664 6.1182716625275235 0
      vertex -11.129094839168664 6.1182716625275235 25
    endloop
  endfacet
  facet normal 0 0 -1
    outer loop
      vertex -14.984844230055865 8.237987827857202 0
      vertex -10.274515830972891 7.464872705866146 0
      vertex -11.129094839168664 6.1182716625275235 0
    endloop
  endfacet
  facet normal 0.8443279255020154 -0.5358267949789961 -7.867142700359518e-19
    outer loop
      vertex -11.129094839168664 6.1182716625275235 0
      vertex -10.274515830972891 7.464872705866146 0
      vertex -10.274515830972891 7.464872705866146 25
    endloop
  endfacet
  facet normal 0.770513242775789 -0.6374239897486901 1.3518802116997323e-18
    outer loop
      vertex -10.274515830972891 7.464872705866146 0
      vertex -9.257901570424425 8.693748247334453 0
      vertex -9.257901570424425 8.693748247334453 25
    endloop
  endfacet
  facet normal 0.9048270524660197 -0.4257792915650725 0
    outer loop
      vertex -11.808161373551743 4.675181820192505 0
      vertex -11.129094839168664 6.1182716625275235 25
      vertex -11.808161373551743 4.675181820192505 25
    endloop
  endfacet
  facet normal 0.8668082357566771 -0.40788899440770066 -0.2868275625972365
    outer loop
      vertex -11.808161373551743 4.675181820192505 25
      vertex -10.340418821905992 5.684693352964504 28
      vertex -10.971362530710417 4.343869720582102 28
    endloop
  endfacet
  facet normal 0.8668082357566772 -0.40788899440770043 -0.28682756259723663
    outer loop
      vertex -11.808161373551743 4.675181820192505 25
      vertex -11.129094839168664 6.1182716625275235 25
      vertex -10.340418821905992 5.684693352964504 28
    endloop
  endfacet
  facet normal 0.8443279255020154 -0.5358267949789961 0
    outer loop
      vertex -11.129094839168664 6.1182716625275235 0
      vertex -10.274515830972891 7.464872705866146 25
      vertex -11.129094839168664 6.1182716625275235 25
    endloop
  endfacet
  facet normal 0.8088511473102555 -0.5133125469238129 -0.2868275625972367
    outer loop
      vertex -11.129094839168664 6.1182716625275235 25
      vertex -9.54640053121332 6.935865975299446 28
      vertex -10.340418821905992 5.684693352964504 28
    endloop
  endfacet
  facet normal 0.770513242775789 -0.6374239897486901 0
    outer loop
      vertex -10.274515830972891 7.464872705866146 0
      vertex -9.257901570424425 8.693748247334453 25
      vertex -10.274515830972891 7.464872705866146 25
    endloop
  endfacet
  facet normal 0.8088511473102559 -0.5133125469238122 -0.286827562597237
    outer loop
      vertex -11.129094839168664 6.1182716625275235 25
      vertex -10.274515830972891 7.464872705866146 25
      vertex -9.54640053121332 6.935865975299446 28
    endloop
  endfacet
  facet normal 0.7381379930864971 -0.6106408539368835 -0.28682756259723696
    outer loop
      vertex -10.274515830972891 7.464872705866146 25
      vertex -8.601829801400163 8.077655847918415 28
      vertex -9.54640053121332 6.935865975299446 28
    endloop
  endfacet
  facet normal 0.7381379930864966 -0.6106408539368844 -0.2868275625972367
    outer loop
      vertex -10.274515830972891 7.464872705866146 25
      vertex -9.257901570424425 8.693748247334453 25
      vertex -8.601829801400163 8.077655847918415 28
    endloop
  endfacet
  facet normal -0.9980267284282714 0.0627905195293132 0
    outer loop
      vertex -16.200000002980232 0 28
      vertex -16.200000002980232 0 63
      vertex -16.072258164251274 2.030398384115248 28
    endloop
  endfacet
  facet normal -0.9822872507286886 0.1873813145857248 0
    outer loop
      vertex -16.072258164251274 2.030398384115248 28
      vertex -16.072258164251274 2.030398384115248 63
      vertex -15.691047213170426 4.028776172811802 28
    endloop
  endfacet
  facet normal -0.9980267284282714 0.0627905195293132 0
    outer loop
      vertex -16.072258164251274 2.030398384115248 28
      vertex -16.200000002980232 0 63
      vertex -16.072258164251274 2.030398384115248 63
    endloop
  endfacet
  facet normal -0.8687217457723783 0.054655339571278744 0.4922756568006786
    outer loop
      vertex -16.200000002980232 0 63
      vertex -12.799999997019768 0 69
      vertex -16.072258164251274 2.030398384115248 63
    endloop
  endfacet
  facet normal -0.9822872507286886 0.1873813145857248 0
    outer loop
      vertex -15.691047213170426 4.028776172811802 28
      vertex -16.072258164251274 2.030398384115248 63
      vertex -15.691047213170426 4.028776172811802 63
    endloop
  endfacet
  facet normal -0.8550214848923312 0.16310407135928048 0.49227565680067853
    outer loop
      vertex -16.072258164251274 2.030398384115248 63
      vertex -12.699068173868584 1.60426538924957 69
      vertex -15.691047213170426 4.028776172811802 63
    endloop
  endfacet
  facet normal -0.9510565162951536 0.3090169943749468 0
    outer loop
      vertex -15.691047213170426 4.028776172811802 28
      vertex -15.691047213170426 4.028776172811802 63
      vertex -15.062379074160624 5.963617754588878 28
    endloop
  endfacet
  facet normal -0.9048270524660192 0.42577929156507344 0
    outer loop
      vertex -15.062379074160624 5.963617754588878 28
      vertex -15.062379074160624 5.963617754588878 63
      vertex -14.196168219322185 7.804409521883527 28
    endloop
  endfacet
  facet normal -0.8443279255020155 0.535826794978996 0
    outer loop
      vertex -14.196168219322185 7.804409521883527 28
      vertex -14.196168219322185 7.804409521883527 63
      vertex -13.106075311285208 9.5221210888898 28
    endloop
  endfacet
  facet normal -0.9510565162951536 0.3090169943749468 0
    outer loop
      vertex -15.062379074160624 5.963617754588878 28
      vertex -15.691047213170426 4.028776172811802 63
      vertex -15.062379074160624 5.963617754588878 63
    endloop
  endfacet
  facet normal -0.8278370244304553 0.268980554508296 0.49227565680067864
    outer loop
      vertex -15.691047213170426 4.028776172811802 63
      vertex -12.397864459559875 3.1832305549689885 69
      vertex -15.062379074160624 5.963617754588878 63
    endloop
  endfacet
  facet normal -0.7875970795674423 0.37061505363152275 0.49227565680067853
    outer loop
      vertex -15.062379074160624 5.963617754588878 63
      vertex -11.90113901659867 4.71199427326678 69
      vertex -14.196168219322185 7.804409521883527 63
    endloop
  endfacet
  facet normal -0.9048270524660192 0.42577929156507344 0
    outer loop
      vertex -14.196168219322185 7.804409521883527 28
      vertex -15.062379074160624 5.963617754588878 63
      vertex -14.196168219322185 7.804409521883527 63
    endloop
  endfacet
  facet normal -0.734936258271962 0.4664047319642764 0.49227565680067864
    outer loop
      vertex -14.196168219322185 7.804409521883527 63
      vertex -11.216725501949854 6.166447027066219 69
      vertex -13.106075311285208 9.5221210888898 63
    endloop
  endfacet
  facet normal 0.9980267284282716 -0.06279051952931329 -9.492611855060477e-20
    outer loop
      vertex -11.799999997019768 0 28
      vertex -11.706953472554106 1.4789321556852657 28
      vertex -11.706953472554106 1.4789321556852657 63
    endloop
  endfacet
  facet normal 0.9980267284282714 -0.0627905195293143 0
    outer loop
      vertex -11.799999997019768 0 28
      vertex -11.749668263216847 0.8 55
      vertex -11.799999997019768 0 55
    endloop
  endfacet
  facet normal 0.9980267284282718 -0.06279051952931092 -9.995256717476174e-17
    outer loop
      vertex -11.799999997019768 0 28
      vertex -11.706953472554106 1.4789321556852657 63
      vertex -11.749668263216847 0.8 55
    endloop
  endfacet
  facet normal 0.9822872507286886 -0.18738131458572493 2.324196001081712e-19
    outer loop
      vertex -11.706953472554106 1.4789321556852657 28
      vertex -11.429281298431244 2.9345406678041335 28
      vertex -11.429281298431244 2.9345406678041335 63
    endloop
  endfacet
  facet normal 0.9510565162951536 -0.3090169943749472 -9.298513669313752e-19
    outer loop
      vertex -11.429281298431244 2.9345406678041335 28
      vertex -10.971362530710417 4.343869720582102 28
      vertex -10.971362530710417 4.343869720582102 63
    endloop
  endfacet
  facet normal 0.9980267284282716 -0.0627905195293143 0
    outer loop
      vertex -11.799999997019768 0 56
      vertex -11.749668263216847 0.8 56
      vertex -11.799999997019768 0 59
    endloop
  endfacet
  facet normal 0.9822872507286886 -0.18738131458572493 0
    outer loop
      vertex -11.706953472554106 1.4789321556852657 28
      vertex -11.429281298431244 2.9345406678041335 63
      vertex -11.706953472554106 1.4789321556852657 63
    endloop
  endfacet
  facet normal 0.9980267284282716 -0.0627905195293143 0
    outer loop
      vertex -11.799999997019768 0 63
      vertex -11.799999997019768 0 60
      vertex -11.749668263216847 0.8 60
    endloop
  endfacet
  facet normal 0.9980267284282716 -0.0627905195293143 0
    outer loop
      vertex -11.749668263216847 0.8 56
      vertex -11.749668263216847 0.8 59
      vertex -11.799999997019768 0 59
    endloop
  endfacet
  facet normal 0.9980267284282716 -0.06279051952931214 -5.557434464804206e-19
    outer loop
      vertex -11.706953472554106 1.4789321556852657 63
      vertex -11.749668263216847 0.8 56
      vertex -11.749668263216847 0.8 55
    endloop
  endfacet
  facet normal 0.9980267284282716 -0.0627905195293121 -1.8524781549347341e-19
    outer loop
      vertex -11.706953472554106 1.4789321556852657 63
      vertex -11.749668263216847 0.8 59
      vertex -11.749668263216847 0.8 56
    endloop
  endfacet
  facet normal 0.9980267284282716 -0.0627905195293121 -5.557434464804202e-19
    outer loop
      vertex -11.706953472554106 1.4789321556852657 63
      vertex -11.749668263216847 0.8 60
      vertex -11.749668263216847 0.8 59
    endloop
  endfacet
  facet normal 0.9980267284282717 -0.0627905195293133 2.6967160562677756e-16
    outer loop
      vertex -11.799999997019768 0 63
      vertex -11.749668263216847 0.8 60
      vertex -11.706953472554106 1.4789321556852657 63
    endloop
  endfacet
  facet normal 0.9510565162951536 -0.3090169943749472 0
    outer loop
      vertex -11.429281298431244 2.9345406678041335 28
      vertex -10.971362530710417 4.343869720582102 63
      vertex -11.429281298431244 2.9345406678041335 63
    endloop
  endfacet
  facet normal 0.8687217462337052 -0.054655339600303054 -0.4922756559833502
    outer loop
      vertex -11.799999997019768 0 63
      vertex -11.706953472554106 1.4789321556852657 63
      vertex -8.333763489563248 1.0527991617533932 69
    endloop
  endfacet
  facet normal 0.8550214853463828 -0.16310407144589553 -0.49227565598335005
    outer loop
      vertex -11.706953472554106 1.4789321556852657 63
      vertex -11.429281298431244 2.9345406678041335 63
      vertex -8.1360985520372 2.0889950518142038 69
    endloop
  endfacet
  facet normal 0.8278370248700705 -0.2689805546511359 -0.4922756559833501
    outer loop
      vertex -11.429281298431244 2.9345406678041335 63
      vertex -10.971362530710417 4.343869720582102 63
      vertex -7.8101224800758375 3.0922462420027457 69
    endloop
  endfacet
  facet normal 0.9048270524660196 -0.4257792915650727 -8.344112475938603e-19
    outer loop
      vertex -10.971362530710417 4.343869720582102 28
      vertex -10.340418821905992 5.684693352964504 28
      vertex -10.340418821905992 5.684693352964504 63
    endloop
  endfacet
  facet normal 0.844327925502015 -0.5358267949789969 -4.716065765341965e-19
    outer loop
      vertex -10.340418821905992 5.684693352964504 28
      vertex -9.54640053121332 6.935865975299446 28
      vertex -9.54640053121332 6.935865975299446 63
    endloop
  endfacet
  facet normal 0.7705132427757895 -0.6374239897486893 1.5273447850627501e-18
    outer loop
      vertex -9.54640053121332 6.935865975299446 28
      vertex -8.601829801400163 8.077655847918415 28
      vertex -8.601829801400163 8.077655847918415 63
    endloop
  endfacet
  facet normal 0.9048270524660196 -0.4257792915650727 0
    outer loop
      vertex -10.971362530710417 4.343869720582102 28
      vertex -10.340418821905992 5.684693352964504 63
      vertex -10.971362530710417 4.343869720582102 63
    endloop
  endfacet
  facet normal 0.844327925502015 -0.5358267949789969 0
    outer loop
      vertex -10.340418821905992 5.684693352964504 28
      vertex -9.54640053121332 6.935865975299446 63
      vertex -10.340418821905992 5.684693352964504 63
    endloop
  endfacet
  facet normal 0.7875970799856888 -0.3706150538283339 -0.49227565598335027
    outer loop
      vertex -10.971362530710417 4.343869720582102 63
      vertex -10.340418821905992 5.684693352964504 63
      vertex -7.360976111062654 4.04673086173654 69
    endloop
  endfacet
  facet normal 0.7349362586622428 -0.4664047322119571 -0.4922756559833501
    outer loop
      vertex -10.340418821905992 5.684693352964504 63
      vertex -9.54640053121332 6.935865975299446 63
      vertex -6.795742751544029 4.937396118380906 69
    endloop
  endfacet
  facet normal 0.7705132427757895 -0.6374239897486893 0
    outer loop
      vertex -9.54640053121332 6.935865975299446 28
      vertex -8.601829801400163 8.077655847918415 63
      vertex -9.54640053121332 6.935865975299446 63
    endloop
  endfacet
  facet normal 0 0 -1
    outer loop
      vertex -14.984844230055865 8.237987827857202 0
      vertex -13.834190605017131 10.051127815077159 0
      vertex -10.274515830972891 7.464872705866146 0
    endloop
  endfacet
  facet normal -0.8443279255020153 0.5358267949789963 0
    outer loop
      vertex -14.984844230055865 8.237987827857202 0
      vertex -14.984844230055865 8.237987827857202 25
      vertex -13.834190605017131 10.051127815077159 0
    endloop
  endfacet
  facet normal -0.7705132427757893 0.6374239897486896 0
    outer loop
      vertex -13.834190605017131 10.051127815077159 0
      vertex -13.834190605017131 10.051127815077159 25
      vertex -12.465363529992388 11.705755512400629 0
    endloop
  endfacet
  facet normal -0.8443279255020153 0.5358267949789963 -3.752779836113222e-18
    outer loop
      vertex -14.984844230055865 8.237987827857202 25
      vertex -13.834190605017131 10.051127815077159 25
      vertex -13.834190605017131 10.051127815077159 0
    endloop
  endfacet
  facet normal -0.8088511478611371 0.5133125472734122 0.28682756041810564
    outer loop
      vertex -14.984844230055865 8.237987827857202 25
      vertex -14.196168219322185 7.804409521883527 28
      vertex -13.834190605017131 10.051127815077159 25
    endloop
  endfacet
  facet normal -0.8088511478611373 0.513312547273412 0.2868275604181054
    outer loop
      vertex -14.196168219322185 7.804409521883527 28
      vertex -13.106075311285208 9.5221210888898 28
      vertex -13.834190605017131 10.051127815077159 25
    endloop
  endfacet
  facet normal -0.7381379935892177 0.6106408543527709 0.2868275604181054
    outer loop
      vertex -13.106075311285208 9.5221210888898 28
      vertex -12.465363529992388 11.705755512400629 25
      vertex -13.834190605017131 10.051127815077159 25
    endloop
  endfacet
  facet normal -0.7705132427757893 0.6374239897486896 3.386436654514581e-18
    outer loop
      vertex -13.834190605017131 10.051127815077159 25
      vertex -12.465363529992388 11.705755512400629 25
      vertex -12.465363529992388 11.705755512400629 0
    endloop
  endfacet
  facet normal 0 0 -1
    outer loop
      vertex -13.834190605017131 10.051127815077159 0
      vertex -12.465363529992388 11.705755512400629 0
      vertex -9.257901570424425 8.693748247334453 0
    endloop
  endfacet
  facet normal 0 0 -1
    outer loop
      vertex -10.274515830972891 7.464872705866146 0
      vertex -13.834190605017131 10.051127815077159 0
      vertex -9.257901570424425 8.693748247334453 0
    endloop
  endfacet
  facet normal -0.6845471059286892 0.728968627421411 0
    outer loop
      vertex -12.465363529992388 11.705755512400629 0
      vertex -12.465363529992388 11.705755512400629 25
      vertex -10.899950225652429 13.175776452614153 0
    endloop
  endfacet
  facet normal 0 0 -1
    outer loop
      vertex -12.465363529992388 11.705755512400629 0
      vertex -8.09528467170803 9.785518185548833 0
      vertex -9.257901570424425 8.693748247334453 0
    endloop
  endfacet
  facet normal 0 0 -1
    outer loop
      vertex -12.465363529992388 11.705755512400629 0
      vertex -10.899950225652429 13.175776452614153 0
      vertex -8.09528467170803 9.785518185548833 0
    endloop
  endfacet
  facet normal 0 0 -1
    outer loop
      vertex -10.899950225652429 13.175776452614153 0
      vertex -6.805000297830146 10.722964656391884 0
      vertex -8.09528467170803 9.785518185548833 0
    endloop
  endfacet
  facet normal 0 0 -1
    outer loop
      vertex -10.899950225652429 13.175776452614153 0
      vertex -9.162638194939287 14.438007527342602 0
      vertex -6.805000297830146 10.722964656391884 0
    endloop
  endfacet
  facet normal -0.6845471059286892 0.728968627421411 3.998882883681365e-19
    outer loop
      vertex -12.465363529992388 11.705755512400629 25
      vertex -10.899950225652429 13.175776452614153 25
      vertex -10.899950225652429 13.175776452614153 0
    endloop
  endfacet
  facet normal -0.7381379935892176 0.610640854352771 0.2868275604181056
    outer loop
      vertex -13.106075311285208 9.5221210888898 28
      vertex -11.809291766399365 11.089663118084863 28
      vertex -12.465363529992388 11.705755512400629 25
    endloop
  endfacet
  facet normal -0.655783962216133 0.6983389903798207 0.2868275604181056
    outer loop
      vertex -12.465363529992388 11.705755512400629 25
      vertex -11.809291766399365 11.089663118084863 28
      vertex -10.899950225652429 13.175776452614153 25
    endloop
  endfacet
  facet normal -0.655783962216133 0.6983389903798207 0.28682756041810564
    outer loop
      vertex -11.809291766399365 11.089663118084863 28
      vertex -10.326268635828443 12.482314535264097 28
      vertex -10.899950225652429 13.175776452614153 25
    endloop
  endfacet
  facet normal 0.6845471059286887 -0.7289686274214113 0
    outer loop
      vertex -9.257901570424425 8.693748247334453 0
      vertex -8.09528467170803 9.785518185548833 25
      vertex -9.257901570424425 8.693748247334453 25
    endloop
  endfacet
  facet normal -0.5877852522924719 0.8090169943749483 0
    outer loop
      vertex -10.899950225652429 13.175776452614153 0
      vertex -10.899950225652429 13.175776452614153 25
      vertex -9.162638194939287 14.438007527342602 0
    endloop
  endfacet
  facet normal -0.5877852522924719 0.8090169943749483 0
    outer loop
      vertex -9.162638194939287 14.438007527342602 0
      vertex -10.899950225652429 13.175776452614153 25
      vertex -9.162638194939287 14.438007527342602 25
    endloop
  endfacet
  facet normal -0.5630878260125475 0.7750239033610905 0.28682756041810564
    outer loop
      vertex -10.326268635828443 12.482314535264097 28
      vertex -9.162638194939287 14.438007527342602 25
      vertex -10.899950225652429 13.175776452614153 25
    endloop
  endfacet
  facet normal -0.5630878260125481 0.7750239033610902 0.28682756041810514
    outer loop
      vertex -10.326268635828443 12.482314535264097 28
      vertex -8.680394080256635 13.678112395648936 28
      vertex -9.162638194939287 14.438007527342602 25
    endloop
  endfacet
  facet normal -0.8443279255020155 0.535826794978996 -1.3207956654344101e-18
    outer loop
      vertex -14.196168219322185 7.804409521883527 63
      vertex -13.106075311285208 9.5221210888898 63
      vertex -13.106075311285208 9.5221210888898 28
    endloop
  endfacet
  facet normal -0.770513242775789 0.6374239897486899 0
    outer loop
      vertex -13.106075311285208 9.5221210888898 28
      vertex -13.106075311285208 9.5221210888898 63
      vertex -11.809291766399365 11.089663118084863 28
    endloop
  endfacet
  facet normal -0.6845471059286891 0.7289686274214111 0
    outer loop
      vertex -11.809291766399365 11.089663118084863 28
      vertex -11.809291766399365 11.089663118084863 63
      vertex -10.326268635828443 12.482314535264097 28
    endloop
  endfacet
  facet normal -0.770513242775789 0.6374239897486899 0
    outer loop
      vertex -11.809291766399365 11.089663118084863 28
      vertex -13.106075311285208 9.5221210888898 63
      vertex -11.809291766399365 11.089663118084863 63
    endloop
  endfacet
  facet normal -0.6706850531538916 0.5548389290572734 0.4922756568006786
    outer loop
      vertex -13.106075311285208 9.5221210888898 63
      vertex -10.355417525588269 7.52365122759192 69
      vertex -11.809291766399365 11.089663118084863 63
    endloop
  endfacet
  facet normal -0.6845471059286891 0.7289686274214111 0
    outer loop
      vertex -10.326268635828443 12.482314535264097 28
      vertex -11.809291766399365 11.089663118084863 63
      vertex -10.326268635828443 12.482314535264097 63
    endloop
  endfacet
  facet normal -0.5958567440997546 0.6345229847943256 0.49227565680067864
    outer loop
      vertex -11.809291766399365 11.089663118084863 63
      vertex -9.330798428821574 8.762202953847103 69
      vertex -10.326268635828443 12.482314535264097 63
    endloop
  endfacet
  facet normal -0.5116314182435978 0.7042002340155143 0.4922756568006786
    outer loop
      vertex -10.326268635828443 12.482314535264097 63
      vertex -8.159027066883557 9.862569505233795 69
      vertex -8.680394080256635 13.678112395648936 63
    endloop
  endfacet
  facet normal -0.5877852522924726 0.8090169943749479 0
    outer loop
      vertex -10.326268635828443 12.482314535264097 28
      vertex -10.326268635828443 12.482314535264097 63
      vertex -8.680394080256635 13.678112395648936 28
    endloop
  endfacet
  facet normal -0.5877852522924726 0.8090169943749479 0
    outer loop
      vertex -8.680394080256635 13.678112395648936 28
      vertex -10.326268635828443 12.482314535264097 63
      vertex -8.680394080256635 13.678112395648936 63
    endloop
  endfacet
  facet normal 0.6845471059286893 -0.728968627421411 0
    outer loop
      vertex -8.601829801400163 8.077655847918415 28
      vertex -7.521603077134866 9.092056262458007 63
      vertex -8.601829801400163 8.077655847918415 63
    endloop
  endfacet
  facet normal 0.6706850535100533 -0.554838929351915 -0.4922756559833501
    outer loop
      vertex -9.54640053121332 6.935865975299446 63
      vertex -8.601829801400163 8.077655847918415 63
      vertex -6.12333646925361 5.750195688780929 69
    endloop
  endfacet
  facet normal 0.5958567444161791 -0.634522985131283 -0.49227565598335027
    outer loop
      vertex -8.601829801400163 8.077655847918415 63
      vertex -7.521603077134866 9.092056262458007 63
      vertex -5.354361512939157 6.472311238168476 69
    endloop
  endfacet
  facet normal 0.6845471059286887 -0.7289686274214113 5.449952720890399e-19
    outer loop
      vertex -9.257901570424425 8.693748247334453 0
      vertex -8.09528467170803 9.785518185548833 0
      vertex -8.09528467170803 9.785518185548833 25
    endloop
  endfacet
  facet normal 0.587785252292473 -0.8090169943749476 -1.904207074103043e-18
    outer loop
      vertex -8.09528467170803 9.785518185548833 0
      vertex -6.805000297830146 10.722964656391884 0
      vertex -6.805000297830146 10.722964656391884 25
    endloop
  endfacet
  facet normal 0 0 -1
    outer loop
      vertex -9.162638194939287 14.438007527342602 0
      vertex -5.407397004145345 11.491303569015042 0
      vertex -6.805000297830146 10.722964656391884 0
    endloop
  endfacet
  facet normal 0.48175367410171516 -0.8763066800438637 8.653452809492158e-19
    outer loop
      vertex -6.805000297830146 10.722964656391884 0
      vertex -5.407397004145345 11.491303569015042 0
      vertex -5.407397004145345 11.491303569015042 25
    endloop
  endfacet
  facet normal 0.3681245526846783 -0.9297764858882512 -2.3561450090454586e-19
    outer loop
      vertex -5.407397004145345 11.491303569015042 0
      vertex -3.9245158294827744 12.07841775978282 0
      vertex -3.9245158294827744 12.07841775978282 25
    endloop
  endfacet
  facet normal 0.587785252292473 -0.8090169943749476 0
    outer loop
      vertex -8.09528467170803 9.785518185548833 0
      vertex -6.805000297830146 10.722964656391884 25
      vertex -8.09528467170803 9.785518185548833 25
    endloop
  endfacet
  facet normal 0.6557839617695008 -0.6983389899042056 -0.2868275625972366
    outer loop
      vertex -8.601829801400163 8.077655847918415 28
      vertex -9.257901570424425 8.693748247334453 25
      vertex -7.521603077134866 9.092056262458007 28
    endloop
  endfacet
  facet normal 0.6557839617695004 -0.6983389899042061 -0.2868275625972363
    outer loop
      vertex -9.257901570424425 8.693748247334453 25
      vertex -8.09528467170803 9.785518185548833 25
      vertex -7.521603077134866 9.092056262458007 28
    endloop
  endfacet
  facet normal 0.5630878256290474 -0.7750239028332483 -0.28682756259723624
    outer loop
      vertex -7.521603077134866 9.092056262458007 28
      vertex -8.09528467170803 9.785518185548833 25
      vertex -6.322756179155272 9.963069518407483 28
    endloop
  endfacet
  facet normal 0.5630878256290484 -0.7750239028332471 -0.28682756259723696
    outer loop
      vertex -8.09528467170803 9.785518185548833 25
      vertex -6.805000297830146 10.722964656391884 25
      vertex -6.322756179155272 9.963069518407483 28
    endloop
  endfacet
  facet normal 0.4615114581060652 -0.839486225837769 -0.286827562597237
    outer loop
      vertex -6.805000297830146 10.722964656391884 25
      vertex -5.024195639198937 10.676959216402436 28
      vertex -6.322756179155272 9.963069518407483 28
    endloop
  endfacet
  facet normal 0.48175367410171516 -0.8763066800438637 0
    outer loop
      vertex -6.805000297830146 10.722964656391884 0
      vertex -5.407397004145345 11.491303569015042 25
      vertex -6.805000297830146 10.722964656391884 25
    endloop
  endfacet
  facet normal 0.3681245526846783 -0.9297764858882512 0
    outer loop
      vertex -5.407397004145345 11.491303569015042 0
      vertex -3.9245158294827744 12.07841775978282 25
      vertex -5.407397004145345 11.491303569015042 25
    endloop
  endfacet
  facet normal 0.46151145810606425 -0.8394862258377698 -0.2868275625972364
    outer loop
      vertex -6.805000297830146 10.722964656391884 25
      vertex -5.407397004145345 11.491303569015042 25
      vertex -5.024195639198937 10.676959216402436 28
    endloop
  endfacet
  facet normal 0.3526567791951653 -0.8907093495760672 -0.2868275625972364
    outer loop
      vertex -5.407397004145345 11.491303569015042 25
      vertex -3.646400532703437 11.222466889448443 28
      vertex -5.024195639198937 10.676959216402436 28
    endloop
  endfacet
  facet normal 0.352656779195166 -0.890709349576067 -0.28682756259723674
    outer loop
      vertex -5.407397004145345 11.491303569015042 25
      vertex -3.9245158294827744 12.07841775978282 25
      vertex -3.646400532703437 11.222466889448443 28
    endloop
  endfacet
  facet normal 0 0 -1
    outer loop
      vertex -9.162638194939287 14.438007527342602 0
      vertex -7.280825886397204 15.472542598517231 0
      vertex -5.407397004145345 11.491303569015042 0
    endloop
  endfacet
  facet normal -0.481753674101716 0.8763066800438631 0
    outer loop
      vertex -9.162638194939287 14.438007527342602 0
      vertex -9.162638194939287 14.438007527342602 25
      vertex -7.280825886397204 15.472542598517231 0
    endloop
  endfacet
  facet normal -0.3681245526846775 0.9297764858882517 0
    outer loop
      vertex -7.280825886397204 15.472542598517231 0
      vertex -7.280825886397204 15.472542598517231 25
      vertex -5.284190604272072 16.26306643006431 0
    endloop
  endfacet
  facet normal 0 0 -1
    outer loop
      vertex -5.407397004145345 11.491303569015042 0
      vertex -7.280825886397204 15.472542598517231 0
      vertex -3.9245158294827744 12.07841775978282 0
    endloop
  endfacet
  facet normal 0 0 -1
    outer loop
      vertex -7.280825886397204 15.472542598517231 0
      vertex -5.284190604272072 16.26306643006431 0
      vertex -3.9245158294827744 12.07841775978282 0
    endloop
  endfacet
  facet normal -0.2486898871648557 0.9685831611286309 0
    outer loop
      vertex -5.284190604272072 16.26306643006431 0
      vertex -5.284190604272072 16.26306643006431 25
      vertex -3.20422047969511 16.7971119889243 0
    endloop
  endfacet
  facet normal -0.4615114584203849 0.8394862264095151 0.2868275604181051
    outer loop
      vertex -8.680394080256635 13.678112395648936 28
      vertex -7.280825886397204 15.472542598517231 25
      vertex -9.162638194939287 14.438007527342602 25
    endloop
  endfacet
  facet normal -0.46151145842038444 0.8394862264095152 0.2868275604181054
    outer loop
      vertex -8.680394080256635 13.678112395648936 28
      vertex -6.897624524623099 14.65819825264611 28
      vertex -7.280825886397204 15.472542598517231 25
    endloop
  endfacet
  facet normal -0.481753674101716 0.8763066800438631 -4.125664767178089e-19
    outer loop
      vertex -9.162638194939287 14.438007527342602 25
      vertex -7.280825886397204 15.472542598517231 25
      vertex -7.280825886397204 15.472542598517231 0
    endloop
  endfacet
  facet normal -0.35265677943534784 0.8907093501826994 0.2868275604181054
    outer loop
      vertex -6.897624524623099 14.65819825264611 28
      vertex -5.284190604272072 16.26306643006431 25
      vertex -7.280825886397204 15.472542598517231 25
    endloop
  endfacet
  facet normal -0.3681245526846775 0.9297764858882517 0
    outer loop
      vertex -5.284190604272072 16.26306643006431 0
      vertex -7.280825886397204 15.472542598517231 25
      vertex -5.284190604272072 16.26306643006431 25
    endloop
  endfacet
  facet normal -0.35265677943534757 0.8907093501826995 0.28682756041810564
    outer loop
      vertex -6.897624524623099 14.65819825264611 28
      vertex -5.00607530979509 15.407115566815856 28
      vertex -5.284190604272072 16.26306643006431 25
    endloop
  endfacet
  facet normal -0.23824049237166928 0.9278854554195267 0.28682756041810564
    outer loop
      vertex -5.00607530979509 15.407115566815856 28
      vertex -3.20422047969511 16.7971119889243 25
      vertex -5.284190604272072 16.26306643006431 25
    endloop
  endfacet
  facet normal 0.24868988716485546 -0.968583161128631 -3.231191085328348e-20
    outer loop
      vertex -3.9245158294827744 12.07841775978282 0
      vertex -2.379742695797142 12.475048087181792 0
      vertex -2.379742695797142 12.475048087181792 25
    endloop
  endfacet
  facet normal 0.1253332335643029 -0.9921147013144779 -1.5197656831437138e-19
    outer loop
      vertex -2.379742695797142 12.475048087181792 0
      vertex -0.7974395982094089 12.6749394540134 0
      vertex -0.7974395982094089 12.6749394540134 25
    endloop
  endfacet
  facet normal 0.24868988716485546 -0.968583161128631 0
    outer loop
      vertex -3.9245158294827744 12.07841775978282 0
      vertex -2.379742695797142 12.475048087181792 25
      vertex -3.9245158294827744 12.07841775978282 25
    endloop
  endfacet
  facet normal 0.23824049220941118 -0.9278854547875753 -0.28682756259723674
    outer loop
      vertex -3.646400532703437 11.222466889448443 28
      vertex -3.9245158294827744 12.07841775978282 25
      vertex -2.21109951155311 11.590989555671083 28
    endloop
  endfacet
  facet normal 0.23824049220941143 -0.9278854547875753 -0.28682756259723685
    outer loop
      vertex -3.9245158294827744 12.07841775978282 25
      vertex -2.379742695797142 12.475048087181792 25
      vertex -2.21109951155311 11.590989555671083 28
    endloop
  endfacet
  facet normal 0.1253332335643029 -0.9921147013144779 0
    outer loop
      vertex -2.379742695797142 12.475048087181792 0
      vertex -0.7974395982094089 12.6749394540134 25
      vertex -2.379742695797142 12.475048087181792 25
    endloop
  endfacet
  facet normal 0 -1 0
    outer loop
      vertex -0.7974395982094089 12.6749394540134 0
      vertex 0.7974395982094089 12.6749394540134 25
      vertex -0.7974395982094089 12.6749394540134 25
    endloop
  endfacet
  facet normal 0.12006701034354202 -0.9504282520851808 -0.28682756259723696
    outer loop
      vertex -2.21109951155311 11.590989555671083 28
      vertex -2.379742695797142 12.475048087181792 25
      vertex -0.7409281302587664 11.776715392479254 28
    endloop
  endfacet
  facet normal 0.12006701034354066 -0.9504282520851812 -0.2868275625972363
    outer loop
      vertex -2.379742695797142 12.475048087181792 25
      vertex -0.7974395982094089 12.6749394540134 25
      vertex -0.7409281302587664 11.776715392479254 28
    endloop
  endfacet
  facet normal 0 -0.9579822280890855 -0.2868275625972362
    outer loop
      vertex -0.7409281302587664 11.776715392479254 28
      vertex -0.7974395982094089 12.6749394540134 25
      vertex 0.7409281302587664 11.776715392479254 28
    endloop
  endfacet
  facet normal 0 0 -1
    outer loop
      vertex -5.284190604272072 16.26306643006431 0
      vertex -2.379742695797142 12.475048087181792 0
      vertex -3.9245158294827744 12.07841775978282 0
    endloop
  endfacet
  facet normal 0 0 -1
    outer loop
      vertex -5.284190604272072 16.26306643006431 0
      vertex -3.20422047969511 16.7971119889243 0
      vertex -2.379742695797142 12.475048087181792 0
    endloop
  endfacet
  facet normal -0.12533323356430406 0.9921147013144778 0
    outer loop
      vertex -3.20422047969511 16.7971119889243 0
      vertex -3.20422047969511 16.7971119889243 25
      vertex -1.0737178840448223 17.06625705761062 0
    endloop
  endfacet
  facet normal 0 0 -1
    outer loop
      vertex -2.379742695797142 12.475048087181792 0
      vertex -3.20422047969511 16.7971119889243 0
      vertex -0.7974395982094089 12.6749394540134 0
    endloop
  endfacet
  facet normal 0 0 -1
    outer loop
      vertex -0.7974395982094089 12.6749394540134 0
      vertex -1.0737178840448223 17.06625705761062 0
      vertex 0.7974395982094089 12.6749394540134 0
    endloop
  endfacet
  facet normal 0 0 -1
    outer loop
      vertex -0.7974395982094089 12.6749394540134 0
      vertex -3.20422047969511 16.7971119889243 0
      vertex -1.0737178840448223 17.06625705761062 0
    endloop
  endfacet
  facet normal 0 1 0
    outer loop
      vertex -1.0737178840448223 17.06625705761062 0
      vertex -1.0737178840448223 17.06625705761062 25
      vertex 1.0737178840448223 17.06625705761062 0
    endloop
  endfacet
  facet normal -0.2486898871648557 0.9685831611286309 1.1426482309435437e-18
    outer loop
      vertex -5.284190604272072 16.26306643006431 25
      vertex -3.20422047969511 16.7971119889243 25
      vertex -3.20422047969511 16.7971119889243 0
    endloop
  endfacet
  facet normal -0.23824049237166894 0.9278854554195267 0.28682756041810575
    outer loop
      vertex -5.00607530979509 15.407115566815856 28
      vertex -3.035577296847178 15.9130534647322 28
      vertex -3.20422047969511 16.7971119889243 25
    endloop
  endfacet
  facet normal -0.1200670104253153 0.9504282527324853 0.28682756041810575
    outer loop
      vertex -3.035577296847178 15.9130534647322 28
      vertex -1.0737178840448223 17.06625705761062 25
      vertex -3.20422047969511 16.7971119889243 25
    endloop
  endfacet
  facet normal -0.12533323356430406 0.9921147013144778 0
    outer loop
      vertex -1.0737178840448223 17.06625705761062 0
      vertex -3.20422047969511 16.7971119889243 25
      vertex -1.0737178840448223 17.06625705761062 25
    endloop
  endfacet
  facet normal -0.12006701042531456 0.9504282527324853 0.2868275604181063
    outer loop
      vertex -3.035577296847178 15.9130534647322 28
      vertex -1.0172064165620054 16.16803300351235 28
      vertex -1.0737178840448223 17.06625705761062 25
    endloop
  endfacet
  facet normal 0 0.9579822287415344 0.28682756041810625
    outer loop
      vertex -1.0737178840448223 17.06625705761062 25
      vertex -1.0172064165620054 16.16803300351235 28
      vertex 1.0737178840448223 17.06625705761062 25
    endloop
  endfacet
  facet normal 0.6845471059286893 -0.728968627421411 -1.1663016124343934e-18
    outer loop
      vertex -8.601829801400163 8.077655847918415 28
      vertex -7.521603077134866 9.092056262458007 28
      vertex -7.521603077134866 9.092056262458007 63
    endloop
  endfacet
  facet normal 0.5877852522924717 -0.8090169943749483 6.552520533294815e-19
    outer loop
      vertex -7.521603077134866 9.092056262458007 28
      vertex -6.322756179155272 9.963069518407483 28
      vertex -6.322756179155272 9.963069518407483 63
    endloop
  endfacet
  facet normal 0.4817536741017163 -0.876306680043863 6.9327977785532285e-19
    outer loop
      vertex -6.322756179155272 9.963069518407483 28
      vertex -5.024195639198937 10.676959216402436 28
      vertex -5.024195639198937 10.676959216402436 63
    endloop
  endfacet
  facet normal 0.5877852522924717 -0.8090169943749483 0
    outer loop
      vertex -7.521603077134866 9.092056262458007 28
      vertex -6.322756179155272 9.963069518407483 63
      vertex -7.521603077134866 9.092056262458007 63
    endloop
  endfacet
  facet normal 0.4817536741017163 -0.876306680043863 0
    outer loop
      vertex -6.322756179155272 9.963069518407483 28
      vertex -5.024195639198937 10.676959216402436 63
      vertex -6.322756179155272 9.963069518407483 63
    endloop
  endfacet
  facet normal 0.5116314185152944 -0.704200234389474 -0.4922756559833501
    outer loop
      vertex -7.521603077134866 9.092056262458007 63
      vertex -6.322756179155272 9.963069518407483 63
      vertex -4.500945077025127 7.092354572958779 69
    endloop
  endfacet
  facet normal 0.41933735951063217 -0.7627718252825108 -0.4922756559833502
    outer loop
      vertex -6.322756179155272 9.963069518407483 63
      vertex -5.024195639198937 10.676959216402436 63
      vertex -3.5765460485121503 7.600547239366266 69
    endloop
  endfacet
  facet normal 0.3681245526846776 -0.9297764858882516 0
    outer loop
      vertex -5.024195639198937 10.676959216402436 28
      vertex -3.646400532703437 11.222466889448443 63
      vertex -5.024195639198937 10.676959216402436 63
    endloop
  endfacet
  facet normal -0.48175367410171555 0.8763066800438635 0
    outer loop
      vertex -8.680394080256635 13.678112395648936 28
      vertex -8.680394080256635 13.678112395648936 63
      vertex -6.897624524623099 14.65819825264611 28
    endloop
  endfacet
  facet normal -0.36812455268467725 0.9297764858882518 0
    outer loop
      vertex -6.897624524623099 14.65819825264611 28
      vertex -6.897624524623099 14.65819825264611 63
      vertex -5.00607530979509 15.407115566815856 28
    endloop
  endfacet
  facet normal -0.2486898871648554 0.9685831611286309 0
    outer loop
      vertex -5.00607530979509 15.407115566815856 28
      vertex -5.00607530979509 15.407115566815856 63
      vertex -3.035577296847178 15.9130534647322 28
    endloop
  endfacet
  facet normal -0.48175367410171555 0.8763066800438635 -1.1431532861619816e-18
    outer loop
      vertex -8.680394080256635 13.678112395648936 63
      vertex -6.897624524623099 14.65819825264611 63
      vertex -6.897624524623099 14.65819825264611 28
    endloop
  endfacet
  facet normal -0.41933735928794624 0.762771824877448 0.4922756568006787
    outer loop
      vertex -8.680394080256635 13.678112395648936 63
      vertex -6.8585829741342685 10.807397443909498 69
      vertex -6.897624524623099 14.65819825264611 63
    endloop
  endfacet
  facet normal -0.320430099676326 0.8093140484032637 0.49227565680067864
    outer loop
      vertex -6.897624524623099 14.65819825264611 63
      vertex -5.44997493076401 11.581786268868454 69
      vertex -5.00607530979509 15.407115566815856 63
    endloop
  endfacet
  facet normal -0.36812455268467725 0.9297764858882518 0
    outer loop
      vertex -5.00607530979509 15.407115566815856 28
      vertex -6.897624524623099 14.65819825264611 63
      vertex -5.00607530979509 15.407115566815856 63
    endloop
  endfacet
  facet normal 0.3681245526846776 -0.9297764858882516 2.708485427560535e-19
    outer loop
      vertex -5.024195639198937 10.676959216402436 28
      vertex -3.646400532703437 11.222466889448443 28
      vertex -3.646400532703437 11.222466889448443 63
    endloop
  endfacet
  facet normal 0.24868988716485518 -0.968583161128631 -1.5041410852682306e-19
    outer loop
      vertex -3.646400532703437 11.222466889448443 28
      vertex -2.21109951155311 11.590989555671083 28
      vertex -2.21109951155311 11.590989555671083 63
    endloop
  endfacet
  facet normal 0.1253332335643043 -0.9921147013144778 4.523797410596121e-19
    outer loop
      vertex -2.21109951155311 11.590989555671083 28
      vertex -0.7409281302587664 11.776715392479254 28
      vertex -0.7409281302587664 11.776715392479254 63
    endloop
  endfacet
  facet normal 0.32043009984648785 -0.8093140488330424 -0.4922756559833502
    outer loop
      vertex -5.024195639198937 10.676959216402436 63
      vertex -3.646400532703437 11.222466889448443 63
      vertex -2.595742752289087 7.988874735462105 69
    endloop
  endfacet
  facet normal 0.21646946609210285 -0.8430929063726976 -0.49227565598335016
    outer loop
      vertex -3.646400532703437 11.222466889448443 63
      vertex -2.21109951155311 11.590989555671083 63
      vertex -1.5740030422408664 8.251212904657264 69
    endloop
  endfacet
  facet normal 0.24868988716485518 -0.968583161128631 0
    outer loop
      vertex -3.646400532703437 11.222466889448443 28
      vertex -2.21109951155311 11.590989555671083 63
      vertex -3.646400532703437 11.222466889448443 63
    endloop
  endfacet
  facet normal 0.10909497954485343 -0.8635756851395656 -0.4922756559833504
    outer loop
      vertex -2.21109951155311 11.590989555671083 63
      vertex -0.7409281302587664 11.776715392479254 63
      vertex -0.5274403639526664 8.383424517310305 69
    endloop
  endfacet
  facet normal 0.1253332335643043 -0.9921147013144778 0
    outer loop
      vertex -2.21109951155311 11.590989555671083 28
      vertex -0.7409281302587664 11.776715392479254 63
      vertex -2.21109951155311 11.590989555671083 63
    endloop
  endfacet
  facet normal 0 -1 0
    outer loop
      vertex -0.7409281302587664 11.776715392479254 28
      vertex 0.7409281302587664 11.776715392479254 63
      vertex -0.7409281302587664 11.776715392479254 63
    endloop
  endfacet
  facet normal -0.1253332335643033 0.9921147013144779 0
    outer loop
      vertex -3.035577296847178 15.9130534647322 28
      vertex -3.035577296847178 15.9130534647322 63
      vertex -1.0172064165620054 16.16803300351235 28
    endloop
  endfacet
  facet normal 0 1 0
    outer loop
      vertex -1.0172064165620054 16.16803300351235 28
      vertex -1.0172064165620054 16.16803300351235 63
      vertex 1.0172064165620054 16.16803300351235 28
    endloop
  endfacet
  facet normal -0.21646946597714897 0.8430929059249809 0.4922756568006785
    outer loop
      vertex -5.00607530979509 15.407115566815856 63
      vertex -3.9554175270783842 12.173523405743596 69
      vertex -3.035577296847178 15.9130534647322 63
    endloop
  endfacet
  facet normal -0.10909497948691864 0.8635756846809719 0.49227565680067853
    outer loop
      vertex -3.035577296847178 15.9130534647322 63
      vertex -2.398480826138835 12.573276806399772 69
      vertex -1.0172064165620054 16.16803300351235 63
    endloop
  endfacet
  facet normal -0.2486898871648554 0.9685831611286309 0
    outer loop
      vertex -3.035577296847178 15.9130534647322 28
      vertex -5.00607530979509 15.407115566815856 63
      vertex -3.035577296847178 15.9130534647322 63
    endloop
  endfacet
  facet normal -0.1253332335643033 0.9921147013144779 0
    outer loop
      vertex -1.0172064165620054 16.16803300351235 28
      vertex -3.035577296847178 15.9130534647322 63
      vertex -1.0172064165620054 16.16803300351235 63
    endloop
  endfacet
  facet normal 0 0.8704393590144351 0.4922756568006785
    outer loop
      vertex -1.0172064165620054 16.16803300351235 63
      vertex -0.8037186497880796 12.774742120907524 69
      vertex 1.0172064165620054 16.16803300351235 63
    endloop
  endfacet
  facet normal -0.8687217457723783 0.05465533957127899 0.49227565680067864
    outer loop
      vertex -16.072258164251274 2.030398384115248 63
      vertex -12.799999997019768 0 69
      vertex -12.699068173868584 1.60426538924957 69
    endloop
  endfacet
  facet normal -0.8550214848923313 0.16310407135928046 0.4922756568006786
    outer loop
      vertex -15.691047213170426 4.028776172811802 63
      vertex -12.699068173868584 1.60426538924957 69
      vertex -12.397864459559875 3.1832305549689885 69
    endloop
  endfacet
  facet normal -0.8278370244304554 0.2689805545082957 0.4922756568006786
    outer loop
      vertex -15.062379074160624 5.963617754588878 63
      vertex -12.397864459559875 3.1832305549689885 69
      vertex -11.90113901659867 4.71199427326678 69
    endloop
  endfacet
  facet normal 0.868721746233705 -0.054655339600302943 -0.49227565598335016
    outer loop
      vertex -11.799999997019768 0 63
      vertex -8.333763489563248 1.0527991617533932 69
      vertex -8.399999998509884 0 69
    endloop
  endfacet
  facet normal 0.8550214853463829 -0.16310407144589492 -0.49227565598335016
    outer loop
      vertex -11.706953472554106 1.4789321556852657 63
      vertex -8.1360985520372 2.0889950518142038 69
      vertex -8.333763489563248 1.0527991617533932 69
    endloop
  endfacet
  facet normal 0.8278370248700704 -0.2689805546511365 -0.49227565598335005
    outer loop
      vertex -11.429281298431244 2.9345406678041335 63
      vertex -7.8101224800758375 3.0922462420027457 69
      vertex -8.1360985520372 2.0889950518142038 69
    endloop
  endfacet
  facet normal 0.7875970799856885 -0.37061505382833443 -0.4922756559833501
    outer loop
      vertex -10.971362530710417 4.343869720582102 63
      vertex -7.360976111062654 4.04673086173654 69
      vertex -7.8101224800758375 3.0922462420027457 69
    endloop
  endfacet
  facet normal -0.9980267284282716 0.06279051952931348 0
    outer loop
      vertex -12.799999997019768 0 69
      vertex -12.799999997019768 0 131.20000000298023
      vertex -12.699068173868584 1.60426538924957 69
    endloop
  endfacet
  facet normal -0.9822872507286887 0.1873813145857247 0
    outer loop
      vertex -12.699068173868584 1.60426538924957 69
      vertex -12.699068173868584 1.60426538924957 131.20000000298023
      vertex -12.397864459559875 3.1832305549689885 69
    endloop
  endfacet
  facet normal -0.9510565162951539 0.30901699437494656 0
    outer loop
      vertex -12.397864459559875 3.1832305549689885 69
      vertex -12.397864459559875 3.1832305549689885 131.20000000298023
      vertex -11.90113901659867 4.71199427326678 69
    endloop
  endfacet
  facet normal -0.7875970795674421 0.37061505363152303 0.49227565680067853
    outer loop
      vertex -14.196168219322185 7.804409521883527 63
      vertex -11.90113901659867 4.71199427326678 69
      vertex -11.216725501949854 6.166447027066219 69
    endloop
  endfacet
  facet normal -0.7349362582719621 0.4664047319642763 0.49227565680067864
    outer loop
      vertex -13.106075311285208 9.5221210888898 63
      vertex -11.216725501949854 6.166447027066219 69
      vertex -10.355417525588269 7.52365122759192 69
    endloop
  endfacet
  facet normal -0.904827052466019 0.42577929156507377 0
    outer loop
      vertex -11.90113901659867 4.71199427326678 69
      vertex -11.90113901659867 4.71199427326678 131.20000000298023
      vertex -11.216725501949854 6.166447027066219 69
    endloop
  endfacet
  facet normal -0.8443279255020155 0.5358267949789959 0
    outer loop
      vertex -11.216725501949854 6.166447027066219 69
      vertex -11.216725501949854 6.166447027066219 131.20000000298023
      vertex -10.355417525588269 7.52365122759192 69
    endloop
  endfacet
  facet normal -0.7705132427757889 0.6374239897486901 0
    outer loop
      vertex -10.355417525588269 7.52365122759192 69
      vertex -10.355417525588269 7.52365122759192 131.20000000298023
      vertex -9.330798428821574 8.762202953847103 69
    endloop
  endfacet
  facet normal -0.9980267284282716 0.06279051952931348 0
    outer loop
      vertex -12.699068173868584 1.60426538924957 69
      vertex -12.799999997019768 0 131.20000000298023
      vertex -12.699068173868584 1.60426538924957 131.20000000298023
    endloop
  endfacet
  facet normal -0.9822872507286887 0.1873813145857247 0
    outer loop
      vertex -12.397864459559875 3.1832305549689885 69
      vertex -12.699068173868584 1.60426538924957 131.20000000298023
      vertex -12.397864459559875 3.1832305549689885 131.20000000298023
    endloop
  endfacet
  facet normal -0.9510565162951539 0.30901699437494656 0
    outer loop
      vertex -11.90113901659867 4.71199427326678 69
      vertex -12.397864459559875 3.1832305549689885 131.20000000298023
      vertex -11.90113901659867 4.71199427326678 131.20000000298023
    endloop
  endfacet
  facet normal 0 0 1
    outer loop
      vertex -12.799999997019768 0 131.20000000298023
      vertex -8.399999998509884 0 131.20000000298023
      vertex -12.699068173868584 1.60426538924957 131.20000000298023
    endloop
  endfacet
  facet normal 0 0 1
    outer loop
      vertex -12.699068173868584 1.60426538924957 131.20000000298023
      vertex -8.333763489563248 1.0527991617533932 131.20000000298023
      vertex -12.397864459559875 3.1832305549689885 131.20000000298023
    endloop
  endfacet
  facet normal 0 0 1
    outer loop
      vertex -12.397864459559875 3.1832305549689885 131.20000000298023
      vertex -8.1360985520372 2.0889950518142038 131.20000000298023
      vertex -11.90113901659867 4.71199427326678 131.20000000298023
    endloop
  endfacet
  facet normal 0 0 1
    outer loop
      vertex -12.699068173868584 1.60426538924957 131.20000000298023
      vertex -8.399999998509884 0 131.20000000298023
      vertex -8.333763489563248 1.0527991617533932 131.20000000298023
    endloop
  endfacet
  facet normal 0 0 1
    outer loop
      vertex -12.397864459559875 3.1832305549689885 131.20000000298023
      vertex -8.333763489563248 1.0527991617533932 131.20000000298023
      vertex -8.1360985520372 2.0889950518142038 131.20000000298023
    endloop
  endfacet
  facet normal 0 0 1
    outer loop
      vertex -11.90113901659867 4.71199427326678 131.20000000298023
      vertex -8.1360985520372 2.0889950518142038 131.20000000298023
      vertex -7.8101224800758375 3.0922462420027457 131.20000000298023
    endloop
  endfacet
  facet normal -0.904827052466019 0.42577929156507377 0
    outer loop
      vertex -11.216725501949854 6.166447027066219 69
      vertex -11.90113901659867 4.71199427326678 131.20000000298023
      vertex -11.216725501949854 6.166447027066219 131.20000000298023
    endloop
  endfacet
  facet normal -0.8443279255020155 0.5358267949789959 0
    outer loop
      vertex -10.355417525588269 7.52365122759192 69
      vertex -11.216725501949854 6.166447027066219 131.20000000298023
      vertex -10.355417525588269 7.52365122759192 131.20000000298023
    endloop
  endfacet
  facet normal -0.7705132427757889 0.6374239897486901 -8.262576282737661e-19
    outer loop
      vertex -10.355417525588269 7.52365122759192 131.20000000298023
      vertex -9.330798428821574 8.762202953847103 131.20000000298023
      vertex -9.330798428821574 8.762202953847103 69
    endloop
  endfacet
  facet normal 0 0 1
    outer loop
      vertex -11.90113901659867 4.71199427326678 131.20000000298023
      vertex -7.8101224800758375 3.0922462420027457 131.20000000298023
      vertex -11.216725501949854 6.166447027066219 131.20000000298023
    endloop
  endfacet
  facet normal 0 0 1
    outer loop
      vertex -11.216725501949854 6.166447027066219 131.20000000298023
      vertex -7.360976111062654 4.04673086173654 131.20000000298023
      vertex -10.355417525588269 7.52365122759192 131.20000000298023
    endloop
  endfacet
  facet normal 0 0 1
    outer loop
      vertex -11.216725501949854 6.166447027066219 131.20000000298023
      vertex -7.8101224800758375 3.0922462420027457 131.20000000298023
      vertex -7.360976111062654 4.04673086173654 131.20000000298023
    endloop
  endfacet
  facet normal 0 0 1
    outer loop
      vertex -10.355417525588269 7.52365122759192 131.20000000298023
      vertex -6.795742751544029 4.937396118380906 131.20000000298023
      vertex -9.330798428821574 8.762202953847103 131.20000000298023
    endloop
  endfacet
  facet normal -0.6706850531538915 0.5548389290572736 0.49227565680067864
    outer loop
      vertex -11.809291766399365 11.089663118084863 63
      vertex -10.355417525588269 7.52365122759192 69
      vertex -9.330798428821574 8.762202953847103 69
    endloop
  endfacet
  facet normal -0.5958567440997549 0.6345229847943253 0.4922756568006784
    outer loop
      vertex -10.326268635828443 12.482314535264097 63
      vertex -9.330798428821574 8.762202953847103 69
      vertex -8.159027066883557 9.862569505233795 69
    endloop
  endfacet
  facet normal -0.6845471059286893 0.728968627421411 0
    outer loop
      vertex -9.330798428821574 8.762202953847103 69
      vertex -9.330798428821574 8.762202953847103 131.20000000298023
      vertex -8.159027066883557 9.862569505233795 69
    endloop
  endfacet
  facet normal 0.9980267284282716 -0.06279051952931318 -7.161546603904382e-20
    outer loop
      vertex -8.399999998509884 0 69
      vertex -8.333763489563248 1.0527991617533932 69
      vertex -8.333763489563248 1.0527991617533932 131.20000000298023
    endloop
  endfacet
  facet normal 0.9822872507286888 -0.18738131458572424 -7.974409773897686e-20
    outer loop
      vertex -8.333763489563248 1.0527991617533932 69
      vertex -8.1360985520372 2.0889950518142038 69
      vertex -8.1360985520372 2.0889950518142038 131.20000000298023
    endloop
  endfacet
  facet normal 0.9510565162951536 -0.30901699437494756 4.222281910990961e-19
    outer loop
      vertex -8.1360985520372 2.0889950518142038 69
      vertex -7.8101224800758375 3.0922462420027457 69
      vertex -7.8101224800758375 3.0922462420027457 131.20000000298023
    endloop
  endfacet
  facet normal 0.904827052466019 -0.4257792915650736 1.135160615248747e-19
    outer loop
      vertex -7.8101224800758375 3.0922462420027457 69
      vertex -7.360976111062654 4.04673086173654 69
      vertex -7.360976111062654 4.04673086173654 131.20000000298023
    endloop
  endfacet
  facet normal 0.7349362586622432 -0.46640473221195633 -0.49227565598335027
    outer loop
      vertex -10.340418821905992 5.684693352964504 63
      vertex -6.795742751544029 4.937396118380906 69
      vertex -7.360976111062654 4.04673086173654 69
    endloop
  endfacet
  facet normal 0.670685053510053 -0.5548389293519153 -0.4922756559833501
    outer loop
      vertex -9.54640053121332 6.935865975299446 63
      vertex -6.12333646925361 5.750195688780929 69
      vertex -6.795742751544029 4.937396118380906 69
    endloop
  endfacet
  facet normal 0.5958567444161788 -0.6345229851312836 -0.49227565598335016
    outer loop
      vertex -8.601829801400163 8.077655847918415 63
      vertex -5.354361512939157 6.472311238168476 69
      vertex -6.12333646925361 5.750195688780929 69
    endloop
  endfacet
  facet normal 0.5116314185152948 -0.7042002343894735 -0.49227565598335027
    outer loop
      vertex -7.521603077134866 9.092056262458007 63
      vertex -4.500945077025127 7.092354572958779 69
      vertex -5.354361512939157 6.472311238168476 69
    endloop
  endfacet
  facet normal 0.4193373595106316 -0.7627718252825112 -0.49227565598335005
    outer loop
      vertex -6.322756179155272 9.963069518407483 63
      vertex -3.5765460485121503 7.600547239366266 69
      vertex -4.500945077025127 7.092354572958779 69
    endloop
  endfacet
  facet normal 0.8443279255020155 -0.535826794978996 -3.358627472490279e-19
    outer loop
      vertex -7.360976111062654 4.04673086173654 69
      vertex -6.795742751544029 4.937396118380906 69
      vertex -6.795742751544029 4.937396118380906 131.20000000298023
    endloop
  endfacet
  facet normal 0.7705132427757894 -0.6374239897486895 -2.794154851565109e-19
    outer loop
      vertex -6.795742751544029 4.937396118380906 69
      vertex -6.12333646925361 5.750195688780929 69
      vertex -6.12333646925361 5.750195688780929 131.20000000298023
    endloop
  endfacet
  facet normal 0.6845471059286888 -0.7289686274214116 -3.5763327493654853e-19
    outer loop
      vertex -6.12333646925361 5.750195688780929 69
      vertex -5.354361512939157 6.472311238168476 69
      vertex -5.354361512939157 6.472311238168476 131.20000000298023
    endloop
  endfacet
  facet normal 0.5877852522924724 -0.8090169943749479 -3.6346433576519355e-19
    outer loop
      vertex -5.354361512939157 6.472311238168476 69
      vertex -4.500945077025127 7.092354572958779 69
      vertex -4.500945077025127 7.092354572958779 131.20000000298023
    endloop
  endfacet
  facet normal 0.48175367410171566 -0.8763066800438635 2.3215482483968917e-19
    outer loop
      vertex -4.500945077025127 7.092354572958779 69
      vertex -3.5765460485121503 7.600547239366266 69
      vertex -3.5765460485121503 7.600547239366266 131.20000000298023
    endloop
  endfacet
  facet normal 0.3681245526846776 -0.9297764858882517 -3.340823940084411e-19
    outer loop
      vertex -3.5765460485121503 7.600547239366266 69
      vertex -2.595742752289087 7.988874735462105 69
      vertex -2.595742752289087 7.988874735462105 131.20000000298023
    endloop
  endfacet
  facet normal 0.24868988716485602 -0.9685831611286309 -4.1057549252701195e-19
    outer loop
      vertex -2.595742752289087 7.988874735462105 69
      vertex -1.5740030422408664 8.251212904657264 69
      vertex -1.5740030422408664 8.251212904657264 131.20000000298023
    endloop
  endfacet
  facet normal 0.1253332335643028 -0.992114701314478 4.801436603961016e-21
    outer loop
      vertex -1.5740030422408664 8.251212904657264 69
      vertex -0.5274403639526664 8.383424517310305 69
      vertex -0.5274403639526664 8.383424517310305 131.20000000298023
    endloop
  endfacet
  facet normal 0.9980267284282716 -0.06279051952931318 0
    outer loop
      vertex -8.399999998509884 0 69
      vertex -8.333763489563248 1.0527991617533932 131.20000000298023
      vertex -8.399999998509884 0 131.20000000298023
    endloop
  endfacet
  facet normal 0.9822872507286888 -0.18738131458572424 0
    outer loop
      vertex -8.333763489563248 1.0527991617533932 69
      vertex -8.1360985520372 2.0889950518142038 131.20000000298023
      vertex -8.333763489563248 1.0527991617533932 131.20000000298023
    endloop
  endfacet
  facet normal 0.9510565162951536 -0.30901699437494756 0
    outer loop
      vertex -8.1360985520372 2.0889950518142038 69
      vertex -7.8101224800758375 3.0922462420027457 131.20000000298023
      vertex -8.1360985520372 2.0889950518142038 131.20000000298023
    endloop
  endfacet
  facet normal 0.904827052466019 -0.4257792915650736 0
    outer loop
      vertex -7.8101224800758375 3.0922462420027457 69
      vertex -7.360976111062654 4.04673086173654 131.20000000298023
      vertex -7.8101224800758375 3.0922462420027457 131.20000000298023
    endloop
  endfacet
  facet normal 0.8443279255020155 -0.535826794978996 0
    outer loop
      vertex -7.360976111062654 4.04673086173654 69
      vertex -6.795742751544029 4.937396118380906 131.20000000298023
      vertex -7.360976111062654 4.04673086173654 131.20000000298023
    endloop
  endfacet
  facet normal 0.7705132427757894 -0.6374239897486895 0
    outer loop
      vertex -6.795742751544029 4.937396118380906 69
      vertex -6.12333646925361 5.750195688780929 131.20000000298023
      vertex -6.795742751544029 4.937396118380906 131.20000000298023
    endloop
  endfacet
  facet normal 0.6845471059286888 -0.7289686274214116 0
    outer loop
      vertex -6.12333646925361 5.750195688780929 69
      vertex -5.354361512939157 6.472311238168476 131.20000000298023
      vertex -6.12333646925361 5.750195688780929 131.20000000298023
    endloop
  endfacet
  facet normal 0.5877852522924724 -0.8090169943749479 0
    outer loop
      vertex -5.354361512939157 6.472311238168476 69
      vertex -4.500945077025127 7.092354572958779 131.20000000298023
      vertex -5.354361512939157 6.472311238168476 131.20000000298023
    endloop
  endfacet
  facet normal 0 0 1
    outer loop
      vertex -10.355417525588269 7.52365122759192 131.20000000298023
      vertex -7.360976111062654 4.04673086173654 131.20000000298023
      vertex -6.795742751544029 4.937396118380906 131.20000000298023
    endloop
  endfacet
  facet normal 0 0 1
    outer loop
      vertex -9.330798428821574 8.762202953847103 131.20000000298023
      vertex -6.12333646925361 5.750195688780929 131.20000000298023
      vertex -8.159027066883557 9.862569505233795 131.20000000298023
    endloop
  endfacet
  facet normal 0 0 1
    outer loop
      vertex -9.330798428821574 8.762202953847103 131.20000000298023
      vertex -6.795742751544029 4.937396118380906 131.20000000298023
      vertex -6.12333646925361 5.750195688780929 131.20000000298023
    endloop
  endfacet
  facet normal 0 0 1
    outer loop
      vertex -6.12333646925361 5.750195688780929 131.20000000298023
      vertex -5.354361512939157 6.472311238168476 131.20000000298023
      vertex -8.159027066883557 9.862569505233795 131.20000000298023
    endloop
  endfacet
  facet normal 0 0 1
    outer loop
      vertex -5.354361512939157 6.472311238168476 131.20000000298023
      vertex -4.500945077025127 7.092354572958779 131.20000000298023
      vertex -6.8585829741342685 10.807397443909498 131.20000000298023
    endloop
  endfacet
  facet normal 0.48175367410171566 -0.8763066800438635 0
    outer loop
      vertex -4.500945077025127 7.092354572958779 69
      vertex -3.5765460485121503 7.600547239366266 131.20000000298023
      vertex -4.500945077025127 7.092354572958779 131.20000000298023
    endloop
  endfacet
  facet normal 0.3681245526846776 -0.9297764858882517 0
    outer loop
      vertex -3.5765460485121503 7.600547239366266 69
      vertex -2.595742752289087 7.988874735462105 131.20000000298023
      vertex -3.5765460485121503 7.600547239366266 131.20000000298023
    endloop
  endfacet
  facet normal 0.24868988716485602 -0.9685831611286309 0
    outer loop
      vertex -2.595742752289087 7.988874735462105 69
      vertex -1.5740030422408664 8.251212904657264 131.20000000298023
      vertex -2.595742752289087 7.988874735462105 131.20000000298023
    endloop
  endfacet
  facet normal 0.1253332335643028 -0.992114701314478 0
    outer loop
      vertex -1.5740030422408664 8.251212904657264 69
      vertex -0.5274403639526664 8.383424517310305 131.20000000298023
      vertex -1.5740030422408664 8.251212904657264 131.20000000298023
    endloop
  endfacet
  facet normal 0 -1 0
    outer loop
      vertex -0.5274403639526664 8.383424517310305 69
      vertex 0.5274403639526664 8.383424517310305 131.20000000298023
      vertex -0.5274403639526664 8.383424517310305 131.20000000298023
    endloop
  endfacet
  facet normal -0.5116314182435971 0.7042002340155148 0.4922756568006788
    outer loop
      vertex -8.680394080256635 13.678112395648936 63
      vertex -8.159027066883557 9.862569505233795 69
      vertex -6.8585829741342685 10.807397443909498 69
    endloop
  endfacet
  facet normal -0.4193373592879467 0.7627718248774479 0.49227565680067875
    outer loop
      vertex -6.897624524623099 14.65819825264611 63
      vertex -6.8585829741342685 10.807397443909498 69
      vertex -5.44997493076401 11.581786268868454 69
    endloop
  endfacet
  facet normal -0.5877852522924719 0.8090169943749485 0
    outer loop
      vertex -8.159027066883557 9.862569505233795 69
      vertex -8.159027066883557 9.862569505233795 131.20000000298023
      vertex -6.8585829741342685 10.807397443909498 69
    endloop
  endfacet
  facet normal -0.48175367410171593 0.8763066800438633 0
    outer loop
      vertex -6.8585829741342685 10.807397443909498 69
      vertex -6.8585829741342685 10.807397443909498 131.20000000298023
      vertex -5.44997493076401 11.581786268868454 69
    endloop
  endfacet
  facet normal -0.3681245526846783 0.9297764858882511 0
    outer loop
      vertex -5.44997493076401 11.581786268868454 69
      vertex -5.44997493076401 11.581786268868454 131.20000000298023
      vertex -3.9554175270783842 12.173523405743596 69
    endloop
  endfacet
  facet normal -0.3204300996763271 0.8093140484032635 0.4922756568006784
    outer loop
      vertex -5.00607530979509 15.407115566815856 63
      vertex -5.44997493076401 11.581786268868454 69
      vertex -3.9554175270783842 12.173523405743596 69
    endloop
  endfacet
  facet normal 0.32043009984648785 -0.8093140488330424 -0.49227565598335027
    outer loop
      vertex -5.024195639198937 10.676959216402436 63
      vertex -2.595742752289087 7.988874735462105 69
      vertex -3.5765460485121503 7.600547239366266 69
    endloop
  endfacet
  facet normal 0.2164694660921035 -0.8430929063726974 -0.4922756559833502
    outer loop
      vertex -3.646400532703437 11.222466889448443 63
      vertex -1.5740030422408664 8.251212904657264 69
      vertex -2.595742752289087 7.988874735462105 69
    endloop
  endfacet
  facet normal 0.10909497954485209 -0.863575685139566 -0.49227565598335005
    outer loop
      vertex -2.21109951155311 11.590989555671083 63
      vertex -0.5274403639526664 8.383424517310305 69
      vertex -1.5740030422408664 8.251212904657264 69
    endloop
  endfacet
  facet normal 0 -0.8704393594766737 -0.4922756559833503
    outer loop
      vertex -0.7409281302587664 11.776715392479254 63
      vertex 0.5274403639526664 8.383424517310305 69
      vertex -0.5274403639526664 8.383424517310305 69
    endloop
  endfacet
  facet normal -0.2486898871648552 0.968583161128631 0
    outer loop
      vertex -3.9554175270783842 12.173523405743596 69
      vertex -3.9554175270783842 12.173523405743596 131.20000000298023
      vertex -2.398480826138835 12.573276806399772 69
    endloop
  endfacet
  facet normal -0.1253332335643033 0.992114701314478 0
    outer loop
      vertex -2.398480826138835 12.573276806399772 69
      vertex -2.398480826138835 12.573276806399772 131.20000000298023
      vertex -0.8037186497880796 12.774742120907524 69
    endloop
  endfacet
  facet normal 0 1 0
    outer loop
      vertex -0.8037186497880796 12.774742120907524 69
      vertex -0.8037186497880796 12.774742120907524 131.20000000298023
      vertex 0.8037186497880796 12.774742120907524 69
    endloop
  endfacet
  facet normal -0.2164694659771488 0.843092905924981 0.4922756568006785
    outer loop
      vertex -3.035577296847178 15.9130534647322 63
      vertex -3.9554175270783842 12.173523405743596 69
      vertex -2.398480826138835 12.573276806399772 69
    endloop
  endfacet
  facet normal -0.10909497948691861 0.8635756846809719 0.4922756568006785
    outer loop
      vertex -1.0172064165620054 16.16803300351235 63
      vertex -2.398480826138835 12.573276806399772 69
      vertex -0.8037186497880796 12.774742120907524 69
    endloop
  endfacet
  facet normal -0.6845471059286893 0.728968627421411 -8.399958124189487e-19
    outer loop
      vertex -9.330798428821574 8.762202953847103 131.20000000298023
      vertex -8.159027066883557 9.862569505233795 131.20000000298023
      vertex -8.159027066883557 9.862569505233795 69
    endloop
  endfacet
  facet normal -0.5877852522924719 0.8090169943749485 0
    outer loop
      vertex -6.8585829741342685 10.807397443909498 69
      vertex -8.159027066883557 9.862569505233795 131.20000000298023
      vertex -6.8585829741342685 10.807397443909498 131.20000000298023
    endloop
  endfacet
  facet normal -0.48175367410171593 0.8763066800438633 0
    outer loop
      vertex -5.44997493076401 11.581786268868454 69
      vertex -6.8585829741342685 10.807397443909498 131.20000000298023
      vertex -5.44997493076401 11.581786268868454 131.20000000298023
    endloop
  endfacet
  facet normal -0.3681245526846783 0.9297764858882511 0
    outer loop
      vertex -3.9554175270783842 12.173523405743596 69
      vertex -5.44997493076401 11.581786268868454 131.20000000298023
      vertex -3.9554175270783842 12.173523405743596 131.20000000298023
    endloop
  endfacet
  facet normal 0 0 1
    outer loop
      vertex -5.354361512939157 6.472311238168476 131.20000000298023
      vertex -6.8585829741342685 10.807397443909498 131.20000000298023
      vertex -8.159027066883557 9.862569505233795 131.20000000298023
    endloop
  endfacet
  facet normal 0 0 1
    outer loop
      vertex -4.500945077025127 7.092354572958779 131.20000000298023
      vertex -5.44997493076401 11.581786268868454 131.20000000298023
      vertex -6.8585829741342685 10.807397443909498 131.20000000298023
    endloop
  endfacet
  facet normal 0 0 1
    outer loop
      vertex -4.500945077025127 7.092354572958779 131.20000000298023
      vertex -3.5765460485121503 7.600547239366266 131.20000000298023
      vertex -5.44997493076401 11.581786268868454 131.20000000298023
    endloop
  endfacet
  facet normal 0 0 1
    outer loop
      vertex -3.5765460485121503 7.600547239366266 131.20000000298023
      vertex -3.9554175270783842 12.173523405743596 131.20000000298023
      vertex -5.44997493076401 11.581786268868454 131.20000000298023
    endloop
  endfacet
  facet normal -0.2486898871648552 0.968583161128631 0
    outer loop
      vertex -2.398480826138835 12.573276806399772 69
      vertex -3.9554175270783842 12.173523405743596 131.20000000298023
      vertex -2.398480826138835 12.573276806399772 131.20000000298023
    endloop
  endfacet
  facet normal -0.1253332335643033 0.992114701314478 0
    outer loop
      vertex -0.8037186497880796 12.774742120907524 69
      vertex -2.398480826138835 12.573276806399772 131.20000000298023
      vertex -0.8037186497880796 12.774742120907524 131.20000000298023
    endloop
  endfacet
  facet normal 0 0 1
    outer loop
      vertex -3.5765460485121503 7.600547239366266 131.20000000298023
      vertex -2.595742752289087 7.988874735462105 131.20000000298023
      vertex -3.9554175270783842 12.173523405743596 131.20000000298023
    endloop
  endfacet
  facet normal 0 0 1
    outer loop
      vertex -2.595742752289087 7.988874735462105 131.20000000298023
      vertex -1.5740030422408664 8.251212904657264 131.20000000298023
      vertex -2.398480826138835 12.573276806399772 131.20000000298023
    endloop
  endfacet
  facet normal 0 0 1
    outer loop
      vertex -2.595742752289087 7.988874735462105 131.20000000298023
      vertex -2.398480826138835 12.573276806399772 131.20000000298023
      vertex -3.9554175270783842 12.173523405743596 131.20000000298023
    endloop
  endfacet
  facet normal 0 0 1
    outer loop
      vertex -1.5740030422408664 8.251212904657264 131.20000000298023
      vertex -0.5274403639526664 8.383424517310305 131.20000000298023
      vertex -0.8037186497880796 12.774742120907524 131.20000000298023
    endloop
  endfacet
  facet normal 0 0 1
    outer loop
      vertex -1.5740030422408664 8.251212904657264 131.20000000298023
      vertex -0.8037186497880796 12.774742120907524 131.20000000298023
      vertex -2.398480826138835 12.573276806399772 131.20000000298023
    endloop
  endfacet
  facet normal 0 0 1
    outer loop
      vertex -0.5274403639526664 8.383424517310305 131.20000000298023
      vertex 0.8037186497880796 12.774742120907524 131.20000000298023
      vertex -0.8037186497880796 12.774742120907524 131.20000000298023
    endloop
  endfacet
  facet normal 0 0 -1
    outer loop
      vertex 1.0737178840448305 -17.06625705761062 0
      vertex 0.7974395982094151 -12.6749394540134 0
      vertex 3.2042204796951146 -16.797111988924296 0
    endloop
  endfacet
  facet normal 0 -1 0
    outer loop
      vertex -1.0737178840448305 -17.06625705761062 0
      vertex 1.0737178840448305 -17.06625705761062 0
      vertex 1.0737178840448305 -17.06625705761062 25
    endloop
  endfacet
  facet normal 0 0 -1
    outer loop
      vertex -0.7974395982094151 -12.6749394540134 0
      vertex 0.7974395982094151 -12.6749394540134 0
      vertex 1.0737178840448305 -17.06625705761062 0
    endloop
  endfacet
  facet normal 0 0 -1
    outer loop
      vertex 3.2042204796951146 -16.797111988924296 0
      vertex 0.7974395982094151 -12.6749394540134 0
      vertex 2.379742695797145 -12.47504808718179 0
    endloop
  endfacet
  facet normal 0 0 -1
    outer loop
      vertex 3.2042204796951146 -16.797111988924296 0
      vertex 2.379742695797145 -12.47504808718179 0
      vertex 5.284190604272072 -16.26306643006431 0
    endloop
  endfacet
  facet normal 0.12533323356430592 -0.9921147013144777 -6.780756128889555e-19
    outer loop
      vertex 1.0737178840448305 -17.06625705761062 0
      vertex 3.2042204796951146 -16.797111988924296 0
      vertex 3.2042204796951146 -16.797111988924296 25
    endloop
  endfacet
  facet normal 0 0 -1
    outer loop
      vertex 2.379742695797145 -12.47504808718179 0
      vertex 3.9245158294827744 -12.07841775978282 0
      vertex 5.284190604272072 -16.26306643006431 0
    endloop
  endfacet
  facet normal 0.12533323356430592 -0.9921147013144777 0
    outer loop
      vertex 1.0737178840448305 -17.06625705761062 0
      vertex 3.2042204796951146 -16.797111988924296 25
      vertex 1.0737178840448305 -17.06625705761062 25
    endloop
  endfacet
  facet normal 0 -0.9579822287415344 0.28682756041810625
    outer loop
      vertex -1.0737178840448305 -17.06625705761062 25
      vertex 1.0737178840448305 -17.06625705761062 25
      vertex 1.0172064165620134 -16.16803300351235 28
    endloop
  endfacet
  facet normal 0.12006701042531563 -0.9504282527324851 0.28682756041810625
    outer loop
      vertex 1.0172064165620134 -16.16803300351235 28
      vertex 1.0737178840448305 -17.06625705761062 25
      vertex 3.035577296847182 -15.913053464732199 28
    endloop
  endfacet
  facet normal 0.24868988716485468 -0.9685831611286311 0
    outer loop
      vertex 3.2042204796951146 -16.797111988924296 0
      vertex 5.284190604272072 -16.26306643006431 25
      vertex 3.2042204796951146 -16.797111988924296 25
    endloop
  endfacet
  facet normal 0.12006701042531712 -0.9504282527324854 0.28682756041810537
    outer loop
      vertex 1.0737178840448305 -17.06625705761062 25
      vertex 3.2042204796951146 -16.797111988924296 25
      vertex 3.035577296847182 -15.913053464732199 28
    endloop
  endfacet
  facet normal 0.2382404923716687 -0.927885455419527 0.2868275604181053
    outer loop
      vertex 3.2042204796951146 -16.797111988924296 25
      vertex 5.00607530979509 -15.407115566815856 28
      vertex 3.035577296847182 -15.913053464732199 28
    endloop
  endfacet
  facet normal -0.12533323356430423 0.9921147013144778 0
    outer loop
      vertex 0.7974395982094151 -12.6749394540134 0
      vertex 0.7974395982094151 -12.6749394540134 25
      vertex 2.379742695797145 -12.47504808718179 0
    endloop
  endfacet
  facet normal -0.24868988716485488 0.9685831611286311 0
    outer loop
      vertex 2.379742695797145 -12.47504808718179 0
      vertex 2.379742695797145 -12.47504808718179 25
      vertex 3.9245158294827744 -12.07841775978282 0
    endloop
  endfacet
  facet normal 0 1 0
    outer loop
      vertex -0.7974395982094151 -12.6749394540134 25
      vertex 0.7974395982094151 -12.6749394540134 25
      vertex 0.7974395982094151 -12.6749394540134 0
    endloop
  endfacet
  facet normal -0.12533323356430423 0.9921147013144778 0
    outer loop
      vertex 2.379742695797145 -12.47504808718179 0
      vertex 0.7974395982094151 -12.6749394540134 25
      vertex 2.379742695797145 -12.47504808718179 25
    endloop
  endfacet
  facet normal 0 0.9579822280890856 -0.28682756259723624
    outer loop
      vertex -0.740928130258772 -11.776715392479254 28
      vertex 0.740928130258772 -11.776715392479254 28
      vertex 0.7974395982094151 -12.6749394540134 25
    endloop
  endfacet
  facet normal -0.12006701034354192 0.950428252085181 -0.2868275625972362
    outer loop
      vertex 0.7974395982094151 -12.6749394540134 25
      vertex 0.740928130258772 -11.776715392479254 28
      vertex 2.379742695797145 -12.47504808718179 25
    endloop
  endfacet
  facet normal -0.12006701034354332 0.9504282520851806 -0.2868275625972369
    outer loop
      vertex 0.740928130258772 -11.776715392479254 28
      vertex 2.211099511553113 -11.590989555671081 28
      vertex 2.379742695797145 -12.47504808718179 25
    endloop
  endfacet
  facet normal -0.24868988716485488 0.9685831611286311 0
    outer loop
      vertex 3.9245158294827744 -12.07841775978282 0
      vertex 2.379742695797145 -12.47504808718179 25
      vertex 3.9245158294827744 -12.07841775978282 25
    endloop
  endfacet
  facet normal -0.23824049220941088 0.9278854547875756 -0.2868275625972369
    outer loop
      vertex 2.379742695797145 -12.47504808718179 25
      vertex 2.211099511553113 -11.590989555671081 28
      vertex 3.9245158294827744 -12.07841775978282 25
    endloop
  endfacet
  facet normal -0.23824049220941057 0.9278854547875756 -0.28682756259723674
    outer loop
      vertex 2.211099511553113 -11.590989555671081 28
      vertex 3.646400532703437 -11.222466889448443 28
      vertex 3.9245158294827744 -12.07841775978282 25
    endloop
  endfacet
  facet normal 0.24868988716485468 -0.9685831611286311 1.3062964512127449e-18
    outer loop
      vertex 3.2042204796951146 -16.797111988924296 0
      vertex 5.284190604272072 -16.26306643006431 0
      vertex 5.284190604272072 -16.26306643006431 25
    endloop
  endfacet
  facet normal 0 0 -1
    outer loop
      vertex 3.9245158294827744 -12.07841775978282 0
      vertex 7.280825886397199 -15.472542598517233 0
      vertex 5.284190604272072 -16.26306643006431 0
    endloop
  endfacet
  facet normal 0 0 -1
    outer loop
      vertex 3.9245158294827744 -12.07841775978282 0
      vertex 5.407397004145341 -11.491303569015043 0
      vertex 7.280825886397199 -15.472542598517233 0
    endloop
  endfacet
  facet normal 0.3681245526846775 -0.9297764858882516 -1.3972876226575023e-18
    outer loop
      vertex 5.284190604272072 -16.26306643006431 0
      vertex 7.280825886397199 -15.472542598517233 0
      vertex 7.280825886397199 -15.472542598517233 25
    endloop
  endfacet
  facet normal 0 0 -1
    outer loop
      vertex 7.280825886397199 -15.472542598517233 0
      vertex 5.407397004145341 -11.491303569015043 0
      vertex 9.16263819493928 -14.438007527342608 0
    endloop
  endfacet
  facet normal 0.48175367410171527 -0.8763066800438637 1.5585752903241217e-18
    outer loop
      vertex 7.280825886397199 -15.472542598517233 0
      vertex 9.16263819493928 -14.438007527342608 0
      vertex 9.16263819493928 -14.438007527342608 25
    endloop
  endfacet
  facet normal 0.3681245526846775 -0.9297764858882516 0
    outer loop
      vertex 5.284190604272072 -16.26306643006431 0
      vertex 7.280825886397199 -15.472542598517233 25
      vertex 5.284190604272072 -16.26306643006431 25
    endloop
  endfacet
  facet normal 0.23824049237166825 -0.9278854554195269 0.28682756041810564
    outer loop
      vertex 3.2042204796951146 -16.797111988924296 25
      vertex 5.284190604272072 -16.26306643006431 25
      vertex 5.00607530979509 -15.407115566815856 28
    endloop
  endfacet
  facet normal 0.35265677943534757 -0.8907093501826995 0.28682756041810564
    outer loop
      vertex 5.284190604272072 -16.26306643006431 25
      vertex 6.897624524623095 -14.658198252646113 28
      vertex 5.00607530979509 -15.407115566815856 28
    endloop
  endfacet
  facet normal 0.48175367410171527 -0.8763066800438637 0
    outer loop
      vertex 7.280825886397199 -15.472542598517233 0
      vertex 9.16263819493928 -14.438007527342608 25
      vertex 7.280825886397199 -15.472542598517233 25
    endloop
  endfacet
  facet normal 0.35265677943534784 -0.8907093501826994 0.2868275604181054
    outer loop
      vertex 5.284190604272072 -16.26306643006431 25
      vertex 7.280825886397199 -15.472542598517233 25
      vertex 6.897624524623095 -14.658198252646113 28
    endloop
  endfacet
  facet normal 0.46151145842038366 -0.8394862264095156 0.2868275604181054
    outer loop
      vertex 7.280825886397199 -15.472542598517233 25
      vertex 8.680394080256628 -13.678112395648942 28
      vertex 6.897624524623095 -14.658198252646113 28
    endloop
  endfacet
  facet normal 0.46151145842038416 -0.8394862264095154 0.2868275604181051
    outer loop
      vertex 7.280825886397199 -15.472542598517233 25
      vertex 9.16263819493928 -14.438007527342608 25
      vertex 8.680394080256628 -13.678112395648942 28
    endloop
  endfacet
  facet normal -0.36812455268467814 0.9297764858882512 0
    outer loop
      vertex 3.9245158294827744 -12.07841775978282 0
      vertex 3.9245158294827744 -12.07841775978282 25
      vertex 5.407397004145341 -11.491303569015043 0
    endloop
  endfacet
  facet normal -0.48175367410171505 0.8763066800438637 0
    outer loop
      vertex 5.407397004145341 -11.491303569015043 0
      vertex 5.407397004145341 -11.491303569015043 25
      vertex 6.80500029783014 -10.722964656391888 0
    endloop
  endfacet
  facet normal 0 0 -1
    outer loop
      vertex 5.407397004145341 -11.491303569015043 0
      vertex 6.80500029783014 -10.722964656391888 0
      vertex 9.16263819493928 -14.438007527342608 0
    endloop
  endfacet
  facet normal -0.5877852522924725 0.8090169943749479 0
    outer loop
      vertex 6.80500029783014 -10.722964656391888 0
      vertex 6.80500029783014 -10.722964656391888 25
      vertex 8.095284671708034 -9.78551818554883 0
    endloop
  endfacet
  facet normal -0.6845471059286893 0.7289686274214111 0
    outer loop
      vertex 8.095284671708034 -9.78551818554883 0
      vertex 8.095284671708034 -9.78551818554883 25
      vertex 9.257901570424425 -8.693748247334453 0
    endloop
  endfacet
  facet normal -0.36812455268467814 0.9297764858882512 1.1183256049314391e-18
    outer loop
      vertex 3.9245158294827744 -12.07841775978282 25
      vertex 5.407397004145341 -11.491303569015043 25
      vertex 5.407397004145341 -11.491303569015043 0
    endloop
  endfacet
  facet normal -0.48175367410171505 0.8763066800438637 0
    outer loop
      vertex 6.80500029783014 -10.722964656391888 0
      vertex 5.407397004145341 -11.491303569015043 25
      vertex 6.80500029783014 -10.722964656391888 25
    endloop
  endfacet
  facet normal -0.3526567791951658 0.890709349576067 -0.28682756259723674
    outer loop
      vertex 3.9245158294827744 -12.07841775978282 25
      vertex 3.646400532703437 -11.222466889448443 28
      vertex 5.407397004145341 -11.491303569015043 25
    endloop
  endfacet
  facet normal -0.3526567791951661 0.8907093495760668 -0.2868275625972369
    outer loop
      vertex 3.646400532703437 -11.222466889448443 28
      vertex 5.0241956391989335 -10.676959216402436 28
      vertex 5.407397004145341 -11.491303569015043 25
    endloop
  endfacet
  facet normal -0.461511458106064 0.8394862258377697 -0.2868275625972369
    outer loop
      vertex 5.0241956391989335 -10.676959216402436 28
      vertex 6.80500029783014 -10.722964656391888 25
      vertex 5.407397004145341 -11.491303569015043 25
    endloop
  endfacet
  facet normal -0.4615114581060639 0.8394862258377699 -0.28682756259723685
    outer loop
      vertex 5.0241956391989335 -10.676959216402436 28
      vertex 6.322756179155267 -9.963069518407487 28
      vertex 6.80500029783014 -10.722964656391888 25
    endloop
  endfacet
  facet normal -0.5877852522924725 0.8090169943749479 0
    outer loop
      vertex 8.095284671708034 -9.78551818554883 0
      vertex 6.80500029783014 -10.722964656391888 25
      vertex 8.095284671708034 -9.78551818554883 25
    endloop
  endfacet
  facet normal -0.5630878256290479 0.7750239028332475 -0.28682756259723685
    outer loop
      vertex 6.322756179155267 -9.963069518407487 28
      vertex 8.095284671708034 -9.78551818554883 25
      vertex 6.80500029783014 -10.722964656391888 25
    endloop
  endfacet
  facet normal -0.5630878256290481 0.7750239028332472 -0.286827562597237
    outer loop
      vertex 6.322756179155267 -9.963069518407487 28
      vertex 7.52160307713487 -9.092056262458001 28
      vertex 8.095284671708034 -9.78551818554883 25
    endloop
  endfacet
  facet normal -0.6557839617695007 0.6983389899042055 -0.28682756259723696
    outer loop
      vertex 8.095284671708034 -9.78551818554883 25
      vertex 7.52160307713487 -9.092056262458001 28
      vertex 9.257901570424425 -8.693748247334453 25
    endloop
  endfacet
  facet normal -0.6557839617695003 0.6983389899042064 -0.28682756259723663
    outer loop
      vertex 7.52160307713487 -9.092056262458001 28
      vertex 8.601829801400163 -8.077655847918415 28
      vertex 9.257901570424425 -8.693748247334453 25
    endloop
  endfacet
  facet normal 0 -1 0
    outer loop
      vertex -1.0172064165620134 -16.16803300351235 28
      vertex 1.0172064165620134 -16.16803300351235 28
      vertex 1.0172064165620134 -16.16803300351235 63
    endloop
  endfacet
  facet normal 0.12533323356430445 -0.9921147013144779 -5.969446650014757e-21
    outer loop
      vertex 1.0172064165620134 -16.16803300351235 28
      vertex 3.035577296847182 -15.913053464732199 28
      vertex 3.035577296847182 -15.913053464732199 63
    endloop
  endfacet
  facet normal 0.12533323356430445 -0.9921147013144779 0
    outer loop
      vertex 1.0172064165620134 -16.16803300351235 28
      vertex 3.035577296847182 -15.913053464732199 63
      vertex 1.0172064165620134 -16.16803300351235 63
    endloop
  endfacet
  facet normal 0 -0.8704393590144351 0.4922756568006784
    outer loop
      vertex -1.0172064165620134 -16.16803300351235 63
      vertex 1.0172064165620134 -16.16803300351235 63
      vertex 0.8037186497880858 -12.774742120907524 69
    endloop
  endfacet
  facet normal 0.2486898871648551 -0.968583161128631 0
    outer loop
      vertex 3.035577296847182 -15.913053464732199 28
      vertex 5.00607530979509 -15.407115566815856 63
      vertex 3.035577296847182 -15.913053464732199 63
    endloop
  endfacet
  facet normal 0.10909497948691962 -0.8635756846809718 0.49227565680067853
    outer loop
      vertex 1.0172064165620134 -16.16803300351235 63
      vertex 3.035577296847182 -15.913053464732199 63
      vertex 2.398480826138838 -12.57327680639977 69
    endloop
  endfacet
  facet normal 0.2164694659771487 -0.8430929059249809 0.4922756568006784
    outer loop
      vertex 3.035577296847182 -15.913053464732199 63
      vertex 5.00607530979509 -15.407115566815856 63
      vertex 3.9554175270783842 -12.173523405743596 69
    endloop
  endfacet
  facet normal -0.12533323356430576 0.9921147013144777 0
    outer loop
      vertex 0.740928130258772 -11.776715392479254 28
      vertex 0.740928130258772 -11.776715392479254 63
      vertex 2.211099511553113 -11.590989555671081 28
    endloop
  endfacet
  facet normal -0.24868988716485455 0.9685831611286311 0
    outer loop
      vertex 2.211099511553113 -11.590989555671081 28
      vertex 2.211099511553113 -11.590989555671081 63
      vertex 3.646400532703437 -11.222466889448443 28
    endloop
  endfacet
  facet normal -0.3681245526846784 0.9297764858882512 0
    outer loop
      vertex 3.646400532703437 -11.222466889448443 28
      vertex 3.646400532703437 -11.222466889448443 63
      vertex 5.0241956391989335 -10.676959216402436 28
    endloop
  endfacet
  facet normal 0 1 0
    outer loop
      vertex -0.740928130258772 -11.776715392479254 63
      vertex 0.740928130258772 -11.776715392479254 63
      vertex 0.740928130258772 -11.776715392479254 28
    endloop
  endfacet
  facet normal -0.12533323356430576 0.9921147013144777 0
    outer loop
      vertex 2.211099511553113 -11.590989555671081 28
      vertex 0.740928130258772 -11.776715392479254 63
      vertex 2.211099511553113 -11.590989555671081 63
    endloop
  endfacet
  facet normal -0.10909497954485463 0.8635756851395654 -0.4922756559833502
    outer loop
      vertex 0.740928130258772 -11.776715392479254 63
      vertex 0.5274403639526705 -8.383424517310305 69
      vertex 2.211099511553113 -11.590989555671081 63
    endloop
  endfacet
  facet normal -0.24868988716485455 0.9685831611286311 0
    outer loop
      vertex 3.646400532703437 -11.222466889448443 28
      vertex 2.211099511553113 -11.590989555671081 63
      vertex 3.646400532703437 -11.222466889448443 63
    endloop
  endfacet
  facet normal -0.21646946609210227 0.8430929063726976 -0.4922756559833501
    outer loop
      vertex 2.211099511553113 -11.590989555671081 63
      vertex 1.5740030422408686 -8.251212904657262 69
      vertex 3.646400532703437 -11.222466889448443 63
    endloop
  endfacet
  facet normal -0.32043009984648857 0.8093140488330421 -0.4922756559833502
    outer loop
      vertex 3.646400532703437 -11.222466889448443 63
      vertex 2.595742752289087 -7.988874735462105 69
      vertex 5.0241956391989335 -10.676959216402436 63
    endloop
  endfacet
  facet normal 0.2486898871648551 -0.968583161128631 4.198900426942764e-19
    outer loop
      vertex 3.035577296847182 -15.913053464732199 28
      vertex 5.00607530979509 -15.407115566815856 28
      vertex 5.00607530979509 -15.407115566815856 63
    endloop
  endfacet
  facet normal 0.3681245526846772 -0.9297764858882518 1.5409861417878746e-18
    outer loop
      vertex 5.00607530979509 -15.407115566815856 28
      vertex 6.897624524623095 -14.658198252646113 28
      vertex 6.897624524623095 -14.658198252646113 63
    endloop
  endfacet
  facet normal 0.48175367410171477 -0.8763066800438639 1.085439090253366e-18
    outer loop
      vertex 6.897624524623095 -14.658198252646113 28
      vertex 8.680394080256628 -13.678112395648942 28
      vertex 8.680394080256628 -13.678112395648942 63
    endloop
  endfacet
  facet normal 0.3681245526846772 -0.9297764858882518 0
    outer loop
      vertex 5.00607530979509 -15.407115566815856 28
      vertex 6.897624524623095 -14.658198252646113 63
      vertex 5.00607530979509 -15.407115566815856 63
    endloop
  endfacet
  facet normal 0.320430099676326 -0.8093140484032637 0.49227565680067864
    outer loop
      vertex 5.00607530979509 -15.407115566815856 63
      vertex 6.897624524623095 -14.658198252646113 63
      vertex 5.449974930764006 -11.581786268868456 69
    endloop
  endfacet
  facet normal 0.48175367410171477 -0.8763066800438639 0
    outer loop
      vertex 6.897624524623095 -14.658198252646113 28
      vertex 8.680394080256628 -13.678112395648942 63
      vertex 6.897624524623095 -14.658198252646113 63
    endloop
  endfacet
  facet normal 0.4193373592879456 -0.7627718248774484 0.4922756568006786
    outer loop
      vertex 6.897624524623095 -14.658198252646113 63
      vertex 8.680394080256628 -13.678112395648942 63
      vertex 6.858582974134263 -10.807397443909503 69
    endloop
  endfacet
  facet normal -0.4817536741017149 0.8763066800438638 0
    outer loop
      vertex 5.0241956391989335 -10.676959216402436 28
      vertex 5.0241956391989335 -10.676959216402436 63
      vertex 6.322756179155267 -9.963069518407487 28
    endloop
  endfacet
  facet normal -0.5877852522924729 0.8090169943749477 0
    outer loop
      vertex 6.322756179155267 -9.963069518407487 28
      vertex 6.322756179155267 -9.963069518407487 63
      vertex 7.52160307713487 -9.092056262458001 28
    endloop
  endfacet
  facet normal -0.6845471059286886 0.7289686274214117 0
    outer loop
      vertex 7.52160307713487 -9.092056262458001 28
      vertex 7.52160307713487 -9.092056262458001 63
      vertex 8.601829801400163 -8.077655847918415 28
    endloop
  endfacet
  facet normal -0.3681245526846784 0.9297764858882512 0
    outer loop
      vertex 5.0241956391989335 -10.676959216402436 28
      vertex 3.646400532703437 -11.222466889448443 63
      vertex 5.0241956391989335 -10.676959216402436 63
    endloop
  endfacet
  facet normal -0.4817536741017149 0.8763066800438638 0
    outer loop
      vertex 6.322756179155267 -9.963069518407487 28
      vertex 5.0241956391989335 -10.676959216402436 63
      vertex 6.322756179155267 -9.963069518407487 63
    endloop
  endfacet
  facet normal -0.41933735951063106 0.7627718252825114 -0.49227565598335005
    outer loop
      vertex 5.0241956391989335 -10.676959216402436 63
      vertex 3.576546048512148 -7.600547239366267 69
      vertex 6.322756179155267 -9.963069518407487 63
    endloop
  endfacet
  facet normal -0.5116314185152953 0.7042002343894733 -0.4922756559833501
    outer loop
      vertex 6.322756179155267 -9.963069518407487 63
      vertex 4.500945077025124 -7.092354572958782 69
      vertex 7.52160307713487 -9.092056262458001 63
    endloop
  endfacet
  facet normal -0.5877852522924729 0.8090169943749477 0
    outer loop
      vertex 7.52160307713487 -9.092056262458001 28
      vertex 6.322756179155267 -9.963069518407487 63
      vertex 7.52160307713487 -9.092056262458001 63
    endloop
  endfacet
  facet normal -0.6845471059286886 0.7289686274214117 -1.8335190331240567e-18
    outer loop
      vertex 7.52160307713487 -9.092056262458001 63
      vertex 8.601829801400163 -8.077655847918415 63
      vertex 8.601829801400163 -8.077655847918415 28
    endloop
  endfacet
  facet normal -0.5958567444161785 0.6345229851312837 -0.49227565598335005
    outer loop
      vertex 7.52160307713487 -9.092056262458001 63
      vertex 5.35436151293916 -6.472311238168474 69
      vertex 8.601829801400163 -8.077655847918415 63
    endloop
  endfacet
  facet normal -0.670685053510053 0.554838929351915 -0.4922756559833501
    outer loop
      vertex 8.601829801400163 -8.077655847918415 63
      vertex 6.12333646925361 -5.750195688780929 69
      vertex 9.54640053121332 -6.935865975299446 63
    endloop
  endfacet
  facet normal 0.5877852522924729 -0.8090169943749476 1.5300126283889605e-18
    outer loop
      vertex 9.16263819493928 -14.438007527342608 0
      vertex 10.899950225652434 -13.175776452614146 0
      vertex 10.899950225652434 -13.175776452614146 25
    endloop
  endfacet
  facet normal 0.5877852522924729 -0.8090169943749476 0
    outer loop
      vertex 9.16263819493928 -14.438007527342608 0
      vertex 10.899950225652434 -13.175776452614146 25
      vertex 9.16263819493928 -14.438007527342608 25
    endloop
  endfacet
  facet normal 0.5630878260125487 -0.77502390336109 0.28682756041810514
    outer loop
      vertex 9.16263819493928 -14.438007527342608 25
      vertex 10.326268635828448 -12.482314535264091 28
      vertex 8.680394080256628 -13.678112395648942 28
    endloop
  endfacet
  facet normal 0.5630878260125486 -0.77502390336109 0.2868275604181052
    outer loop
      vertex 9.16263819493928 -14.438007527342608 25
      vertex 10.899950225652434 -13.175776452614146 25
      vertex 10.326268635828448 -12.482314535264091 28
    endloop
  endfacet
  facet normal 0 0 -1
    outer loop
      vertex 6.80500029783014 -10.722964656391888 0
      vertex 10.899950225652434 -13.175776452614146 0
      vertex 9.16263819493928 -14.438007527342608 0
    endloop
  endfacet
  facet normal 0 0 -1
    outer loop
      vertex 6.80500029783014 -10.722964656391888 0
      vertex 8.095284671708034 -9.78551818554883 0
      vertex 10.899950225652434 -13.175776452614146 0
    endloop
  endfacet
  facet normal 0 0 -1
    outer loop
      vertex 8.095284671708034 -9.78551818554883 0
      vertex 12.465363529992388 -11.705755512400629 0
      vertex 10.899950225652434 -13.175776452614146 0
    endloop
  endfacet
  facet normal 0 0 -1
    outer loop
      vertex 8.095284671708034 -9.78551818554883 0
      vertex 9.257901570424425 -8.693748247334453 0
      vertex 12.465363529992388 -11.705755512400629 0
    endloop
  endfacet
  facet normal 0.6845471059286887 -0.7289686274214117 2.990145065865455e-18
    outer loop
      vertex 10.899950225652434 -13.175776452614146 0
      vertex 12.465363529992388 -11.705755512400629 0
      vertex 12.465363529992388 -11.705755512400629 25
    endloop
  endfacet
  facet normal 0 0 -1
    outer loop
      vertex 9.257901570424425 -8.693748247334453 0
      vertex 10.274515830972891 -7.464872705866146 0
      vertex 13.834190605017131 -10.051127815077159 0
    endloop
  endfacet
  facet normal 0 0 -1
    outer loop
      vertex 9.257901570424425 -8.693748247334453 0
      vertex 13.834190605017131 -10.051127815077159 0
      vertex 12.465363529992388 -11.705755512400629 0
    endloop
  endfacet
  facet normal -0.6845471059286893 0.7289686274214111 1.634564238905152e-18
    outer loop
      vertex 8.095284671708034 -9.78551818554883 25
      vertex 9.257901570424425 -8.693748247334453 25
      vertex 9.257901570424425 -8.693748247334453 0
    endloop
  endfacet
  facet normal 0.6845471059286887 -0.7289686274214117 0
    outer loop
      vertex 10.899950225652434 -13.175776452614146 0
      vertex 12.465363529992388 -11.705755512400629 25
      vertex 10.899950225652434 -13.175776452614146 25
    endloop
  endfacet
  facet normal 0.655783962216133 -0.698338990379821 0.28682756041810525
    outer loop
      vertex 10.899950225652434 -13.175776452614146 25
      vertex 11.809291766399365 -11.089663118084863 28
      vertex 10.326268635828448 -12.482314535264091 28
    endloop
  endfacet
  facet normal 0.6557839622161327 -0.6983389903798213 0.2868275604181056
    outer loop
      vertex 10.899950225652434 -13.175776452614146 25
      vertex 12.465363529992388 -11.705755512400629 25
      vertex 11.809291766399365 -11.089663118084863 28
    endloop
  endfacet
  facet normal 0.7381379935892176 -0.610640854352771 0.2868275604181056
    outer loop
      vertex 11.809291766399365 -11.089663118084863 28
      vertex 12.465363529992388 -11.705755512400629 25
      vertex 13.106075311285208 -9.5221210888898 28
    endloop
  endfacet
  facet normal 0 0 -1
    outer loop
      vertex 13.834190605017131 -10.051127815077159 0
      vertex 10.274515830972891 -7.464872705866146 0
      vertex 14.984844230055865 -8.237987827857202 0
    endloop
  endfacet
  facet normal 0.7705132427757893 -0.6374239897486896 3.386436654514581e-18
    outer loop
      vertex 12.465363529992388 -11.705755512400629 0
      vertex 13.834190605017131 -10.051127815077159 0
      vertex 13.834190605017131 -10.051127815077159 25
    endloop
  endfacet
  facet normal 0.8443279255020153 -0.5358267949789963 -3.752779836113222e-18
    outer loop
      vertex 13.834190605017131 -10.051127815077159 0
      vertex 14.984844230055865 -8.237987827857202 0
      vertex 14.984844230055865 -8.237987827857202 25
    endloop
  endfacet
  facet normal 0.7705132427757893 -0.6374239897486896 0
    outer loop
      vertex 12.465363529992388 -11.705755512400629 0
      vertex 13.834190605017131 -10.051127815077159 25
      vertex 12.465363529992388 -11.705755512400629 25
    endloop
  endfacet
  facet normal 0.8443279255020153 -0.5358267949789963 0
    outer loop
      vertex 13.834190605017131 -10.051127815077159 0
      vertex 14.984844230055865 -8.237987827857202 25
      vertex 13.834190605017131 -10.051127815077159 25
    endloop
  endfacet
  facet normal 0.7381379935892177 -0.6106408543527709 0.2868275604181054
    outer loop
      vertex 12.465363529992388 -11.705755512400629 25
      vertex 13.834190605017131 -10.051127815077159 25
      vertex 13.106075311285208 -9.5221210888898 28
    endloop
  endfacet
  facet normal 0.8088511478611373 -0.513312547273412 0.2868275604181054
    outer loop
      vertex 13.834190605017131 -10.051127815077159 25
      vertex 14.196168219322185 -7.804409521883527 28
      vertex 13.106075311285208 -9.5221210888898 28
    endloop
  endfacet
  facet normal 0.8088511478611371 -0.5133125472734122 0.28682756041810564
    outer loop
      vertex 13.834190605017131 -10.051127815077159 25
      vertex 14.984844230055865 -8.237987827857202 25
      vertex 14.196168219322185 -7.804409521883527 28
    endloop
  endfacet
  facet normal 0.587785252292473 -0.8090169943749473 2.271344145716297e-19
    outer loop
      vertex 8.680394080256628 -13.678112395648942 28
      vertex 10.326268635828448 -12.482314535264091 28
      vertex 10.326268635828448 -12.482314535264091 63
    endloop
  endfacet
  facet normal 0.587785252292473 -0.8090169943749473 0
    outer loop
      vertex 8.680394080256628 -13.678112395648942 28
      vertex 10.326268635828448 -12.482314535264091 63
      vertex 8.680394080256628 -13.678112395648942 63
    endloop
  endfacet
  facet normal 0.684547105928689 -0.7289686274214111 7.866025887141594e-19
    outer loop
      vertex 10.326268635828448 -12.482314535264091 28
      vertex 11.809291766399365 -11.089663118084863 28
      vertex 11.809291766399365 -11.089663118084863 63
    endloop
  endfacet
  facet normal 0.770513242775789 -0.6374239897486899 -2.381098240555695e-18
    outer loop
      vertex 11.809291766399365 -11.089663118084863 28
      vertex 13.106075311285208 -9.5221210888898 28
      vertex 13.106075311285208 -9.5221210888898 63
    endloop
  endfacet
  facet normal 0.5116314182435983 -0.7042002340155141 0.4922756568006786
    outer loop
      vertex 8.680394080256628 -13.678112395648942 63
      vertex 10.326268635828448 -12.482314535264091 63
      vertex 8.15902706688356 -9.862569505233791 69
    endloop
  endfacet
  facet normal 0.5958567440997545 -0.6345229847943256 0.4922756568006786
    outer loop
      vertex 10.326268635828448 -12.482314535264091 63
      vertex 11.809291766399365 -11.089663118084863 63
      vertex 9.330798428821574 -8.762202953847103 69
    endloop
  endfacet
  facet normal 0.684547105928689 -0.7289686274214111 0
    outer loop
      vertex 10.326268635828448 -12.482314535264091 28
      vertex 11.809291766399365 -11.089663118084863 63
      vertex 10.326268635828448 -12.482314535264091 63
    endloop
  endfacet
  facet normal 0.770513242775789 -0.6374239897486899 0
    outer loop
      vertex 11.809291766399365 -11.089663118084863 28
      vertex 13.106075311285208 -9.5221210888898 63
      vertex 11.809291766399365 -11.089663118084863 63
    endloop
  endfacet
  facet normal 0.6706850531538916 -0.5548389290572734 0.4922756568006786
    outer loop
      vertex 11.809291766399365 -11.089663118084863 63
      vertex 13.106075311285208 -9.5221210888898 63
      vertex 10.355417525588269 -7.52365122759192 69
    endloop
  endfacet
  facet normal 0.8443279255020155 -0.535826794978996 0
    outer loop
      vertex 13.106075311285208 -9.5221210888898 28
      vertex 14.196168219322185 -7.804409521883527 63
      vertex 13.106075311285208 -9.5221210888898 63
    endloop
  endfacet
  facet normal -0.770513242775789 0.6374239897486901 0
    outer loop
      vertex 9.257901570424425 -8.693748247334453 0
      vertex 9.257901570424425 -8.693748247334453 25
      vertex 10.274515830972891 -7.464872705866146 0
    endloop
  endfacet
  facet normal -0.8443279255020154 0.5358267949789961 0
    outer loop
      vertex 10.274515830972891 -7.464872705866146 0
      vertex 10.274515830972891 -7.464872705866146 25
      vertex 11.129094839168664 -6.1182716625275235 0
    endloop
  endfacet
  facet normal 0 0 -1
    outer loop
      vertex 10.274515830972891 -7.464872705866146 0
      vertex 11.129094839168664 -6.1182716625275235 0
      vertex 14.984844230055865 -8.237987827857202 0
    endloop
  endfacet
  facet normal -0.9048270524660194 0.425779291565073 0
    outer loop
      vertex 11.129094839168664 -6.1182716625275235 0
      vertex 11.129094839168664 -6.1182716625275235 25
      vertex 11.80816137355174 -4.6751818201925115 0
    endloop
  endfacet
  facet normal -0.770513242775789 0.6374239897486901 1.3518802116997323e-18
    outer loop
      vertex 9.257901570424425 -8.693748247334453 25
      vertex 10.274515830972891 -7.464872705866146 25
      vertex 10.274515830972891 -7.464872705866146 0
    endloop
  endfacet
  facet normal -0.7381379930864966 0.6106408539368844 -0.28682756259723663
    outer loop
      vertex 9.257901570424425 -8.693748247334453 25
      vertex 8.601829801400163 -8.077655847918415 28
      vertex 10.274515830972891 -7.464872705866146 25
    endloop
  endfacet
  facet normal -0.7381379930864971 0.6106408539368835 -0.28682756259723696
    outer loop
      vertex 8.601829801400163 -8.077655847918415 28
      vertex 9.54640053121332 -6.935865975299446 28
      vertex 10.274515830972891 -7.464872705866146 25
    endloop
  endfacet
  facet normal -0.8088511473102559 0.5133125469238122 -0.286827562597237
    outer loop
      vertex 9.54640053121332 -6.935865975299446 28
      vertex 11.129094839168664 -6.1182716625275235 25
      vertex 10.274515830972891 -7.464872705866146 25
    endloop
  endfacet
  facet normal -0.8088511473102555 0.5133125469238129 -0.2868275625972367
    outer loop
      vertex 9.54640053121332 -6.935865975299446 28
      vertex 10.340418821905992 -5.684693352964504 28
      vertex 11.129094839168664 -6.1182716625275235 25
    endloop
  endfacet
  facet normal -0.8443279255020154 0.5358267949789961 0
    outer loop
      vertex 11.129094839168664 -6.1182716625275235 0
      vertex 10.274515830972891 -7.464872705866146 25
      vertex 11.129094839168664 -6.1182716625275235 25
    endloop
  endfacet
  facet normal -0.9048270524660194 0.425779291565073 0
    outer loop
      vertex 11.80816137355174 -4.6751818201925115 0
      vertex 11.129094839168664 -6.1182716625275235 25
      vertex 11.80816137355174 -4.6751818201925115 25
    endloop
  endfacet
  facet normal -0.8668082357566768 0.40788899440770093 -0.2868275625972366
    outer loop
      vertex 10.340418821905992 -5.684693352964504 28
      vertex 11.80816137355174 -4.6751818201925115 25
      vertex 11.129094839168664 -6.1182716625275235 25
    endloop
  endfacet
  facet normal -0.8668082357566768 0.40788899440770127 -0.2868275625972365
    outer loop
      vertex 10.340418821905992 -5.684693352964504 28
      vertex 10.971362530710415 -4.343869720582108 28
      vertex 11.80816137355174 -4.6751818201925115 25
    endloop
  endfacet
  facet normal -0.9510565162951535 0.3090169943749477 0
    outer loop
      vertex 11.80816137355174 -4.6751818201925115 0
      vertex 11.80816137355174 -4.6751818201925115 25
      vertex 12.30100614922022 -3.158361567734805 0
    endloop
  endfacet
  facet normal -0.9822872507286889 0.18738131458572388 0
    outer loop
      vertex 12.30100614922022 -3.158361567734805 0
      vertex 12.30100614922022 -3.158361567734805 25
      vertex 12.5998567096506 -1.5917320666401837 0
    endloop
  endfacet
  facet normal -0.9980267284282717 0.06279051952931361 0
    outer loop
      vertex 12.5998567096506 -1.5917320666401837 0
      vertex 12.5998567096506 -1.5917320666401837 25
      vertex 12.700000002980232 0 0
    endloop
  endfacet
  facet normal -0.9510565162951535 0.3090169943749477 1.108273932080194e-19
    outer loop
      vertex 11.80816137355174 -4.6751818201925115 25
      vertex 12.30100614922022 -3.158361567734805 25
      vertex 12.30100614922022 -3.158361567734805 0
    endloop
  endfacet
  facet normal -0.9110952405190746 0.2960327887887047 -0.2868275625972365
    outer loop
      vertex 10.971362530710415 -4.343869720582108 28
      vertex 12.30100614922022 -3.158361567734805 25
      vertex 11.80816137355174 -4.6751818201925115 25
    endloop
  endfacet
  facet normal -0.9110952405190748 0.29603278878870415 -0.2868275625972368
    outer loop
      vertex 10.971362530710415 -4.343869720582108 28
      vertex 11.429281298431246 -2.9345406678041286 28
      vertex 12.30100614922022 -3.158361567734805 25
    endloop
  endfacet
  facet normal -0.9410137290765713 0.17950796924909357 -0.2868275625972368
    outer loop
      vertex 11.429281298431246 -2.9345406678041286 28
      vertex 12.5998567096506 -1.5917320666401837 25
      vertex 12.30100614922022 -3.158361567734805 25
    endloop
  endfacet
  facet normal -0.9822872507286889 0.18738131458572388 0
    outer loop
      vertex 12.5998567096506 -1.5917320666401837 0
      vertex 12.30100614922022 -3.158361567734805 25
      vertex 12.5998567096506 -1.5917320666401837 25
    endloop
  endfacet
  facet normal -0.9980267284282717 0.06279051952931361 -2.5210757535117003e-19
    outer loop
      vertex 12.5998567096506 -1.5917320666401837 25
      vertex 12.700000002980232 0 25
      vertex 12.700000002980232 0 0
    endloop
  endfacet
  facet normal -0.9410137290765713 0.17950796924909404 -0.2868275625972366
    outer loop
      vertex 11.429281298431246 -2.9345406678041286 28
      vertex 11.706953472554106 -1.4789321556852657 28
      vertex 12.5998567096506 -1.5917320666401837 25
    endloop
  endfacet
  facet normal -0.9560918689921761 0.06015220180156278 -0.28682756259723674
    outer loop
      vertex 11.706953472554106 -1.4789321556852657 28
      vertex 11.799999997019768 0 28
      vertex 12.700000002980232 0 25
    endloop
  endfacet
  facet normal -0.9560918689921761 0.060152201801563075 -0.2868275625972365
    outer loop
      vertex 11.706953472554106 -1.4789321556852657 28
      vertex 12.700000002980232 0 25
      vertex 12.5998567096506 -1.5917320666401837 25
    endloop
  endfacet
  facet normal 0 0 -1
    outer loop
      vertex 11.129094839168664 -6.1182716625275235 0
      vertex 15.89917791007457 -6.294929851456549 0
      vertex 14.984844230055865 -8.237987827857202 0
    endloop
  endfacet
  facet normal 0 0 -1
    outer loop
      vertex 11.129094839168664 -6.1182716625275235 0
      vertex 11.80816137355174 -4.6751818201925115 0
      vertex 15.89917791007457 -6.294929851456549 0
    endloop
  endfacet
  facet normal 0 0 -1
    outer loop
      vertex 11.80816137355174 -4.6751818201925115 0
      vertex 16.562772056742894 -4.252597070889587 0
      vertex 15.89917791007457 -6.294929851456549 0
    endloop
  endfacet
  facet normal 0.9048270524660195 -0.4257792915650727 2.6527673374061863e-19
    outer loop
      vertex 14.984844230055865 -8.237987827857202 0
      vertex 15.89917791007457 -6.294929851456549 0
      vertex 15.89917791007457 -6.294929851456549 25
    endloop
  endfacet
  facet normal 0.9510565162951535 -0.30901699437494723 2.0240362740460514e-18
    outer loop
      vertex 15.89917791007457 -6.294929851456549 0
      vertex 16.562772056742894 -4.252597070889587 0
      vertex 16.562772056742894 -4.252597070889587 25
    endloop
  endfacet
  facet normal 0.8668082363470305 -0.4078889946855009 0.2868275604181057
    outer loop
      vertex 14.196168219322185 -7.804409521883527 28
      vertex 14.984844230055865 -8.237987827857202 25
      vertex 15.06237907416062 -5.963617754588886 28
    endloop
  endfacet
  facet normal 0.9048270524660195 -0.4257792915650727 0
    outer loop
      vertex 14.984844230055865 -8.237987827857202 0
      vertex 15.89917791007457 -6.294929851456549 25
      vertex 14.984844230055865 -8.237987827857202 25
    endloop
  endfacet
  facet normal 0.8668082363470309 -0.40788899468550005 0.28682756041810503
    outer loop
      vertex 14.984844230055865 -8.237987827857202 25
      vertex 15.89917791007457 -6.294929851456549 25
      vertex 15.06237907416062 -5.963617754588886 28
    endloop
  endfacet
  facet normal 0.9510565162951535 -0.30901699437494723 0
    outer loop
      vertex 15.89917791007457 -6.294929851456549 0
      vertex 16.562772056742894 -4.252597070889587 25
      vertex 15.89917791007457 -6.294929851456549 25
    endloop
  endfacet
  facet normal 0.9110952411395911 -0.29603278899032215 0.286827560418105
    outer loop
      vertex 15.06237907416062 -5.963617754588886 28
      vertex 15.89917791007457 -6.294929851456549 25
      vertex 15.691047213170428 -4.028776172811796 28
    endloop
  endfacet
  facet normal 0.9110952411395911 -0.29603278899032226 0.28682756041810503
    outer loop
      vertex 15.89917791007457 -6.294929851456549 25
      vertex 16.562772056742894 -4.252597070889587 25
      vertex 15.691047213170428 -4.028776172811796 28
    endloop
  endfacet
  facet normal 0 0 -1
    outer loop
      vertex 11.80816137355174 -4.6751818201925115 0
      vertex 12.30100614922022 -3.158361567734805 0
      vertex 16.562772056742894 -4.252597070889587 0
    endloop
  endfacet
  facet normal 0 0 -1
    outer loop
      vertex 12.30100614922022 -3.158361567734805 0
      vertex 12.5998567096506 -1.5917320666401837 0
      vertex 16.96516139395594 -2.1431982941363605 0
    endloop
  endfacet
  facet normal 0 0 -1
    outer loop
      vertex 12.5998567096506 -1.5917320666401837 0
      vertex 12.700000002980232 0 0
      vertex 17.100000001490116 0 0
    endloop
  endfacet
  facet normal 0 0 -1
    outer loop
      vertex 12.30100614922022 -3.158361567734805 0
      vertex 16.96516139395594 -2.1431982941363605 0
      vertex 16.562772056742894 -4.252597070889587 0
    endloop
  endfacet
  facet normal 0.9822872507286885 -0.18738131458572538 -4.617462050384714e-19
    outer loop
      vertex 16.562772056742894 -4.252597070889587 0
      vertex 16.96516139395594 -2.1431982941363605 0
      vertex 16.96516139395594 -2.1431982941363605 25
    endloop
  endfacet
  facet normal 0 0 -1
    outer loop
      vertex 12.5998567096506 -1.5917320666401837 0
      vertex 17.100000001490116 0 0
      vertex 16.96516139395594 -2.1431982941363605 0
    endloop
  endfacet
  facet normal 0.9980267284282716 -0.06279051952931289 -1.2589961295730097e-19
    outer loop
      vertex 16.96516139395594 -2.1431982941363605 0
      vertex 17.100000001490116 0 0
      vertex 17.100000001490116 0 25
    endloop
  endfacet
  facet normal 0.9822872507286885 -0.18738131458572538 0
    outer loop
      vertex 16.562772056742894 -4.252597070889587 0
      vertex 16.96516139395594 -2.1431982941363605 25
      vertex 16.562772056742894 -4.252597070889587 25
    endloop
  endfacet
  facet normal 0.941013729717464 -0.17950796937135102 0.2868275604181051
    outer loop
      vertex 15.691047213170428 -4.028776172811796 28
      vertex 16.562772056742894 -4.252597070889587 25
      vertex 16.072258164251274 -2.030398384115248 28
    endloop
  endfacet
  facet normal 0.9410137297174637 -0.1795079693713518 0.2868275604181056
    outer loop
      vertex 16.562772056742894 -4.252597070889587 25
      vertex 16.96516139395594 -2.1431982941363605 25
      vertex 16.072258164251274 -2.030398384115248 28
    endloop
  endfacet
  facet normal 0.9980267284282716 -0.06279051952931289 0
    outer loop
      vertex 16.96516139395594 -2.1431982941363605 0
      vertex 17.100000001490116 0 25
      vertex 16.96516139395594 -2.1431982941363605 25
    endloop
  endfacet
  facet normal 0.9560918696433379 -0.06015220184253031 0.28682756041810564
    outer loop
      vertex 16.96516139395594 -2.1431982941363605 25
      vertex 16.200000002980232 0 28
      vertex 16.072258164251274 -2.030398384115248 28
    endloop
  endfacet
  facet normal 0.9560918696433379 -0.06015220184253003 0.2868275604181054
    outer loop
      vertex 16.96516139395594 -2.1431982941363605 25
      vertex 17.100000001490116 0 25
      vertex 16.200000002980232 0 28
    endloop
  endfacet
  facet normal -0.7705132427757895 0.6374239897486893 0
    outer loop
      vertex 8.601829801400163 -8.077655847918415 28
      vertex 8.601829801400163 -8.077655847918415 63
      vertex 9.54640053121332 -6.935865975299446 28
    endloop
  endfacet
  facet normal -0.844327925502015 0.5358267949789969 0
    outer loop
      vertex 9.54640053121332 -6.935865975299446 28
      vertex 9.54640053121332 -6.935865975299446 63
      vertex 10.340418821905992 -5.684693352964504 28
    endloop
  endfacet
  facet normal -0.9048270524660192 0.4257792915650734 0
    outer loop
      vertex 10.340418821905992 -5.684693352964504 28
      vertex 10.340418821905992 -5.684693352964504 63
      vertex 10.971362530710415 -4.343869720582108 28
    endloop
  endfacet
  facet normal -0.7705132427757895 0.6374239897486893 0
    outer loop
      vertex 9.54640053121332 -6.935865975299446 28
      vertex 8.601829801400163 -8.077655847918415 63
      vertex 9.54640053121332 -6.935865975299446 63
    endloop
  endfacet
  facet normal -0.844327925502015 0.5358267949789969 0
    outer loop
      vertex 10.340418821905992 -5.684693352964504 28
      vertex 9.54640053121332 -6.935865975299446 63
      vertex 10.340418821905992 -5.684693352964504 63
    endloop
  endfacet
  facet normal -0.7349362586622428 0.4664047322119571 -0.4922756559833501
    outer loop
      vertex 9.54640053121332 -6.935865975299446 63
      vertex 6.795742751544029 -4.937396118380906 69
      vertex 10.340418821905992 -5.684693352964504 63
    endloop
  endfacet
  facet normal -0.7875970799856884 0.3706150538283344 -0.4922756559833502
    outer loop
      vertex 10.340418821905992 -5.684693352964504 63
      vertex 7.360976111062654 -4.04673086173654 69
      vertex 10.971362530710415 -4.343869720582108 63
    endloop
  endfacet
  facet normal -0.9048270524660192 0.4257792915650734 0
    outer loop
      vertex 10.971362530710415 -4.343869720582108 28
      vertex 10.340418821905992 -5.684693352964504 63
      vertex 10.971362530710415 -4.343869720582108 63
    endloop
  endfacet
  facet normal -0.9510565162951538 0.3090169943749471 0
    outer loop
      vertex 10.971362530710415 -4.343869720582108 28
      vertex 10.971362530710415 -4.343869720582108 63
      vertex 11.429281298431246 -2.9345406678041286 28
    endloop
  endfacet
  facet normal -0.9822872507286887 0.18738131458572435 0
    outer loop
      vertex 11.429281298431246 -2.9345406678041286 28
      vertex 11.429281298431246 -2.9345406678041286 63
      vertex 11.706953472554106 -1.4789321556852657 28
    endloop
  endfacet
  facet normal -0.9980267284282716 0.06279051952931329 0
    outer loop
      vertex 11.706953472554106 -1.4789321556852657 28
      vertex 11.706953472554106 -1.4789321556852657 63
      vertex 11.799999997019768 0 28
    endloop
  endfacet
  facet normal -0.8278370248700704 0.2689805546511359 -0.4922756559833502
    outer loop
      vertex 10.971362530710415 -4.343869720582108 63
      vertex 7.810122480075836 -3.09224624200275 69
      vertex 11.429281298431246 -2.9345406678041286 63
    endloop
  endfacet
  facet normal -0.8550214853463828 0.16310407144589503 -0.4922756559833501
    outer loop
      vertex 11.429281298431246 -2.9345406678041286 63
      vertex 8.1360985520372 -2.0889950518142006 69
      vertex 11.706953472554106 -1.4789321556852657 63
    endloop
  endfacet
  facet normal -0.8687217462337052 0.054655339600303054 -0.4922756559833502
    outer loop
      vertex 11.706953472554106 -1.4789321556852657 63
      vertex 8.333763489563248 -1.0527991617533932 69
      vertex 11.799999997019768 0 63
    endloop
  endfacet
  facet normal -0.9510565162951538 0.3090169943749471 0
    outer loop
      vertex 11.429281298431246 -2.9345406678041286 28
      vertex 10.971362530710415 -4.343869720582108 63
      vertex 11.429281298431246 -2.9345406678041286 63
    endloop
  endfacet
  facet normal -0.9822872507286887 0.18738131458572435 0
    outer loop
      vertex 11.706953472554106 -1.4789321556852657 28
      vertex 11.429281298431246 -2.9345406678041286 63
      vertex 11.706953472554106 -1.4789321556852657 63
    endloop
  endfacet
  facet normal -0.9980267284282717 0.0627905195293133 -1.1456600514728162e-19
    outer loop
      vertex 11.706953472554106 -1.4789321556852657 63
      vertex 11.799999997019768 0 57
      vertex 11.799999997019768 0 28
    endloop
  endfacet
  facet normal -0.9980267284282716 0.0627905195293133 -3.3224141492711673e-18
    outer loop
      vertex 11.706953472554106 -1.4789321556852657 63
      vertex 11.799999997019768 0 58
      vertex 11.799999997019768 0 57
    endloop
  endfacet
  facet normal -0.9980267284282717 0.0627905195293133 -1.1074713830903891e-18
    outer loop
      vertex 11.706953472554106 -1.4789321556852657 63
      vertex 11.799999997019768 0 61
      vertex 11.799999997019768 0 58
    endloop
  endfacet
  facet normal -0.9980267284282714 0.06279051952931329 -3.3224141492711666e-18
    outer loop
      vertex 11.706953472554106 -1.4789321556852657 63
      vertex 11.799999997019768 0 62
      vertex 11.799999997019768 0 61
    endloop
  endfacet
  facet normal -0.9980267284282714 0.06279051952931329 -3.3224141492711666e-18
    outer loop
      vertex 11.706953472554106 -1.4789321556852657 63
      vertex 11.799999997019768 0 63
      vertex 11.799999997019768 0 62
    endloop
  endfacet
  facet normal 0.8443279255020155 -0.535826794978996 -1.3207956654344101e-18
    outer loop
      vertex 13.106075311285208 -9.5221210888898 28
      vertex 14.196168219322185 -7.804409521883527 28
      vertex 14.196168219322185 -7.804409521883527 63
    endloop
  endfacet
  facet normal 0.9048270524660191 -0.42577929156507355 1.2375902867388353e-18
    outer loop
      vertex 14.196168219322185 -7.804409521883527 28
      vertex 15.06237907416062 -5.963617754588886 28
      vertex 15.06237907416062 -5.963617754588886 63
    endloop
  endfacet
  facet normal 0.9510565162951536 -0.3090169943749472 -1.2905741621313211e-18
    outer loop
      vertex 15.06237907416062 -5.963617754588886 28
      vertex 15.691047213170428 -4.028776172811796 28
      vertex 15.691047213170428 -4.028776172811796 63
    endloop
  endfacet
  facet normal 0.9048270524660191 -0.42577929156507355 0
    outer loop
      vertex 14.196168219322185 -7.804409521883527 28
      vertex 15.06237907416062 -5.963617754588886 63
      vertex 14.196168219322185 -7.804409521883527 63
    endloop
  endfacet
  facet normal 0.734936258271962 -0.4664047319642764 0.49227565680067864
    outer loop
      vertex 13.106075311285208 -9.5221210888898 63
      vertex 14.196168219322185 -7.804409521883527 63
      vertex 11.216725501949854 -6.166447027066219 69
    endloop
  endfacet
  facet normal 0.7875970795674422 -0.37061505363152286 0.4922756568006786
    outer loop
      vertex 14.196168219322185 -7.804409521883527 63
      vertex 15.06237907416062 -5.963617754588886 63
      vertex 11.901139016598666 -4.711994273266787 69
    endloop
  endfacet
  facet normal 0.827837024430455 -0.2689805545082962 0.49227565680067853
    outer loop
      vertex 15.06237907416062 -5.963617754588886 63
      vertex 15.691047213170428 -4.028776172811796 63
      vertex 12.397864459559877 -3.183230554968983 69
    endloop
  endfacet
  facet normal 0.9510565162951536 -0.3090169943749472 0
    outer loop
      vertex 15.06237907416062 -5.963617754588886 28
      vertex 15.691047213170428 -4.028776172811796 63
      vertex 15.06237907416062 -5.963617754588886 63
    endloop
  endfacet
  facet normal 0.9822872507286887 -0.18738131458572452 -5.335628829097331e-19
    outer loop
      vertex 15.691047213170428 -4.028776172811796 28
      vertex 16.072258164251274 -2.030398384115248 28
      vertex 16.072258164251274 -2.030398384115248 63
    endloop
  endfacet
  facet normal 0.9980267284282714 -0.0627905195293132 2.7837031518357716e-21
    outer loop
      vertex 16.072258164251274 -2.030398384115248 28
      vertex 16.200000002980232 0 28
      vertex 16.200000002980232 0 63
    endloop
  endfacet
  facet normal 0.8550214848923314 -0.16310407135928026 0.4922756568006786
    outer loop
      vertex 15.691047213170428 -4.028776172811796 63
      vertex 16.072258164251274 -2.030398384115248 63
      vertex 12.699068173868584 -1.60426538924957 69
    endloop
  endfacet
  facet normal 0.9822872507286887 -0.18738131458572452 0
    outer loop
      vertex 15.691047213170428 -4.028776172811796 28
      vertex 16.072258164251274 -2.030398384115248 63
      vertex 15.691047213170428 -4.028776172811796 63
    endloop
  endfacet
  facet normal 0.9980267284282714 -0.0627905195293132 0
    outer loop
      vertex 16.072258164251274 -2.030398384115248 28
      vertex 16.200000002980232 0 63
      vertex 16.072258164251274 -2.030398384115248 63
    endloop
  endfacet
  facet normal 0.8687217457723783 -0.054655339571278744 0.49227565680067853
    outer loop
      vertex 16.072258164251274 -2.030398384115248 63
      vertex 16.200000002980232 0 63
      vertex 12.799999997019768 0 69
    endloop
  endfacet
  facet normal 0.10909497948691975 -0.8635756846809717 0.4922756568006784
    outer loop
      vertex 1.0172064165620134 -16.16803300351235 63
      vertex 2.398480826138838 -12.57327680639977 69
      vertex 0.8037186497880858 -12.774742120907524 69
    endloop
  endfacet
  facet normal 0.21646946597714828 -0.843092905924981 0.4922756568006786
    outer loop
      vertex 3.035577296847182 -15.913053464732199 63
      vertex 3.9554175270783842 -12.173523405743596 69
      vertex 2.398480826138838 -12.57327680639977 69
    endloop
  endfacet
  facet normal 0 0.8704393594766737 -0.4922756559833503
    outer loop
      vertex -0.5274403639526705 -8.383424517310305 69
      vertex 0.5274403639526705 -8.383424517310305 69
      vertex 0.740928130258772 -11.776715392479254 63
    endloop
  endfacet
  facet normal -0.10909497954485374 0.8635756851395656 -0.49227565598335016
    outer loop
      vertex 2.211099511553113 -11.590989555671081 63
      vertex 0.5274403639526705 -8.383424517310305 69
      vertex 1.5740030422408686 -8.251212904657262 69
    endloop
  endfacet
  facet normal -0.21646946609210263 0.8430929063726975 -0.4922756559833502
    outer loop
      vertex 3.646400532703437 -11.222466889448443 63
      vertex 1.5740030422408686 -8.251212904657262 69
      vertex 2.595742752289087 -7.988874735462105 69
    endloop
  endfacet
  facet normal -0.3204300998464876 0.8093140488330424 -0.49227565598335016
    outer loop
      vertex 5.0241956391989335 -10.676959216402436 63
      vertex 2.595742752289087 -7.988874735462105 69
      vertex 3.576546048512148 -7.600547239366267 69
    endloop
  endfacet
  facet normal 0 -1 0
    outer loop
      vertex -0.8037186497880858 -12.774742120907524 69
      vertex 0.8037186497880858 -12.774742120907524 69
      vertex 0.8037186497880858 -12.774742120907524 131.20000000298023
    endloop
  endfacet
  facet normal 0.12533323356430462 -0.9921147013144778 -2.210543593769462e-19
    outer loop
      vertex 0.8037186497880858 -12.774742120907524 69
      vertex 2.398480826138838 -12.57327680639977 69
      vertex 2.398480826138838 -12.57327680639977 131.20000000298023
    endloop
  endfacet
  facet normal 0.24868988716485468 -0.9685831611286312 4.446916502818944e-19
    outer loop
      vertex 2.398480826138838 -12.57327680639977 69
      vertex 3.9554175270783842 -12.173523405743596 69
      vertex 3.9554175270783842 -12.173523405743596 131.20000000298023
    endloop
  endfacet
  facet normal 0.32043009967632685 -0.8093140484032635 0.4922756568006784
    outer loop
      vertex 5.00607530979509 -15.407115566815856 63
      vertex 5.449974930764006 -11.581786268868456 69
      vertex 3.9554175270783842 -12.173523405743596 69
    endloop
  endfacet
  facet normal 0.4193373592879456 -0.7627718248774484 0.49227565680067864
    outer loop
      vertex 6.897624524623095 -14.658198252646113 63
      vertex 6.858582974134263 -10.807397443909503 69
      vertex 5.449974930764006 -11.581786268868456 69
    endloop
  endfacet
  facet normal 0.511631418243598 -0.7042002340155141 0.49227565680067864
    outer loop
      vertex 8.680394080256628 -13.678112395648942 63
      vertex 8.15902706688356 -9.862569505233791 69
      vertex 6.858582974134263 -10.807397443909503 69
    endloop
  endfacet
  facet normal 0.36812455268467814 -0.9297764858882515 1.664911216847117e-19
    outer loop
      vertex 3.9554175270783842 -12.173523405743596 69
      vertex 5.449974930764006 -11.581786268868456 69
      vertex 5.449974930764006 -11.581786268868456 131.20000000298023
    endloop
  endfacet
  facet normal 0.4817536741017147 -0.8763066800438639 -6.063330914823655e-19
    outer loop
      vertex 5.449974930764006 -11.581786268868456 69
      vertex 6.858582974134263 -10.807397443909503 69
      vertex 6.858582974134263 -10.807397443909503 131.20000000298023
    endloop
  endfacet
  facet normal 0.5877852522924728 -0.8090169943749477 -1.0966489212967917e-18
    outer loop
      vertex 6.858582974134263 -10.807397443909503 69
      vertex 8.15902706688356 -9.862569505233791 69
      vertex 8.15902706688356 -9.862569505233791 131.20000000298023
    endloop
  endfacet
  facet normal 0.12533323356430462 -0.9921147013144778 0
    outer loop
      vertex 0.8037186497880858 -12.774742120907524 69
      vertex 2.398480826138838 -12.57327680639977 131.20000000298023
      vertex 0.8037186497880858 -12.774742120907524 131.20000000298023
    endloop
  endfacet
  facet normal 0.24868988716485468 -0.9685831611286312 0
    outer loop
      vertex 2.398480826138838 -12.57327680639977 69
      vertex 3.9554175270783842 -12.173523405743596 131.20000000298023
      vertex 2.398480826138838 -12.57327680639977 131.20000000298023
    endloop
  endfacet
  facet normal 0 0 1
    outer loop
      vertex -0.8037186497880858 -12.774742120907524 131.20000000298023
      vertex 0.8037186497880858 -12.774742120907524 131.20000000298023
      vertex 0.5274403639526705 -8.383424517310305 131.20000000298023
    endloop
  endfacet
  facet normal 0 0 1
    outer loop
      vertex 0.8037186497880858 -12.774742120907524 131.20000000298023
      vertex 2.398480826138838 -12.57327680639977 131.20000000298023
      vertex 1.5740030422408686 -8.251212904657262 131.20000000298023
    endloop
  endfacet
  facet normal 0 0 1
    outer loop
      vertex 0.8037186497880858 -12.774742120907524 131.20000000298023
      vertex 1.5740030422408686 -8.251212904657262 131.20000000298023
      vertex 0.5274403639526705 -8.383424517310305 131.20000000298023
    endloop
  endfacet
  facet normal 0 0 1
    outer loop
      vertex 2.398480826138838 -12.57327680639977 131.20000000298023
      vertex 3.9554175270783842 -12.173523405743596 131.20000000298023
      vertex 2.595742752289087 -7.988874735462105 131.20000000298023
    endloop
  endfacet
  facet normal 0 0 1
    outer loop
      vertex 2.398480826138838 -12.57327680639977 131.20000000298023
      vertex 2.595742752289087 -7.988874735462105 131.20000000298023
      vertex 1.5740030422408686 -8.251212904657262 131.20000000298023
    endloop
  endfacet
  facet normal 0 0 1
    outer loop
      vertex 3.9554175270783842 -12.173523405743596 131.20000000298023
      vertex 3.576546048512148 -7.600547239366267 131.20000000298023
      vertex 2.595742752289087 -7.988874735462105 131.20000000298023
    endloop
  endfacet
  facet normal 0.36812455268467814 -0.9297764858882515 0
    outer loop
      vertex 3.9554175270783842 -12.173523405743596 69
      vertex 5.449974930764006 -11.581786268868456 131.20000000298023
      vertex 3.9554175270783842 -12.173523405743596 131.20000000298023
    endloop
  endfacet
  facet normal 0.4817536741017147 -0.8763066800438639 0
    outer loop
      vertex 5.449974930764006 -11.581786268868456 69
      vertex 6.858582974134263 -10.807397443909503 131.20000000298023
      vertex 5.449974930764006 -11.581786268868456 131.20000000298023
    endloop
  endfacet
  facet normal 0.5877852522924728 -0.8090169943749477 0
    outer loop
      vertex 6.858582974134263 -10.807397443909503 69
      vertex 8.15902706688356 -9.862569505233791 131.20000000298023
      vertex 6.858582974134263 -10.807397443909503 131.20000000298023
    endloop
  endfacet
  facet normal 0.6845471059286893 -0.728968627421411 0
    outer loop
      vertex 8.15902706688356 -9.862569505233791 69
      vertex 9.330798428821574 -8.762202953847103 131.20000000298023
      vertex 8.15902706688356 -9.862569505233791 131.20000000298023
    endloop
  endfacet
  facet normal 0 0 1
    outer loop
      vertex 3.9554175270783842 -12.173523405743596 131.20000000298023
      vertex 5.449974930764006 -11.581786268868456 131.20000000298023
      vertex 3.576546048512148 -7.600547239366267 131.20000000298023
    endloop
  endfacet
  facet normal 0 0 1
    outer loop
      vertex 5.449974930764006 -11.581786268868456 131.20000000298023
      vertex 4.500945077025124 -7.092354572958782 131.20000000298023
      vertex 3.576546048512148 -7.600547239366267 131.20000000298023
    endloop
  endfacet
  facet normal 0 0 1
    outer loop
      vertex 5.449974930764006 -11.581786268868456 131.20000000298023
      vertex 6.858582974134263 -10.807397443909503 131.20000000298023
      vertex 4.500945077025124 -7.092354572958782 131.20000000298023
    endloop
  endfacet
  facet normal 0 0 1
    outer loop
      vertex 6.858582974134263 -10.807397443909503 131.20000000298023
      vertex 8.15902706688356 -9.862569505233791 131.20000000298023
      vertex 5.35436151293916 -6.472311238168474 131.20000000298023
    endloop
  endfacet
  facet normal -0.12533323356430467 0.9921147013144778 0
    outer loop
      vertex 0.5274403639526705 -8.383424517310305 69
      vertex 0.5274403639526705 -8.383424517310305 131.20000000298023
      vertex 1.5740030422408686 -8.251212904657262 69
    endloop
  endfacet
  facet normal -0.24868988716485493 0.968583161128631 0
    outer loop
      vertex 1.5740030422408686 -8.251212904657262 69
      vertex 1.5740030422408686 -8.251212904657262 131.20000000298023
      vertex 2.595742752289087 -7.988874735462105 69
    endloop
  endfacet
  facet normal -0.36812455268467753 0.9297764858882516 0
    outer loop
      vertex 2.595742752289087 -7.988874735462105 69
      vertex 2.595742752289087 -7.988874735462105 131.20000000298023
      vertex 3.576546048512148 -7.600547239366267 69
    endloop
  endfacet
  facet normal -0.48175367410171493 0.8763066800438638 0
    outer loop
      vertex 3.576546048512148 -7.600547239366267 69
      vertex 3.576546048512148 -7.600547239366267 131.20000000298023
      vertex 4.500945077025124 -7.092354572958782 69
    endloop
  endfacet
  facet normal -0.4193373595106312 0.7627718252825113 -0.49227565598335005
    outer loop
      vertex 6.322756179155267 -9.963069518407487 63
      vertex 3.576546048512148 -7.600547239366267 69
      vertex 4.500945077025124 -7.092354572958782 69
    endloop
  endfacet
  facet normal -0.511631418515295 0.7042002343894735 -0.49227565598335
    outer loop
      vertex 7.52160307713487 -9.092056262458001 63
      vertex 4.500945077025124 -7.092354572958782 69
      vertex 5.35436151293916 -6.472311238168474 69
    endloop
  endfacet
  facet normal -0.5958567444161789 0.6345229851312831 -0.49227565598335016
    outer loop
      vertex 8.601829801400163 -8.077655847918415 63
      vertex 5.35436151293916 -6.472311238168474 69
      vertex 6.12333646925361 -5.750195688780929 69
    endloop
  endfacet
  facet normal -0.670685053510053 0.5548389293519153 -0.4922756559833501
    outer loop
      vertex 9.54640053121332 -6.935865975299446 63
      vertex 6.12333646925361 -5.750195688780929 69
      vertex 6.795742751544029 -4.937396118380906 69
    endloop
  endfacet
  facet normal -0.7349362586622432 0.46640473221195633 -0.49227565598335027
    outer loop
      vertex 10.340418821905992 -5.684693352964504 63
      vertex 6.795742751544029 -4.937396118380906 69
      vertex 7.360976111062654 -4.04673086173654 69
    endloop
  endfacet
  facet normal -0.5877852522924725 0.8090169943749479 0
    outer loop
      vertex 4.500945077025124 -7.092354572958782 69
      vertex 4.500945077025124 -7.092354572958782 131.20000000298023
      vertex 5.35436151293916 -6.472311238168474 69
    endloop
  endfacet
  facet normal -0.6845471059286892 0.7289686274214112 0
    outer loop
      vertex 5.35436151293916 -6.472311238168474 69
      vertex 5.35436151293916 -6.472311238168474 131.20000000298023
      vertex 6.12333646925361 -5.750195688780929 69
    endloop
  endfacet
  facet normal -0.7705132427757894 0.6374239897486895 0
    outer loop
      vertex 6.12333646925361 -5.750195688780929 69
      vertex 6.12333646925361 -5.750195688780929 131.20000000298023
      vertex 6.795742751544029 -4.937396118380906 69
    endloop
  endfacet
  facet normal -0.8443279255020155 0.535826794978996 0
    outer loop
      vertex 6.795742751544029 -4.937396118380906 69
      vertex 6.795742751544029 -4.937396118380906 131.20000000298023
      vertex 7.360976111062654 -4.04673086173654 69
    endloop
  endfacet
  facet normal -0.9048270524660189 0.42577929156507377 0
    outer loop
      vertex 7.360976111062654 -4.04673086173654 69
      vertex 7.360976111062654 -4.04673086173654 131.20000000298023
      vertex 7.810122480075836 -3.09224624200275 69
    endloop
  endfacet
  facet normal -0.9510565162951538 0.30901699437494695 0
    outer loop
      vertex 7.810122480075836 -3.09224624200275 69
      vertex 7.810122480075836 -3.09224624200275 131.20000000298023
      vertex 8.1360985520372 -2.0889950518142006 69
    endloop
  endfacet
  facet normal -0.9822872507286887 0.18738131458572477 0
    outer loop
      vertex 8.1360985520372 -2.0889950518142006 69
      vertex 8.1360985520372 -2.0889950518142006 131.20000000298023
      vertex 8.333763489563248 -1.0527991617533932 69
    endloop
  endfacet
  facet normal -0.9980267284282716 0.06279051952931318 0
    outer loop
      vertex 8.333763489563248 -1.0527991617533932 69
      vertex 8.333763489563248 -1.0527991617533932 131.20000000298023
      vertex 8.399999998509884 0 69
    endloop
  endfacet
  facet normal 0 1 0
    outer loop
      vertex -0.5274403639526705 -8.383424517310305 131.20000000298023
      vertex 0.5274403639526705 -8.383424517310305 131.20000000298023
      vertex 0.5274403639526705 -8.383424517310305 69
    endloop
  endfacet
  facet normal -0.12533323356430467 0.9921147013144778 0
    outer loop
      vertex 1.5740030422408686 -8.251212904657262 69
      vertex 0.5274403639526705 -8.383424517310305 131.20000000298023
      vertex 1.5740030422408686 -8.251212904657262 131.20000000298023
    endloop
  endfacet
  facet normal -0.24868988716485493 0.968583161128631 0
    outer loop
      vertex 2.595742752289087 -7.988874735462105 69
      vertex 1.5740030422408686 -8.251212904657262 131.20000000298023
      vertex 2.595742752289087 -7.988874735462105 131.20000000298023
    endloop
  endfacet
  facet normal -0.36812455268467753 0.9297764858882516 0
    outer loop
      vertex 3.576546048512148 -7.600547239366267 69
      vertex 2.595742752289087 -7.988874735462105 131.20000000298023
      vertex 3.576546048512148 -7.600547239366267 131.20000000298023
    endloop
  endfacet
  facet normal -0.48175367410171493 0.8763066800438638 0
    outer loop
      vertex 4.500945077025124 -7.092354572958782 69
      vertex 3.576546048512148 -7.600547239366267 131.20000000298023
      vertex 4.500945077025124 -7.092354572958782 131.20000000298023
    endloop
  endfacet
  facet normal -0.5877852522924725 0.8090169943749479 0
    outer loop
      vertex 5.35436151293916 -6.472311238168474 69
      vertex 4.500945077025124 -7.092354572958782 131.20000000298023
      vertex 5.35436151293916 -6.472311238168474 131.20000000298023
    endloop
  endfacet
  facet normal -0.6845471059286892 0.7289686274214112 0
    outer loop
      vertex 6.12333646925361 -5.750195688780929 69
      vertex 5.35436151293916 -6.472311238168474 131.20000000298023
      vertex 6.12333646925361 -5.750195688780929 131.20000000298023
    endloop
  endfacet
  facet normal -0.7705132427757894 0.6374239897486895 0
    outer loop
      vertex 6.795742751544029 -4.937396118380906 69
      vertex 6.12333646925361 -5.750195688780929 131.20000000298023
      vertex 6.795742751544029 -4.937396118380906 131.20000000298023
    endloop
  endfacet
  facet normal -0.8443279255020155 0.535826794978996 0
    outer loop
      vertex 7.360976111062654 -4.04673086173654 69
      vertex 6.795742751544029 -4.937396118380906 131.20000000298023
      vertex 7.360976111062654 -4.04673086173654 131.20000000298023
    endloop
  endfacet
  facet normal 0 0 1
    outer loop
      vertex 6.858582974134263 -10.807397443909503 131.20000000298023
      vertex 5.35436151293916 -6.472311238168474 131.20000000298023
      vertex 4.500945077025124 -7.092354572958782 131.20000000298023
    endloop
  endfacet
  facet normal 0 0 1
    outer loop
      vertex 8.15902706688356 -9.862569505233791 131.20000000298023
      vertex 6.12333646925361 -5.750195688780929 131.20000000298023
      vertex 5.35436151293916 -6.472311238168474 131.20000000298023
    endloop
  endfacet
  facet normal 0 0 1
    outer loop
      vertex 6.12333646925361 -5.750195688780929 131.20000000298023
      vertex 9.330798428821574 -8.762202953847103 131.20000000298023
      vertex 6.795742751544029 -4.937396118380906 131.20000000298023
    endloop
  endfacet
  facet normal 0 0 1
    outer loop
      vertex 8.15902706688356 -9.862569505233791 131.20000000298023
      vertex 9.330798428821574 -8.762202953847103 131.20000000298023
      vertex 6.12333646925361 -5.750195688780929 131.20000000298023
    endloop
  endfacet
  facet normal 0 0 1
    outer loop
      vertex 6.795742751544029 -4.937396118380906 131.20000000298023
      vertex 10.355417525588269 -7.52365122759192 131.20000000298023
      vertex 7.360976111062654 -4.04673086173654 131.20000000298023
    endloop
  endfacet
  facet normal -0.9048270524660189 0.42577929156507377 0
    outer loop
      vertex 7.810122480075836 -3.09224624200275 69
      vertex 7.360976111062654 -4.04673086173654 131.20000000298023
      vertex 7.810122480075836 -3.09224624200275 131.20000000298023
    endloop
  endfacet
  facet normal -0.9510565162951538 0.30901699437494695 0
    outer loop
      vertex 8.1360985520372 -2.0889950518142006 69
      vertex 7.810122480075836 -3.09224624200275 131.20000000298023
      vertex 8.1360985520372 -2.0889950518142006 131.20000000298023
    endloop
  endfacet
  facet normal -0.9822872507286887 0.18738131458572477 0
    outer loop
      vertex 8.333763489563248 -1.0527991617533932 69
      vertex 8.1360985520372 -2.0889950518142006 131.20000000298023
      vertex 8.333763489563248 -1.0527991617533932 131.20000000298023
    endloop
  endfacet
  facet normal -0.9980267284282716 0.06279051952931318 -7.161546603904382e-20
    outer loop
      vertex 8.333763489563248 -1.0527991617533932 131.20000000298023
      vertex 8.399999998509884 0 131.20000000298023
      vertex 8.399999998509884 0 69
    endloop
  endfacet
  facet normal 0.5958567440997549 -0.6345229847943255 0.49227565680067864
    outer loop
      vertex 10.326268635828448 -12.482314535264091 63
      vertex 9.330798428821574 -8.762202953847103 69
      vertex 8.15902706688356 -9.862569505233791 69
    endloop
  endfacet
  facet normal 0.6706850531538915 -0.5548389290572736 0.49227565680067864
    outer loop
      vertex 11.809291766399365 -11.089663118084863 63
      vertex 10.355417525588269 -7.52365122759192 69
      vertex 9.330798428821574 -8.762202953847103 69
    endloop
  endfacet
  facet normal 0.6845471059286893 -0.728968627421411 5.942031120052704e-19
    outer loop
      vertex 8.15902706688356 -9.862569505233791 69
      vertex 9.330798428821574 -8.762202953847103 69
      vertex 9.330798428821574 -8.762202953847103 131.20000000298023
    endloop
  endfacet
  facet normal 0.7349362582719621 -0.4664047319642763 0.49227565680067864
    outer loop
      vertex 13.106075311285208 -9.5221210888898 63
      vertex 11.216725501949854 -6.166447027066219 69
      vertex 10.355417525588269 -7.52365122759192 69
    endloop
  endfacet
  facet normal 0.7875970795674422 -0.3706150536315229 0.4922756568006786
    outer loop
      vertex 14.196168219322185 -7.804409521883527 63
      vertex 11.901139016598666 -4.711994273266787 69
      vertex 11.216725501949854 -6.166447027066219 69
    endloop
  endfacet
  facet normal 0.7705132427757889 -0.6374239897486901 -8.262576282737661e-19
    outer loop
      vertex 9.330798428821574 -8.762202953847103 69
      vertex 10.355417525588269 -7.52365122759192 69
      vertex 10.355417525588269 -7.52365122759192 131.20000000298023
    endloop
  endfacet
  facet normal 0.8443279255020155 -0.5358267949789959 7.128734089027807e-20
    outer loop
      vertex 10.355417525588269 -7.52365122759192 69
      vertex 11.216725501949854 -6.166447027066219 69
      vertex 11.216725501949854 -6.166447027066219 131.20000000298023
    endloop
  endfacet
  facet normal 0.9048270524660191 -0.4257792915650737 4.436058193397706e-19
    outer loop
      vertex 11.216725501949854 -6.166447027066219 69
      vertex 11.901139016598666 -4.711994273266787 69
      vertex 11.901139016598666 -4.711994273266787 131.20000000298023
    endloop
  endfacet
  facet normal -0.7875970799856883 0.3706150538283351 -0.49227565598335016
    outer loop
      vertex 10.971362530710415 -4.343869720582108 63
      vertex 7.360976111062654 -4.04673086173654 69
      vertex 7.810122480075836 -3.09224624200275 69
    endloop
  endfacet
  facet normal -0.8278370248700704 0.268980554651136 -0.49227565598335016
    outer loop
      vertex 11.429281298431246 -2.9345406678041286 63
      vertex 7.810122480075836 -3.09224624200275 69
      vertex 8.1360985520372 -2.0889950518142006 69
    endloop
  endfacet
  facet normal -0.8550214853463828 0.1631040714458954 -0.4922756559833501
    outer loop
      vertex 11.706953472554106 -1.4789321556852657 63
      vertex 8.1360985520372 -2.0889950518142006 69
      vertex 8.333763489563248 -1.0527991617533932 69
    endloop
  endfacet
  facet normal -0.868721746233705 0.054655339600302943 -0.49227565598335016
    outer loop
      vertex 8.333763489563248 -1.0527991617533932 69
      vertex 8.399999998509884 0 69
      vertex 11.799999997019768 0 63
    endloop
  endfacet
  facet normal 0.9510565162951538 -0.30901699437494734 -4.97071744693223e-19
    outer loop
      vertex 11.901139016598666 -4.711994273266787 69
      vertex 12.397864459559877 -3.183230554968983 69
      vertex 12.397864459559877 -3.183230554968983 131.20000000298023
    endloop
  endfacet
  facet normal 0.9822872507286888 -0.18738131458572424 1.4472289466317629e-19
    outer loop
      vertex 12.397864459559877 -3.183230554968983 69
      vertex 12.699068173868584 -1.60426538924957 69
      vertex 12.699068173868584 -1.60426538924957 131.20000000298023
    endloop
  endfacet
  facet normal 0.9980267284282716 -0.06279051952931348 -8.876049616632972e-20
    outer loop
      vertex 12.699068173868584 -1.60426538924957 69
      vertex 12.799999997019768 0 69
      vertex 12.799999997019768 0 131.20000000298023
    endloop
  endfacet
  facet normal 0.8278370244304551 -0.2689805545082964 0.49227565680067853
    outer loop
      vertex 15.06237907416062 -5.963617754588886 63
      vertex 12.397864459559877 -3.183230554968983 69
      vertex 11.901139016598666 -4.711994273266787 69
    endloop
  endfacet
  facet normal 0.8550214848923314 -0.16310407135928007 0.4922756568006786
    outer loop
      vertex 15.691047213170428 -4.028776172811796 63
      vertex 12.699068173868584 -1.60426538924957 69
      vertex 12.397864459559877 -3.183230554968983 69
    endloop
  endfacet
  facet normal 0.8687217457723783 -0.05465533957127899 0.49227565680067864
    outer loop
      vertex 16.072258164251274 -2.030398384115248 63
      vertex 12.799999997019768 0 69
      vertex 12.699068173868584 -1.60426538924957 69
    endloop
  endfacet
  facet normal 0.7705132427757889 -0.6374239897486901 0
    outer loop
      vertex 9.330798428821574 -8.762202953847103 69
      vertex 10.355417525588269 -7.52365122759192 131.20000000298023
      vertex 9.330798428821574 -8.762202953847103 131.20000000298023
    endloop
  endfacet
  facet normal 0.8443279255020155 -0.5358267949789959 0
    outer loop
      vertex 10.355417525588269 -7.52365122759192 69
      vertex 11.216725501949854 -6.166447027066219 131.20000000298023
      vertex 10.355417525588269 -7.52365122759192 131.20000000298023
    endloop
  endfacet
  facet normal 0.9048270524660191 -0.4257792915650737 0
    outer loop
      vertex 11.216725501949854 -6.166447027066219 69
      vertex 11.901139016598666 -4.711994273266787 131.20000000298023
      vertex 11.216725501949854 -6.166447027066219 131.20000000298023
    endloop
  endfacet
  facet normal 0 0 1
    outer loop
      vertex 6.795742751544029 -4.937396118380906 131.20000000298023
      vertex 9.330798428821574 -8.762202953847103 131.20000000298023
      vertex 10.355417525588269 -7.52365122759192 131.20000000298023
    endloop
  endfacet
  facet normal 0 0 1
    outer loop
      vertex 7.360976111062654 -4.04673086173654 131.20000000298023
      vertex 11.216725501949854 -6.166447027066219 131.20000000298023
      vertex 7.810122480075836 -3.09224624200275 131.20000000298023
    endloop
  endfacet
  facet normal 0 0 1
    outer loop
      vertex 7.360976111062654 -4.04673086173654 131.20000000298023
      vertex 10.355417525588269 -7.52365122759192 131.20000000298023
      vertex 11.216725501949854 -6.166447027066219 131.20000000298023
    endloop
  endfacet
  facet normal 0 0 1
    outer loop
      vertex 7.810122480075836 -3.09224624200275 131.20000000298023
      vertex 11.216725501949854 -6.166447027066219 131.20000000298023
      vertex 11.901139016598666 -4.711994273266787 131.20000000298023
    endloop
  endfacet
  facet normal 0.9510565162951538 -0.30901699437494734 0
    outer loop
      vertex 11.901139016598666 -4.711994273266787 69
      vertex 12.397864459559877 -3.183230554968983 131.20000000298023
      vertex 11.901139016598666 -4.711994273266787 131.20000000298023
    endloop
  endfacet
  facet normal 0.9822872507286888 -0.18738131458572424 0
    outer loop
      vertex 12.397864459559877 -3.183230554968983 69
      vertex 12.699068173868584 -1.60426538924957 131.20000000298023
      vertex 12.397864459559877 -3.183230554968983 131.20000000298023
    endloop
  endfacet
  facet normal 0.9980267284282716 -0.06279051952931348 0
    outer loop
      vertex 12.699068173868584 -1.60426538924957 69
      vertex 12.799999997019768 0 131.20000000298023
      vertex 12.699068173868584 -1.60426538924957 131.20000000298023
    endloop
  endfacet
  facet normal 0 0 1
    outer loop
      vertex 7.810122480075836 -3.09224624200275 131.20000000298023
      vertex 11.901139016598666 -4.711994273266787 131.20000000298023
      vertex 8.1360985520372 -2.0889950518142006 131.20000000298023
    endloop
  endfacet
  facet normal 0 0 1
    outer loop
      vertex 8.1360985520372 -2.0889950518142006 131.20000000298023
      vertex 12.397864459559877 -3.183230554968983 131.20000000298023
      vertex 8.333763489563248 -1.0527991617533932 131.20000000298023
    endloop
  endfacet
  facet normal 0 0 1
    outer loop
      vertex 8.333763489563248 -1.0527991617533932 131.20000000298023
      vertex 12.699068173868584 -1.60426538924957 131.20000000298023
      vertex 8.399999998509884 0 131.20000000298023
    endloop
  endfacet
  facet normal 0 0 1
    outer loop
      vertex 8.1360985520372 -2.0889950518142006 131.20000000298023
      vertex 11.901139016598666 -4.711994273266787 131.20000000298023
      vertex 12.397864459559877 -3.183230554968983 131.20000000298023
    endloop
  endfacet
  facet normal 0 0 1
    outer loop
      vertex 8.333763489563248 -1.0527991617533932 131.20000000298023
      vertex 12.397864459559877 -3.183230554968983 131.20000000298023
      vertex 12.699068173868584 -1.60426538924957 131.20000000298023
    endloop
  endfacet
  facet normal 0 0 1
    outer loop
      vertex 12.699068173868584 -1.60426538924957 131.20000000298023
      vertex 12.799999997019768 0 131.20000000298023
      vertex 8.399999998509884 0 131.20000000298023
    endloop
  endfacet
  facet normal -0.6845471059286875 -0.7289686274214126 5.344563151371746e-20
    outer loop
      vertex 7.521603077134867 9.092056262458003 28
      vertex 8.60182980140016 8.077655847918418 28
      vertex 8.60182980140016 8.077655847918418 63
    endloop
  endfacet
  facet normal -0.5116314185152961 -0.7042002343894728 -0.49227565598335016
    outer loop
      vertex 6.322756179155272 9.963069518407485 63
      vertex 7.521603077134867 9.092056262458003 63
      vertex 5.354361512939158 6.472311238168475 69
    endloop
  endfacet
  facet normal -0.5958567444161776 -0.6345229851312845 -0.4922756559833502
    outer loop
      vertex 7.521603077134867 9.092056262458003 63
      vertex 8.60182980140016 8.077655847918418 63
      vertex 6.123336469253609 5.750195688780931 69
    endloop
  endfacet
  facet normal -0.6706850535100536 -0.5548389293519147 -0.49227565598335016
    outer loop
      vertex 9.54640053121332 6.935865975299446 63
      vertex 6.795742751544029 4.937396118380906 69
      vertex 8.60182980140016 8.077655847918418 63
    endloop
  endfacet
  facet normal 0 -1 0
    outer loop
      vertex -0.7974395982094089 12.6749394540134 0
      vertex 0.7974395982094089 12.6749394540134 0
      vertex 0.7974395982094089 12.6749394540134 25
    endloop
  endfacet
  facet normal -0.1253332335643029 -0.9921147013144779 1.5197656831437138e-19
    outer loop
      vertex 0.7974395982094089 12.6749394540134 0
      vertex 2.379742695797142 12.475048087181792 0
      vertex 2.379742695797142 12.475048087181792 25
    endloop
  endfacet
  facet normal -0.24868988716485546 -0.968583161128631 3.231191085328348e-20
    outer loop
      vertex 2.379742695797142 12.475048087181792 0
      vertex 3.9245158294827744 12.07841775978282 0
      vertex 3.9245158294827744 12.07841775978282 25
    endloop
  endfacet
  facet normal -0.1253332335643029 -0.9921147013144779 0
    outer loop
      vertex 0.7974395982094089 12.6749394540134 0
      vertex 2.379742695797142 12.475048087181792 25
      vertex 0.7974395982094089 12.6749394540134 25
    endloop
  endfacet
  facet normal 0 -0.9579822280890855 -0.28682756259723624
    outer loop
      vertex -0.7974395982094089 12.6749394540134 25
      vertex 0.7974395982094089 12.6749394540134 25
      vertex 0.7409281302587664 11.776715392479254 28
    endloop
  endfacet
  facet normal -0.12006701034354203 -0.950428252085181 -0.28682756259723624
    outer loop
      vertex 0.7409281302587664 11.776715392479254 28
      vertex 0.7974395982094089 12.6749394540134 25
      vertex 2.21109951155311 11.590989555671083 28
    endloop
  endfacet
  facet normal -0.12006701034354064 -0.950428252085181 -0.2868275625972369
    outer loop
      vertex 0.7974395982094089 12.6749394540134 25
      vertex 2.379742695797142 12.475048087181792 25
      vertex 2.21109951155311 11.590989555671083 28
    endloop
  endfacet
  facet normal -0.24868988716485546 -0.968583161128631 0
    outer loop
      vertex 2.379742695797142 12.475048087181792 0
      vertex 3.9245158294827744 12.07841775978282 25
      vertex 2.379742695797142 12.475048087181792 25
    endloop
  endfacet
  facet normal -0.23824049220941118 -0.9278854547875753 -0.2868275625972369
    outer loop
      vertex 2.21109951155311 11.590989555671083 28
      vertex 2.379742695797142 12.475048087181792 25
      vertex 3.646400532703437 11.222466889448443 28
    endloop
  endfacet
  facet normal -0.3526567791951653 -0.8907093495760672 -0.2868275625972368
    outer loop
      vertex 3.646400532703437 11.222466889448443 28
      vertex 3.9245158294827744 12.07841775978282 25
      vertex 5.024195639198937 10.676959216402436 28
    endloop
  endfacet
  facet normal -0.23824049220941143 -0.9278854547875753 -0.2868275625972368
    outer loop
      vertex 2.379742695797142 12.475048087181792 25
      vertex 3.9245158294827744 12.07841775978282 25
      vertex 3.646400532703437 11.222466889448443 28
    endloop
  endfacet
  facet normal 0 0 -1
    outer loop
      vertex 0.7974395982094089 12.6749394540134 0
      vertex 1.0737178840448223 17.06625705761062 0
      vertex 2.379742695797142 12.475048087181792 0
    endloop
  endfacet
  facet normal 0 0 -1
    outer loop
      vertex -1.0737178840448223 17.06625705761062 0
      vertex 1.0737178840448223 17.06625705761062 0
      vertex 0.7974395982094089 12.6749394540134 0
    endloop
  endfacet
  facet normal 0.12533323356430406 0.9921147013144778 0
    outer loop
      vertex 1.0737178840448223 17.06625705761062 0
      vertex 1.0737178840448223 17.06625705761062 25
      vertex 3.20422047969511 16.7971119889243 0
    endloop
  endfacet
  facet normal 0 0 -1
    outer loop
      vertex 2.379742695797142 12.475048087181792 0
      vertex 3.20422047969511 16.7971119889243 0
      vertex 3.9245158294827744 12.07841775978282 0
    endloop
  endfacet
  facet normal 0 0 -1
    outer loop
      vertex 2.379742695797142 12.475048087181792 0
      vertex 1.0737178840448223 17.06625705761062 0
      vertex 3.20422047969511 16.7971119889243 0
    endloop
  endfacet
  facet normal 0 0 -1
    outer loop
      vertex 3.9245158294827744 12.07841775978282 0
      vertex 3.20422047969511 16.7971119889243 0
      vertex 5.284190604272072 16.26306643006431 0
    endloop
  endfacet
  facet normal 0.2486898871648557 0.9685831611286309 0
    outer loop
      vertex 3.20422047969511 16.7971119889243 0
      vertex 3.20422047969511 16.7971119889243 25
      vertex 5.284190604272072 16.26306643006431 0
    endloop
  endfacet
  facet normal 0 1 0
    outer loop
      vertex -1.0737178840448223 17.06625705761062 25
      vertex 1.0737178840448223 17.06625705761062 25
      vertex 1.0737178840448223 17.06625705761062 0
    endloop
  endfacet
  facet normal 0 0.9579822287415344 0.2868275604181062
    outer loop
      vertex -1.0172064165620054 16.16803300351235 28
      vertex 1.0172064165620054 16.16803300351235 28
      vertex 1.0737178840448223 17.06625705761062 25
    endloop
  endfacet
  facet normal 0.12006701042531533 0.9504282527324853 0.2868275604181063
    outer loop
      vertex 1.0172064165620054 16.16803300351235 28
      vertex 3.20422047969511 16.7971119889243 25
      vertex 1.0737178840448223 17.06625705761062 25
    endloop
  endfacet
  facet normal 0.12533323356430406 0.9921147013144778 0
    outer loop
      vertex 3.20422047969511 16.7971119889243 0
      vertex 1.0737178840448223 17.06625705761062 25
      vertex 3.20422047969511 16.7971119889243 25
    endloop
  endfacet
  facet normal 0.12006701042531458 0.9504282527324855 0.28682756041810575
    outer loop
      vertex 1.0172064165620054 16.16803300351235 28
      vertex 3.035577296847178 15.9130534647322 28
      vertex 3.20422047969511 16.7971119889243 25
    endloop
  endfacet
  facet normal 0.23824049237166922 0.9278854554195266 0.28682756041810575
    outer loop
      vertex 3.035577296847178 15.9130534647322 28
      vertex 5.284190604272072 16.26306643006431 25
      vertex 3.20422047969511 16.7971119889243 25
    endloop
  endfacet
  facet normal -0.3681245526846783 -0.9297764858882512 2.3561450090454586e-19
    outer loop
      vertex 3.9245158294827744 12.07841775978282 0
      vertex 5.407397004145345 11.491303569015042 0
      vertex 5.407397004145345 11.491303569015042 25
    endloop
  endfacet
  facet normal -0.48175367410171516 -0.8763066800438637 -8.653452809492158e-19
    outer loop
      vertex 5.407397004145345 11.491303569015042 0
      vertex 6.805000297830146 10.722964656391884 0
      vertex 6.805000297830146 10.722964656391884 25
    endloop
  endfacet
  facet normal -0.5877852522924732 -0.8090169943749472 0
    outer loop
      vertex 8.095284671708031 9.785518185548831 0
      vertex 8.095284671708031 9.785518185548831 25
      vertex 6.805000297830146 10.722964656391884 0
    endloop
  endfacet
  facet normal 0 0 -1
    outer loop
      vertex 5.407397004145345 11.491303569015042 0
      vertex 7.280825886397204 15.472542598517231 0
      vertex 6.805000297830146 10.722964656391884 0
    endloop
  endfacet
  facet normal 0 0 -1
    outer loop
      vertex 8.095284671708031 9.785518185548831 0
      vertex 6.805000297830146 10.722964656391884 0
      vertex 9.162638194939287 14.438007527342604 0
    endloop
  endfacet
  facet normal -0.3681245526846783 -0.9297764858882512 0
    outer loop
      vertex 3.9245158294827744 12.07841775978282 0
      vertex 5.407397004145345 11.491303569015042 25
      vertex 3.9245158294827744 12.07841775978282 25
    endloop
  endfacet
  facet normal -0.48175367410171516 -0.8763066800438637 0
    outer loop
      vertex 5.407397004145345 11.491303569015042 0
      vertex 6.805000297830146 10.722964656391884 25
      vertex 5.407397004145345 11.491303569015042 25
    endloop
  endfacet
  facet normal -0.35265677919516614 -0.8907093495760672 -0.28682756259723646
    outer loop
      vertex 3.9245158294827744 12.07841775978282 25
      vertex 5.407397004145345 11.491303569015042 25
      vertex 5.024195639198937 10.676959216402436 28
    endloop
  endfacet
  facet normal -0.46151145810606437 -0.8394862258377697 -0.28682756259723646
    outer loop
      vertex 6.322756179155272 9.963069518407485 28
      vertex 5.024195639198937 10.676959216402436 28
      vertex 5.407397004145345 11.491303569015042 25
    endloop
  endfacet
  facet normal -0.46151145810606414 -0.8394862258377697 -0.2868275625972365
    outer loop
      vertex 6.322756179155272 9.963069518407485 28
      vertex 5.407397004145345 11.491303569015042 25
      vertex 6.805000297830146 10.722964656391884 25
    endloop
  endfacet
  facet normal -0.5877852522924732 -0.8090169943749472 0
    outer loop
      vertex 6.805000297830146 10.722964656391884 0
      vertex 8.095284671708031 9.785518185548831 25
      vertex 6.805000297830146 10.722964656391884 25
    endloop
  endfacet
  facet normal -0.6845471059286881 -0.7289686274214121 0
    outer loop
      vertex 8.095284671708031 9.785518185548831 0
      vertex 9.257901570424423 8.693748247334456 25
      vertex 8.095284671708031 9.785518185548831 25
    endloop
  endfacet
  facet normal -0.5630878256290492 -0.7750239028332467 -0.2868275625972366
    outer loop
      vertex 6.322756179155272 9.963069518407485 28
      vertex 6.805000297830146 10.722964656391884 25
      vertex 7.521603077134867 9.092056262458003 28
    endloop
  endfacet
  facet normal -0.5630878256290487 -0.7750239028332471 -0.28682756259723685
    outer loop
      vertex 7.521603077134867 9.092056262458003 28
      vertex 6.805000297830146 10.722964656391884 25
      vertex 8.095284671708031 9.785518185548831 25
    endloop
  endfacet
  facet normal -0.6557839617694993 -0.6983389899042071 -0.2868275625972369
    outer loop
      vertex 7.521603077134867 9.092056262458003 28
      vertex 8.095284671708031 9.785518185548831 25
      vertex 8.60182980140016 8.077655847918418 28
    endloop
  endfacet
  facet normal 0 0 -1
    outer loop
      vertex 3.9245158294827744 12.07841775978282 0
      vertex 5.284190604272072 16.26306643006431 0
      vertex 5.407397004145345 11.491303569015042 0
    endloop
  endfacet
  facet normal 0 0 -1
    outer loop
      vertex 5.407397004145345 11.491303569015042 0
      vertex 5.284190604272072 16.26306643006431 0
      vertex 7.280825886397204 15.472542598517231 0
    endloop
  endfacet
  facet normal 0.3681245526846775 0.9297764858882517 0
    outer loop
      vertex 5.284190604272072 16.26306643006431 0
      vertex 5.284190604272072 16.26306643006431 25
      vertex 7.280825886397204 15.472542598517231 0
    endloop
  endfacet
  facet normal 0 0 -1
    outer loop
      vertex 6.805000297830146 10.722964656391884 0
      vertex 7.280825886397204 15.472542598517231 0
      vertex 9.162638194939287 14.438007527342604 0
    endloop
  endfacet
  facet normal 0.4817536741017153 0.8763066800438635 0
    outer loop
      vertex 7.280825886397204 15.472542598517231 0
      vertex 7.280825886397204 15.472542598517231 25
      vertex 9.162638194939287 14.438007527342604 0
    endloop
  endfacet
  facet normal 0.2486898871648557 0.9685831611286309 -1.1426482309435437e-18
    outer loop
      vertex 3.20422047969511 16.7971119889243 25
      vertex 5.284190604272072 16.26306643006431 25
      vertex 5.284190604272072 16.26306643006431 0
    endloop
  endfacet
  facet normal 0.238240492371669 0.9278854554195268 0.2868275604181056
    outer loop
      vertex 3.035577296847178 15.9130534647322 28
      vertex 5.00607530979509 15.407115566815856 28
      vertex 5.284190604272072 16.26306643006431 25
    endloop
  endfacet
  facet normal 0.35265677943534784 0.8907093501826994 0.2868275604181056
    outer loop
      vertex 5.00607530979509 15.407115566815856 28
      vertex 7.280825886397204 15.472542598517231 25
      vertex 5.284190604272072 16.26306643006431 25
    endloop
  endfacet
  facet normal 0.35265677943534757 0.8907093501826995 0.2868275604181055
    outer loop
      vertex 5.00607530979509 15.407115566815856 28
      vertex 6.897624524623099 14.65819825264611 28
      vertex 7.280825886397204 15.472542598517231 25
    endloop
  endfacet
  facet normal 0.4817536741017153 0.8763066800438635 6.379718844259954e-19
    outer loop
      vertex 7.280825886397204 15.472542598517231 25
      vertex 9.162638194939287 14.438007527342604 25
      vertex 9.162638194939287 14.438007527342604 0
    endloop
  endfacet
  facet normal 0.4615114584203842 0.8394862264095153 0.2868275604181054
    outer loop
      vertex 6.897624524623099 14.65819825264611 28
      vertex 9.162638194939287 14.438007527342604 25
      vertex 7.280825886397204 15.472542598517231 25
    endloop
  endfacet
  facet normal 0.4615114584203838 0.8394862264095156 0.2868275604181051
    outer loop
      vertex 6.897624524623099 14.65819825264611 28
      vertex 8.680394080256635 13.678112395648938 28
      vertex 9.162638194939287 14.438007527342604 25
    endloop
  endfacet
  facet normal 0.3681245526846775 0.9297764858882517 0
    outer loop
      vertex 7.280825886397204 15.472542598517231 0
      vertex 5.284190604272072 16.26306643006431 25
      vertex 7.280825886397204 15.472542598517231 25
    endloop
  endfacet
  facet normal 0 -1 0
    outer loop
      vertex -0.7409281302587664 11.776715392479254 28
      vertex 0.7409281302587664 11.776715392479254 28
      vertex 0.7409281302587664 11.776715392479254 63
    endloop
  endfacet
  facet normal -0.1253332335643043 -0.9921147013144778 -4.523797410596121e-19
    outer loop
      vertex 0.7409281302587664 11.776715392479254 28
      vertex 2.21109951155311 11.590989555671083 28
      vertex 2.21109951155311 11.590989555671083 63
    endloop
  endfacet
  facet normal -0.24868988716485518 -0.968583161128631 1.5041410852682306e-19
    outer loop
      vertex 2.21109951155311 11.590989555671083 28
      vertex 3.646400532703437 11.222466889448443 28
      vertex 3.646400532703437 11.222466889448443 63
    endloop
  endfacet
  facet normal 0 -0.8704393594766738 -0.4922756559833503
    outer loop
      vertex -0.7409281302587664 11.776715392479254 63
      vertex 0.7409281302587664 11.776715392479254 63
      vertex 0.5274403639526664 8.383424517310305 69
    endloop
  endfacet
  facet normal -0.10909497954485345 -0.8635756851395657 -0.4922756559833502
    outer loop
      vertex 0.7409281302587664 11.776715392479254 63
      vertex 2.21109951155311 11.590989555671083 63
      vertex 1.5740030422408664 8.251212904657264 69
    endloop
  endfacet
  facet normal -0.1253332335643043 -0.9921147013144778 0
    outer loop
      vertex 0.7409281302587664 11.776715392479254 28
      vertex 2.21109951155311 11.590989555671083 63
      vertex 0.7409281302587664 11.776715392479254 63
    endloop
  endfacet
  facet normal -0.21646946609210285 -0.8430929063726976 -0.4922756559833502
    outer loop
      vertex 2.21109951155311 11.590989555671083 63
      vertex 3.646400532703437 11.222466889448443 63
      vertex 2.595742752289087 7.988874735462105 69
    endloop
  endfacet
  facet normal -0.32043009984648785 -0.8093140488330424 -0.4922756559833502
    outer loop
      vertex 3.646400532703437 11.222466889448443 63
      vertex 5.024195639198937 10.676959216402436 63
      vertex 3.5765460485121503 7.600547239366266 69
    endloop
  endfacet
  facet normal -0.24868988716485518 -0.968583161128631 0
    outer loop
      vertex 2.21109951155311 11.590989555671083 28
      vertex 3.646400532703437 11.222466889448443 63
      vertex 2.21109951155311 11.590989555671083 63
    endloop
  endfacet
  facet normal -0.3681245526846776 -0.9297764858882516 0
    outer loop
      vertex 3.646400532703437 11.222466889448443 28
      vertex 5.024195639198937 10.676959216402436 63
      vertex 3.646400532703437 11.222466889448443 63
    endloop
  endfacet
  facet normal 0.1253332335643033 0.9921147013144779 0
    outer loop
      vertex 1.0172064165620054 16.16803300351235 28
      vertex 1.0172064165620054 16.16803300351235 63
      vertex 3.035577296847178 15.9130534647322 28
    endloop
  endfacet
  facet normal 0.2486898871648554 0.9685831611286309 0
    outer loop
      vertex 3.035577296847178 15.9130534647322 28
      vertex 3.035577296847178 15.9130534647322 63
      vertex 5.00607530979509 15.407115566815856 28
    endloop
  endfacet
  facet normal 0 1 0
    outer loop
      vertex -1.0172064165620054 16.16803300351235 63
      vertex 1.0172064165620054 16.16803300351235 63
      vertex 1.0172064165620054 16.16803300351235 28
    endloop
  endfacet
  facet normal 0.10909497948691864 0.8635756846809719 0.4922756568006785
    outer loop
      vertex 1.0172064165620054 16.16803300351235 63
      vertex 0.8037186497880796 12.774742120907524 69
      vertex 3.035577296847178 15.9130534647322 63
    endloop
  endfacet
  facet normal 0.21646946597714894 0.8430929059249808 0.4922756568006785
    outer loop
      vertex 3.035577296847178 15.9130534647322 63
      vertex 2.398480826138835 12.573276806399772 69
      vertex 5.00607530979509 15.407115566815856 63
    endloop
  endfacet
  facet normal 0.1253332335643033 0.9921147013144779 0
    outer loop
      vertex 3.035577296847178 15.9130534647322 28
      vertex 1.0172064165620054 16.16803300351235 63
      vertex 3.035577296847178 15.9130534647322 63
    endloop
  endfacet
  facet normal -0.4817536741017154 -0.8763066800438636 0
    outer loop
      vertex 6.322756179155272 9.963069518407485 28
      vertex 6.322756179155272 9.963069518407485 63
      vertex 5.024195639198937 10.676959216402436 28
    endloop
  endfacet
  facet normal -0.3681245526846776 -0.9297764858882516 -2.708485427560535e-19
    outer loop
      vertex 3.646400532703437 11.222466889448443 28
      vertex 5.024195639198937 10.676959216402436 28
      vertex 5.024195639198937 10.676959216402436 63
    endloop
  endfacet
  facet normal -0.5877852522924738 -0.8090169943749469 -1.7528614886287993e-18
    outer loop
      vertex 6.322756179155272 9.963069518407485 28
      vertex 7.521603077134867 9.092056262458003 28
      vertex 7.521603077134867 9.092056262458003 63
    endloop
  endfacet
  facet normal -0.4817536741017154 -0.8763066800438636 0
    outer loop
      vertex 5.024195639198937 10.676959216402436 28
      vertex 6.322756179155272 9.963069518407485 63
      vertex 5.024195639198937 10.676959216402436 63
    endloop
  endfacet
  facet normal -0.4193373595106314 -0.7627718252825112 -0.49227565598335016
    outer loop
      vertex 6.322756179155272 9.963069518407485 63
      vertex 4.500945077025127 7.09235457295878 69
      vertex 5.024195639198937 10.676959216402436 63
    endloop
  endfacet
  facet normal -0.5877852522924738 -0.8090169943749469 0
    outer loop
      vertex 6.322756179155272 9.963069518407485 28
      vertex 7.521603077134867 9.092056262458003 63
      vertex 6.322756179155272 9.963069518407485 63
    endloop
  endfacet
  facet normal -0.6845471059286875 -0.7289686274214126 0
    outer loop
      vertex 7.521603077134867 9.092056262458003 28
      vertex 8.60182980140016 8.077655847918418 63
      vertex 7.521603077134867 9.092056262458003 63
    endloop
  endfacet
  facet normal 0.36812455268467725 0.9297764858882518 0
    outer loop
      vertex 5.00607530979509 15.407115566815856 28
      vertex 5.00607530979509 15.407115566815856 63
      vertex 6.897624524623099 14.65819825264611 28
    endloop
  endfacet
  facet normal 0.48175367410171493 0.8763066800438638 0
    outer loop
      vertex 6.897624524623099 14.65819825264611 28
      vertex 6.897624524623099 14.65819825264611 63
      vertex 8.680394080256635 13.678112395648938 28
    endloop
  endfacet
  facet normal 0.36812455268467725 0.9297764858882518 0
    outer loop
      vertex 6.897624524623099 14.65819825264611 28
      vertex 5.00607530979509 15.407115566815856 63
      vertex 6.897624524623099 14.65819825264611 63
    endloop
  endfacet
  facet normal 0.3204300996763261 0.8093140484032638 0.4922756568006785
    outer loop
      vertex 5.00607530979509 15.407115566815856 63
      vertex 3.9554175270783842 12.173523405743596 69
      vertex 6.897624524623099 14.65819825264611 63
    endloop
  endfacet
  facet normal 0.2486898871648554 0.9685831611286309 0
    outer loop
      vertex 5.00607530979509 15.407115566815856 28
      vertex 3.035577296847178 15.9130534647322 63
      vertex 5.00607530979509 15.407115566815856 63
    endloop
  endfacet
  facet normal 0.48175367410171493 0.8763066800438638 -1.157744797954461e-18
    outer loop
      vertex 6.897624524623099 14.65819825264611 63
      vertex 8.680394080256635 13.678112395648938 63
      vertex 8.680394080256635 13.678112395648938 28
    endloop
  endfacet
  facet normal 0.4193373592879457 0.7627718248774483 0.49227565680067864
    outer loop
      vertex 6.897624524623099 14.65819825264611 63
      vertex 5.44997493076401 11.581786268868454 69
      vertex 8.680394080256635 13.678112395648938 63
    endloop
  endfacet
  facet normal -0.9980267284282717 -0.06279051952931351 0
    outer loop
      vertex 12.700000002980232 0 0
      vertex 12.700000002980232 0 25
      vertex 12.5998567096506 1.5917320666401862 0
    endloop
  endfacet
  facet normal -0.9822872507286888 -0.18738131458572474 0
    outer loop
      vertex 12.5998567096506 1.5917320666401862 0
      vertex 12.5998567096506 1.5917320666401862 25
      vertex 12.301006149220218 3.1583615677348096 0
    endloop
  endfacet
  facet normal -0.9510565162951536 -0.30901699437494723 0
    outer loop
      vertex 12.301006149220218 3.1583615677348096 0
      vertex 12.301006149220218 3.1583615677348096 25
      vertex 11.808161373551743 4.675181820192507 0
    endloop
  endfacet
  facet normal -0.9980267284282717 -0.06279051952931351 0
    outer loop
      vertex 12.5998567096506 1.5917320666401862 0
      vertex 12.700000002980232 0 25
      vertex 12.5998567096506 1.5917320666401862 25
    endloop
  endfacet
  facet normal -0.9560918689921762 -0.06015220180156268 -0.2868275625972366
    outer loop
      vertex 11.706953472554106 1.4789321556852681 28
      vertex 12.5998567096506 1.5917320666401862 25
      vertex 11.799999997019768 0 28
    endloop
  endfacet
  facet normal -0.956091868992176 -0.06015220180156298 -0.2868275625972367
    outer loop
      vertex 11.799999997019768 0 28
      vertex 12.5998567096506 1.5917320666401862 25
      vertex 12.700000002980232 0 25
    endloop
  endfacet
  facet normal -0.9410137290765712 -0.1795079692490944 -0.2868275625972366
    outer loop
      vertex 11.706953472554106 1.4789321556852681 28
      vertex 12.301006149220218 3.1583615677348096 25
      vertex 12.5998567096506 1.5917320666401862 25
    endloop
  endfacet
  facet normal -0.9822872507286888 -0.18738131458572474 0
    outer loop
      vertex 12.301006149220218 3.1583615677348096 0
      vertex 12.5998567096506 1.5917320666401862 25
      vertex 12.301006149220218 3.1583615677348096 25
    endloop
  endfacet
  facet normal -0.9510565162951536 -0.30901699437494723 -2.0597233998227568e-19
    outer loop
      vertex 12.301006149220218 3.1583615677348096 25
      vertex 11.808161373551743 4.675181820192507 25
      vertex 11.808161373551743 4.675181820192507 0
    endloop
  endfacet
  facet normal -0.9110952405190744 -0.2960327887887049 -0.28682756259723713
    outer loop
      vertex 11.429281298431244 2.934540667804133 28
      vertex 10.971362530710415 4.343869720582103 28
      vertex 11.808161373551743 4.675181820192507 25
    endloop
  endfacet
  facet normal -0.941013729076571 -0.17950796924909487 -0.28682756259723674
    outer loop
      vertex 11.706953472554106 1.4789321556852681 28
      vertex 11.429281298431244 2.934540667804133 28
      vertex 12.301006149220218 3.1583615677348096 25
    endloop
  endfacet
  facet normal -0.9110952405190746 -0.2960327887887043 -0.2868275625972368
    outer loop
      vertex 11.429281298431244 2.934540667804133 28
      vertex 11.808161373551743 4.675181820192507 25
      vertex 12.301006149220218 3.1583615677348096 25
    endloop
  endfacet
  facet normal -0.7705132427757893 -0.6374239897486895 0
    outer loop
      vertex 10.274515830972891 7.464872705866146 0
      vertex 10.274515830972891 7.464872705866146 25
      vertex 9.257901570424423 8.693748247334456 0
    endloop
  endfacet
  facet normal 0 0 -1
    outer loop
      vertex 11.129094839168665 6.118271662527523 0
      vertex 14.984844230055867 8.2379878278572 0
      vertex 11.808161373551743 4.675181820192507 0
    endloop
  endfacet
  facet normal -0.9048270524660197 -0.42577929156507216 -1.002150571018708e-18
    outer loop
      vertex 11.129094839168665 6.118271662527523 0
      vertex 11.808161373551743 4.675181820192507 0
      vertex 11.808161373551743 4.675181820192507 25
    endloop
  endfacet
  facet normal 0 0 -1
    outer loop
      vertex 10.274515830972891 7.464872705866146 0
      vertex 13.834190605017131 10.051127815077159 0
      vertex 11.129094839168665 6.118271662527523 0
    endloop
  endfacet
  facet normal -0.8443279255020151 -0.5358267949789967 -2.776456496658259e-19
    outer loop
      vertex 10.274515830972891 7.464872705866146 0
      vertex 11.129094839168665 6.118271662527523 0
      vertex 11.129094839168665 6.118271662527523 25
    endloop
  endfacet
  facet normal -0.7705132427757893 -0.6374239897486895 -1.891134454167237e-18
    outer loop
      vertex 10.274515830972891 7.464872705866146 25
      vertex 9.257901570424423 8.693748247334456 25
      vertex 9.257901570424423 8.693748247334456 0
    endloop
  endfacet
  facet normal -0.8443279255020151 -0.5358267949789967 0
    outer loop
      vertex 10.274515830972891 7.464872705866146 0
      vertex 11.129094839168665 6.118271662527523 25
      vertex 10.274515830972891 7.464872705866146 25
    endloop
  endfacet
  facet normal -0.7381379930864976 -0.6106408539368833 -0.28682756259723663
    outer loop
      vertex 9.54640053121332 6.935865975299446 28
      vertex 8.60182980140016 8.077655847918418 28
      vertex 9.257901570424423 8.693748247334456 25
    endloop
  endfacet
  facet normal -0.8088511473102552 -0.5133125469238135 -0.2868275625972371
    outer loop
      vertex 10.340418821905994 5.684693352964503 28
      vertex 9.54640053121332 6.935865975299446 28
      vertex 10.274515830972891 7.464872705866146 25
    endloop
  endfacet
  facet normal -0.8088511473102555 -0.5133125469238127 -0.28682756259723663
    outer loop
      vertex 10.340418821905994 5.684693352964503 28
      vertex 10.274515830972891 7.464872705866146 25
      vertex 11.129094839168665 6.118271662527523 25
    endloop
  endfacet
  facet normal -0.7381379930864969 -0.6106408539368838 -0.286827562597237
    outer loop
      vertex 9.54640053121332 6.935865975299446 28
      vertex 9.257901570424423 8.693748247334456 25
      vertex 10.274515830972891 7.464872705866146 25
    endloop
  endfacet
  facet normal -0.9048270524660197 -0.42577929156507216 0
    outer loop
      vertex 11.129094839168665 6.118271662527523 0
      vertex 11.808161373551743 4.675181820192507 25
      vertex 11.129094839168665 6.118271662527523 25
    endloop
  endfacet
  facet normal -0.8668082357566771 -0.40788899440770005 -0.2868275625972371
    outer loop
      vertex 10.971362530710415 4.343869720582103 28
      vertex 11.129094839168665 6.118271662527523 25
      vertex 11.808161373551743 4.675181820192507 25
    endloop
  endfacet
  facet normal -0.8668082357566778 -0.4078889944076992 -0.28682756259723663
    outer loop
      vertex 10.340418821905994 5.684693352964503 28
      vertex 11.129094839168665 6.118271662527523 25
      vertex 10.971362530710415 4.343869720582103 28
    endloop
  endfacet
  facet normal 0 0 -1
    outer loop
      vertex 12.700000002980232 0 0
      vertex 12.5998567096506 1.5917320666401862 0
      vertex 16.96516139395594 2.143198294136364 0
    endloop
  endfacet
  facet normal 0 0 -1
    outer loop
      vertex 12.5998567096506 1.5917320666401862 0
      vertex 12.301006149220218 3.1583615677348096 0
      vertex 16.562772056742894 4.2525970708895935 0
    endloop
  endfacet
  facet normal 0 0 -1
    outer loop
      vertex 12.700000002980232 0 0
      vertex 16.96516139395594 2.143198294136364 0
      vertex 17.100000001490116 0 0
    endloop
  endfacet
  facet normal 0.9980267284282716 0.06279051952931279 5.08819483618154e-19
    outer loop
      vertex 17.100000001490116 0 0
      vertex 16.96516139395594 2.143198294136364 0
      vertex 16.96516139395594 2.143198294136364 25
    endloop
  endfacet
  facet normal 0 0 -1
    outer loop
      vertex 12.5998567096506 1.5917320666401862 0
      vertex 16.562772056742894 4.2525970708895935 0
      vertex 16.96516139395594 2.143198294136364 0
    endloop
  endfacet
  facet normal 0.9822872507286886 0.18738131458572513 -8.976398275872168e-19
    outer loop
      vertex 16.96516139395594 2.143198294136364 0
      vertex 16.562772056742894 4.2525970708895935 0
      vertex 16.562772056742894 4.2525970708895935 25
    endloop
  endfacet
  facet normal 0.9980267284282716 0.06279051952931279 0
    outer loop
      vertex 17.100000001490116 0 0
      vertex 16.96516139395594 2.143198294136364 25
      vertex 17.100000001490116 0 25
    endloop
  endfacet
  facet normal 0.9560918696433379 0.06015220184253023 0.2868275604181054
    outer loop
      vertex 16.200000002980232 0 28
      vertex 17.100000001490116 0 25
      vertex 16.072258164251274 2.030398384115251 28
    endloop
  endfacet
  facet normal 0.9560918696433379 0.06015220184252992 0.2868275604181056
    outer loop
      vertex 17.100000001490116 0 25
      vertex 16.96516139395594 2.143198294136364 25
      vertex 16.072258164251274 2.030398384115251 28
    endloop
  endfacet
  facet normal 0.9822872507286886 0.18738131458572513 0
    outer loop
      vertex 16.96516139395594 2.143198294136364 0
      vertex 16.562772056742894 4.2525970708895935 25
      vertex 16.96516139395594 2.143198294136364 25
    endloop
  endfacet
  facet normal 0.9410137297174638 0.1795079693713516 0.28682756041810564
    outer loop
      vertex 16.072258164251274 2.030398384115251 28
      vertex 16.96516139395594 2.143198294136364 25
      vertex 15.691047213170426 4.028776172811801 28
    endloop
  endfacet
  facet normal 0.9410137297174637 0.17950796937135158 0.28682756041810564
    outer loop
      vertex 15.691047213170426 4.028776172811801 28
      vertex 16.96516139395594 2.143198294136364 25
      vertex 16.562772056742894 4.2525970708895935 25
    endloop
  endfacet
  facet normal 0 0 -1
    outer loop
      vertex 12.301006149220218 3.1583615677348096 0
      vertex 11.808161373551743 4.675181820192507 0
      vertex 15.899177910074574 6.2949298514565415 0
    endloop
  endfacet
  facet normal 0 0 -1
    outer loop
      vertex 12.301006149220218 3.1583615677348096 0
      vertex 15.899177910074574 6.2949298514565415 0
      vertex 16.562772056742894 4.2525970708895935 0
    endloop
  endfacet
  facet normal 0 0 -1
    outer loop
      vertex 11.129094839168665 6.118271662527523 0
      vertex 13.834190605017131 10.051127815077159 0
      vertex 14.984844230055867 8.2379878278572 0
    endloop
  endfacet
  facet normal 0 0 -1
    outer loop
      vertex 11.808161373551743 4.675181820192507 0
      vertex 14.984844230055867 8.2379878278572 0
      vertex 15.899177910074574 6.2949298514565415 0
    endloop
  endfacet
  facet normal 0.9510565162951535 0.3090169943749475 1.4898922229470425e-20
    outer loop
      vertex 16.562772056742894 4.2525970708895935 0
      vertex 15.899177910074574 6.2949298514565415 0
      vertex 15.899177910074574 6.2949298514565415 25
    endloop
  endfacet
  facet normal 0.9048270524660197 0.4257792915650724 1.850400114392151e-18
    outer loop
      vertex 15.899177910074574 6.2949298514565415 0
      vertex 14.984844230055867 8.2379878278572 0
      vertex 14.984844230055867 8.2379878278572 25
    endloop
  endfacet
  facet normal 0.808851147861137 0.5133125472734124 0.2868275604181055
    outer loop
      vertex 14.196168219322187 7.804409521883526 28
      vertex 14.984844230055867 8.2379878278572 25
      vertex 13.106075311285208 9.5221210888898 28
    endloop
  endfacet
  facet normal 0.9510565162951535 0.3090169943749475 0
    outer loop
      vertex 16.562772056742894 4.2525970708895935 0
      vertex 15.899177910074574 6.2949298514565415 25
      vertex 16.562772056742894 4.2525970708895935 25
    endloop
  endfacet
  facet normal 0.911095241139591 0.2960327889903222 0.28682756041810564
    outer loop
      vertex 15.691047213170426 4.028776172811801 28
      vertex 16.562772056742894 4.2525970708895935 25
      vertex 15.062379074160622 5.9636177545888795 28
    endloop
  endfacet
  facet normal 0.911095241139591 0.29603278899032254 0.2868275604181055
    outer loop
      vertex 16.562772056742894 4.2525970708895935 25
      vertex 15.899177910074574 6.2949298514565415 25
      vertex 15.062379074160622 5.9636177545888795 28
    endloop
  endfacet
  facet normal 0.9048270524660197 0.4257792915650724 0
    outer loop
      vertex 15.899177910074574 6.2949298514565415 0
      vertex 14.984844230055867 8.2379878278572 25
      vertex 15.899177910074574 6.2949298514565415 25
    endloop
  endfacet
  facet normal 0.866808236347031 0.4078889946854999 0.2868275604181054
    outer loop
      vertex 14.196168219322187 7.804409521883526 28
      vertex 15.062379074160622 5.9636177545888795 28
      vertex 15.899177910074574 6.2949298514565415 25
    endloop
  endfacet
  facet normal 0.866808236347031 0.4078889946854998 0.2868275604181055
    outer loop
      vertex 14.196168219322187 7.804409521883526 28
      vertex 15.899177910074574 6.2949298514565415 25
      vertex 14.984844230055867 8.2379878278572 25
    endloop
  endfacet
  facet normal -0.9980267284282717 -0.0627905195293132 3.031602410452985e-17
    outer loop
      vertex 11.706953472554106 1.4789321556852681 28
      vertex 11.799999997019768 0 28
      vertex 11.749668263216849 0.8 57
    endloop
  endfacet
  facet normal -0.9822872507286886 -0.18738131458572527 0
    outer loop
      vertex 11.706953472554106 1.4789321556852681 28
      vertex 11.706953472554106 1.4789321556852681 63
      vertex 11.429281298431244 2.934540667804133 28
    endloop
  endfacet
  facet normal -0.9980267284282714 -0.06279051952931446 2.1649358737787917e-18
    outer loop
      vertex 11.706953472554106 1.4789321556852681 28
      vertex 11.749668263216849 0.8 57
      vertex 11.749668263216849 0.8 58
    endloop
  endfacet
  facet normal -0.9980267284282716 -0.06279051952931446 7.216452912595972e-19
    outer loop
      vertex 11.706953472554106 1.4789321556852681 28
      vertex 11.749668263216849 0.8 58
      vertex 11.749668263216849 0.8 61
    endloop
  endfacet
  facet normal -0.9980267284282717 -0.0627905195293121 0
    outer loop
      vertex 11.799999997019768 0 28
      vertex 11.799999997019768 0 57
      vertex 11.749668263216849 0.8 57
    endloop
  endfacet
  facet normal -0.9510565162951534 -0.309016994374948 0
    outer loop
      vertex 11.429281298431244 2.934540667804133 28
      vertex 11.429281298431244 2.934540667804133 63
      vertex 10.971362530710415 4.343869720582103 28
    endloop
  endfacet
  facet normal -0.8687217462337051 -0.05465533960030295 -0.49227565598335016
    outer loop
      vertex 11.706953472554106 1.4789321556852681 63
      vertex 11.799999997019768 0 63
      vertex 8.399999998509884 0 69
    endloop
  endfacet
  facet normal -0.8550214853463827 -0.1631040714458958 -0.49227565598335005
    outer loop
      vertex 11.706953472554106 1.4789321556852681 63
      vertex 8.333763489563248 1.0527991617533947 69
      vertex 11.429281298431244 2.934540667804133 63
    endloop
  endfacet
  facet normal -0.8278370248700703 -0.2689805546511367 -0.49227565598335005
    outer loop
      vertex 11.429281298431244 2.934540667804133 63
      vertex 8.1360985520372 2.0889950518142033 69
      vertex 10.971362530710415 4.343869720582103 63
    endloop
  endfacet
  facet normal -0.9980267284282714 -0.06279051952931437 2.1649358737787886e-18
    outer loop
      vertex 11.706953472554106 1.4789321556852681 28
      vertex 11.749668263216849 0.8 61
      vertex 11.749668263216849 0.8 62
    endloop
  endfacet
  facet normal -0.9980267284282714 -0.06279051952931448 0
    outer loop
      vertex 11.706953472554106 1.4789321556852681 28
      vertex 11.749668263216849 0.8 62
      vertex 11.706953472554106 1.4789321556852681 63
    endloop
  endfacet
  facet normal -0.9980267284282716 -0.0627905195293132 -8.810774331888082e-16
    outer loop
      vertex 11.706953472554106 1.4789321556852681 63
      vertex 11.749668263216849 0.8 62
      vertex 11.799999997019768 0 63
    endloop
  endfacet
  facet normal -0.9980267284282716 -0.06279051952931208 0
    outer loop
      vertex 11.799999997019768 0 61
      vertex 11.749668263216849 0.8 61
      vertex 11.799999997019768 0 58
    endloop
  endfacet
  facet normal -0.9980267284282716 -0.06279051952931208 2.2471385684299694e-19
    outer loop
      vertex 11.799999997019768 0 58
      vertex 11.749668263216849 0.8 61
      vertex 11.749668263216849 0.8 58
    endloop
  endfacet
  facet normal -0.9980267284282716 -0.06279051952931208 0
    outer loop
      vertex 11.799999997019768 0 63
      vertex 11.749668263216849 0.8 62
      vertex 11.799999997019768 0 62
    endloop
  endfacet
  facet normal -0.9822872507286886 -0.18738131458572527 0
    outer loop
      vertex 11.429281298431244 2.934540667804133 28
      vertex 11.706953472554106 1.4789321556852681 63
      vertex 11.429281298431244 2.934540667804133 63
    endloop
  endfacet
  facet normal -0.9510565162951534 -0.309016994374948 0
    outer loop
      vertex 10.971362530710415 4.343869720582103 28
      vertex 11.429281298431244 2.934540667804133 63
      vertex 10.971362530710415 4.343869720582103 63
    endloop
  endfacet
  facet normal -0.8443279255020145 -0.5358267949789973 0
    outer loop
      vertex 10.340418821905994 5.684693352964503 28
      vertex 10.340418821905994 5.684693352964503 63
      vertex 9.54640053121332 6.935865975299446 28
    endloop
  endfacet
  facet normal -0.7705132427757898 -0.6374239897486889 0
    outer loop
      vertex 9.54640053121332 6.935865975299446 28
      vertex 9.54640053121332 6.935865975299446 63
      vertex 8.60182980140016 8.077655847918418 28
    endloop
  endfacet
  facet normal -0.9048270524660201 -0.42577929156507116 8.375270601479992e-19
    outer loop
      vertex 10.340418821905994 5.684693352964503 28
      vertex 10.971362530710415 4.343869720582103 28
      vertex 10.971362530710415 4.343869720582103 63
    endloop
  endfacet
  facet normal -0.9048270524660201 -0.42577929156507116 0
    outer loop
      vertex 10.340418821905994 5.684693352964503 28
      vertex 10.971362530710415 4.343869720582103 63
      vertex 10.340418821905994 5.684693352964503 63
    endloop
  endfacet
  facet normal -0.7349362586622423 -0.4664047322119575 -0.4922756559833502
    outer loop
      vertex 10.340418821905994 5.684693352964503 63
      vertex 7.360976111062655 4.04673086173654 69
      vertex 9.54640053121332 6.935865975299446 63
    endloop
  endfacet
  facet normal -0.7875970799856895 -0.3706150538283326 -0.49227565598335005
    outer loop
      vertex 10.340418821905994 5.684693352964503 63
      vertex 10.971362530710415 4.343869720582103 63
      vertex 7.810122480075837 3.0922462420027466 69
    endloop
  endfacet
  facet normal -0.7705132427757898 -0.6374239897486889 0
    outer loop
      vertex 8.60182980140016 8.077655847918418 28
      vertex 9.54640053121332 6.935865975299446 63
      vertex 8.60182980140016 8.077655847918418 63
    endloop
  endfacet
  facet normal -0.8443279255020145 -0.5358267949789973 0
    outer loop
      vertex 9.54640053121332 6.935865975299446 28
      vertex 10.340418821905994 5.684693352964503 63
      vertex 9.54640053121332 6.935865975299446 63
    endloop
  endfacet
  facet normal 0.7349362582719617 0.46640473196427673 0.4922756568006786
    outer loop
      vertex 14.196168219322187 7.804409521883526 63
      vertex 13.106075311285208 9.5221210888898 63
      vertex 10.355417525588269 7.52365122759192 69
    endloop
  endfacet
  facet normal 0.9980267284282717 0.06279051952931311 -1.2248615241428655e-19
    outer loop
      vertex 16.200000002980232 0 28
      vertex 16.072258164251274 2.030398384115251 28
      vertex 16.072258164251274 2.030398384115251 63
    endloop
  endfacet
  facet normal 0.9822872507286886 0.18738131458572516 -3.992525192337051e-19
    outer loop
      vertex 16.072258164251274 2.030398384115251 28
      vertex 15.691047213170426 4.028776172811801 28
      vertex 15.691047213170426 4.028776172811801 63
    endloop
  endfacet
  facet normal 0.8550214848923313 0.16310407135928082 0.4922756568006786
    outer loop
      vertex 16.072258164251274 2.030398384115251 63
      vertex 15.691047213170426 4.028776172811801 63
      vertex 12.397864459559875 3.1832305549689877 69
    endloop
  endfacet
  facet normal 0.9980267284282717 0.06279051952931311 0
    outer loop
      vertex 16.200000002980232 0 28
      vertex 16.072258164251274 2.030398384115251 63
      vertex 16.200000002980232 0 63
    endloop
  endfacet
  facet normal 0.8687217457723783 0.05465533957127866 0.49227565680067864
    outer loop
      vertex 16.200000002980232 0 63
      vertex 16.072258164251274 2.030398384115251 63
      vertex 12.699068173868584 1.6042653892495724 69
    endloop
  endfacet
  facet normal 0.9822872507286886 0.18738131458572516 0
    outer loop
      vertex 16.072258164251274 2.030398384115251 28
      vertex 15.691047213170426 4.028776172811801 63
      vertex 16.072258164251274 2.030398384115251 63
    endloop
  endfacet
  facet normal 0.9048270524660196 0.42577929156507255 0
    outer loop
      vertex 14.196168219322187 7.804409521883526 28
      vertex 14.196168219322187 7.804409521883526 63
      vertex 15.062379074160622 5.9636177545888795 28
    endloop
  endfacet
  facet normal 0.9510565162951535 0.3090169943749472 1.9354444906333085e-19
    outer loop
      vertex 15.691047213170426 4.028776172811801 28
      vertex 15.062379074160622 5.9636177545888795 28
      vertex 15.062379074160622 5.9636177545888795 63
    endloop
  endfacet
  facet normal 0.8278370244304551 0.26898055450829633 0.49227565680067853
    outer loop
      vertex 15.691047213170426 4.028776172811801 63
      vertex 15.062379074160622 5.9636177545888795 63
      vertex 11.901139016598668 4.711994273266781 69
    endloop
  endfacet
  facet normal 0.8443279255020152 0.5358267949789964 0
    outer loop
      vertex 14.196168219322187 7.804409521883526 28
      vertex 13.106075311285208 9.5221210888898 63
      vertex 14.196168219322187 7.804409521883526 63
    endloop
  endfacet
  facet normal 0.9048270524660196 0.42577929156507255 0
    outer loop
      vertex 15.062379074160622 5.9636177545888795 28
      vertex 14.196168219322187 7.804409521883526 63
      vertex 15.062379074160622 5.9636177545888795 63
    endloop
  endfacet
  facet normal 0.7875970795674426 0.370615053631522 0.49227565680067853
    outer loop
      vertex 14.196168219322187 7.804409521883526 63
      vertex 11.216725501949856 6.166447027066218 69
      vertex 15.062379074160622 5.9636177545888795 63
    endloop
  endfacet
  facet normal 0.9510565162951535 0.3090169943749472 0
    outer loop
      vertex 15.691047213170426 4.028776172811801 28
      vertex 15.062379074160622 5.9636177545888795 63
      vertex 15.691047213170426 4.028776172811801 63
    endloop
  endfacet
  facet normal 0 0 -1
    outer loop
      vertex 8.095284671708031 9.785518185548831 0
      vertex 10.89995022565243 13.175776452614148 0
      vertex 9.257901570424423 8.693748247334456 0
    endloop
  endfacet
  facet normal 0 0 -1
    outer loop
      vertex 10.274515830972891 7.464872705866146 0
      vertex 9.257901570424423 8.693748247334456 0
      vertex 12.465363529992386 11.705755512400632 0
    endloop
  endfacet
  facet normal -0.6845471059286881 -0.7289686274214121 1.5217747019013892e-18
    outer loop
      vertex 8.095284671708031 9.785518185548831 0
      vertex 9.257901570424423 8.693748247334456 0
      vertex 9.257901570424423 8.693748247334456 25
    endloop
  endfacet
  facet normal 0 0 -1
    outer loop
      vertex 8.095284671708031 9.785518185548831 0
      vertex 9.162638194939287 14.438007527342604 0
      vertex 10.89995022565243 13.175776452614148 0
    endloop
  endfacet
  facet normal 0 0 -1
    outer loop
      vertex 10.274515830972891 7.464872705866146 0
      vertex 12.465363529992386 11.705755512400632 0
      vertex 13.834190605017131 10.051127815077159 0
    endloop
  endfacet
  facet normal 0 0 -1
    outer loop
      vertex 9.257901570424423 8.693748247334456 0
      vertex 10.89995022565243 13.175776452614148 0
      vertex 12.465363529992386 11.705755512400632 0
    endloop
  endfacet
  facet normal 0.6845471059286878 0.7289686274214123 1.661938749411433e-19
    outer loop
      vertex 12.465363529992386 11.705755512400632 0
      vertex 10.89995022565243 13.175776452614148 0
      vertex 10.89995022565243 13.175776452614148 25
    endloop
  endfacet
  facet normal -0.6557839617694997 -0.6983389899042067 -0.2868275625972366
    outer loop
      vertex 8.095284671708031 9.785518185548831 25
      vertex 9.257901570424423 8.693748247334456 25
      vertex 8.60182980140016 8.077655847918418 28
    endloop
  endfacet
  facet normal 0.6845471059286878 0.7289686274214123 0
    outer loop
      vertex 12.465363529992386 11.705755512400632 0
      vertex 10.89995022565243 13.175776452614148 25
      vertex 12.465363529992386 11.705755512400632 25
    endloop
  endfacet
  facet normal 0.6557839622161321 0.6983389903798217 0.28682756041810564
    outer loop
      vertex 10.326268635828445 12.482314535264093 28
      vertex 11.809291766399364 11.089663118084866 28
      vertex 12.465363529992386 11.705755512400632 25
    endloop
  endfacet
  facet normal 0.6557839622161319 0.698338990379822 0.2868275604181053
    outer loop
      vertex 10.326268635828445 12.482314535264093 28
      vertex 12.465363529992386 11.705755512400632 25
      vertex 10.89995022565243 13.175776452614148 25
    endloop
  endfacet
  facet normal 0.7381379935892179 0.6106408543527706 0.28682756041810553
    outer loop
      vertex 11.809291766399364 11.089663118084866 28
      vertex 13.834190605017131 10.051127815077159 25
      vertex 12.465363529992386 11.705755512400632 25
    endloop
  endfacet
  facet normal 0.5877852522924737 0.809016994374947 0
    outer loop
      vertex 9.162638194939287 14.438007527342604 0
      vertex 9.162638194939287 14.438007527342604 25
      vertex 10.89995022565243 13.175776452614148 0
    endloop
  endfacet
  facet normal 0.5877852522924737 0.809016994374947 0
    outer loop
      vertex 10.89995022565243 13.175776452614148 0
      vertex 9.162638194939287 14.438007527342604 25
      vertex 10.89995022565243 13.175776452614148 25
    endloop
  endfacet
  facet normal 0.5630878260125493 0.7750239033610895 0.28682756041810514
    outer loop
      vertex 8.680394080256635 13.678112395648938 28
      vertex 10.89995022565243 13.175776452614148 25
      vertex 9.162638194939287 14.438007527342604 25
    endloop
  endfacet
  facet normal 0.5630878260125494 0.7750239033610892 0.2868275604181052
    outer loop
      vertex 10.326268635828445 12.482314535264093 28
      vertex 10.89995022565243 13.175776452614148 25
      vertex 8.680394080256635 13.678112395648938 28
    endloop
  endfacet
  facet normal 0.8443279255020151 0.5358267949789965 -3.321215130332913e-18
    outer loop
      vertex 14.984844230055867 8.2379878278572 0
      vertex 13.834190605017131 10.051127815077159 0
      vertex 13.834190605017131 10.051127815077159 25
    endloop
  endfacet
  facet normal 0.7705132427757895 0.6374239897486894 0
    outer loop
      vertex 12.465363529992386 11.705755512400632 0
      vertex 12.465363529992386 11.705755512400632 25
      vertex 13.834190605017131 10.051127815077159 0
    endloop
  endfacet
  facet normal 0.7705132427757895 0.6374239897486894 1.7773751059814215e-19
    outer loop
      vertex 12.465363529992386 11.705755512400632 25
      vertex 13.834190605017131 10.051127815077159 25
      vertex 13.834190605017131 10.051127815077159 0
    endloop
  endfacet
  facet normal 0.8443279255020151 0.5358267949789965 0
    outer loop
      vertex 14.984844230055867 8.2379878278572 0
      vertex 13.834190605017131 10.051127815077159 25
      vertex 14.984844230055867 8.2379878278572 25
    endloop
  endfacet
  facet normal 0.7381379935892179 0.6106408543527708 0.2868275604181055
    outer loop
      vertex 11.809291766399364 11.089663118084866 28
      vertex 13.106075311285208 9.5221210888898 28
      vertex 13.834190605017131 10.051127815077159 25
    endloop
  endfacet
  facet normal 0.8088511478611369 0.5133125472734125 0.28682756041810537
    outer loop
      vertex 14.984844230055867 8.2379878278572 25
      vertex 13.834190605017131 10.051127815077159 25
      vertex 13.106075311285208 9.5221210888898 28
    endloop
  endfacet
  facet normal 0.7705132427757893 0.6374239897486895 0
    outer loop
      vertex 11.809291766399364 11.089663118084866 28
      vertex 11.809291766399364 11.089663118084866 63
      vertex 13.106075311285208 9.5221210888898 28
    endloop
  endfacet
  facet normal 0.6845471059286882 0.728968627421412 0
    outer loop
      vertex 10.326268635828445 12.482314535264093 28
      vertex 10.326268635828445 12.482314535264093 63
      vertex 11.809291766399364 11.089663118084866 28
    endloop
  endfacet
  facet normal 0.5116314182435988 0.7042002340155135 0.4922756568006787
    outer loop
      vertex 10.326268635828445 12.482314535264093 63
      vertex 8.680394080256635 13.678112395648938 63
      vertex 6.8585829741342685 10.8073974439095 69
    endloop
  endfacet
  facet normal 0.5958567440997539 0.6345229847943263 0.4922756568006786
    outer loop
      vertex 10.326268635828445 12.482314535264093 63
      vertex 8.159027066883557 9.862569505233793 69
      vertex 11.809291766399364 11.089663118084866 63
    endloop
  endfacet
  facet normal 0.7705132427757893 0.6374239897486895 0
    outer loop
      vertex 13.106075311285208 9.5221210888898 28
      vertex 11.809291766399364 11.089663118084866 63
      vertex 13.106075311285208 9.5221210888898 63
    endloop
  endfacet
  facet normal 0.6706850531538918 0.5548389290572732 0.49227565680067864
    outer loop
      vertex 11.809291766399364 11.089663118084866 63
      vertex 9.330798428821572 8.762202953847106 69
      vertex 13.106075311285208 9.5221210888898 63
    endloop
  endfacet
  facet normal 0.6845471059286882 0.728968627421412 0
    outer loop
      vertex 11.809291766399364 11.089663118084866 28
      vertex 10.326268635828445 12.482314535264093 63
      vertex 11.809291766399364 11.089663118084866 63
    endloop
  endfacet
  facet normal 0.5877852522924738 0.8090169943749469 -5.411999010500037e-19
    outer loop
      vertex 10.326268635828445 12.482314535264093 28
      vertex 8.680394080256635 13.678112395648938 28
      vertex 8.680394080256635 13.678112395648938 63
    endloop
  endfacet
  facet normal 0.5877852522924738 0.8090169943749469 0
    outer loop
      vertex 10.326268635828445 12.482314535264093 28
      vertex 8.680394080256635 13.678112395648938 63
      vertex 10.326268635828445 12.482314535264093 63
    endloop
  endfacet
  facet normal 0.8443279255020152 0.5358267949789964 1.002517830662658e-18
    outer loop
      vertex 14.196168219322187 7.804409521883526 28
      vertex 13.106075311285208 9.5221210888898 28
      vertex 13.106075311285208 9.5221210888898 63
    endloop
  endfacet
  facet normal 0 -1 0
    outer loop
      vertex -0.5274403639526664 8.383424517310305 69
      vertex 0.5274403639526664 8.383424517310305 69
      vertex 0.5274403639526664 8.383424517310305 131.20000000298023
    endloop
  endfacet
  facet normal -0.1253332335643028 -0.992114701314478 -4.801436603961016e-21
    outer loop
      vertex 0.5274403639526664 8.383424517310305 69
      vertex 1.5740030422408664 8.251212904657264 69
      vertex 1.5740030422408664 8.251212904657264 131.20000000298023
    endloop
  endfacet
  facet normal -0.24868988716485602 -0.9685831611286309 4.1057549252701195e-19
    outer loop
      vertex 1.5740030422408664 8.251212904657264 69
      vertex 2.595742752289087 7.988874735462105 69
      vertex 2.595742752289087 7.988874735462105 131.20000000298023
    endloop
  endfacet
  facet normal -0.481753674101715 -0.8763066800438638 -4.0949616065898897e-19
    outer loop
      vertex 3.5765460485121503 7.600547239366266 69
      vertex 4.500945077025127 7.09235457295878 69
      vertex 4.500945077025127 7.09235457295878 131.20000000298023
    endloop
  endfacet
  facet normal -0.3681245526846776 -0.9297764858882517 3.340823940084411e-19
    outer loop
      vertex 2.595742752289087 7.988874735462105 69
      vertex 3.5765460485121503 7.600547239366266 69
      vertex 3.5765460485121503 7.600547239366266 131.20000000298023
    endloop
  endfacet
  facet normal -0.9980267284282716 -0.06279051952931308 0
    outer loop
      vertex 8.399999998509884 0 69
      vertex 8.399999998509884 0 131.20000000298023
      vertex 8.333763489563248 1.0527991617533947 69
    endloop
  endfacet
  facet normal -0.9822872507286887 -0.1873813145857246 0
    outer loop
      vertex 8.333763489563248 1.0527991617533947 69
      vertex 8.333763489563248 1.0527991617533947 131.20000000298023
      vertex 8.1360985520372 2.0889950518142033 69
    endloop
  endfacet
  facet normal -0.9510565162951535 -0.30901699437494795 0
    outer loop
      vertex 8.1360985520372 2.0889950518142033 69
      vertex 8.1360985520372 2.0889950518142033 131.20000000298023
      vertex 7.810122480075837 3.0922462420027466 69
    endloop
  endfacet
  facet normal -0.9048270524660196 -0.4257792915650725 -3.4207167280013093e-19
    outer loop
      vertex 7.360976111062655 4.04673086173654 69
      vertex 7.810122480075837 3.0922462420027466 69
      vertex 7.810122480075837 3.0922462420027466 131.20000000298023
    endloop
  endfacet
  facet normal -0.41933735951063106 -0.7627718252825113 -0.4922756559833502
    outer loop
      vertex 5.024195639198937 10.676959216402436 63
      vertex 4.500945077025127 7.09235457295878 69
      vertex 3.5765460485121503 7.600547239366266 69
    endloop
  endfacet
  facet normal -0.5958567444161779 -0.6345229851312844 -0.49227565598335016
    outer loop
      vertex 7.521603077134867 9.092056262458003 63
      vertex 6.123336469253609 5.750195688780931 69
      vertex 5.354361512939158 6.472311238168475 69
    endloop
  endfacet
  facet normal -0.5116314185152958 -0.7042002343894729 -0.4922756559833502
    outer loop
      vertex 6.322756179155272 9.963069518407485 63
      vertex 5.354361512939158 6.472311238168475 69
      vertex 4.500945077025127 7.09235457295878 69
    endloop
  endfacet
  facet normal -0.6706850535100533 -0.5548389293519149 -0.4922756559833502
    outer loop
      vertex 8.60182980140016 8.077655847918418 63
      vertex 6.795742751544029 4.937396118380906 69
      vertex 6.123336469253609 5.750195688780931 69
    endloop
  endfacet
  facet normal -0.7349362586622429 -0.46640473221195683 -0.4922756559833501
    outer loop
      vertex 9.54640053121332 6.935865975299446 63
      vertex 7.360976111062655 4.04673086173654 69
      vertex 6.795742751544029 4.937396118380906 69
    endloop
  endfacet
  facet normal -0.7875970799856887 -0.37061505382833365 -0.4922756559833502
    outer loop
      vertex 10.340418821905994 5.684693352964503 63
      vertex 7.810122480075837 3.0922462420027466 69
      vertex 7.360976111062655 4.04673086173654 69
    endloop
  endfacet
  facet normal -0.6845471059286878 -0.7289686274214123 0
    outer loop
      vertex 6.123336469253609 5.750195688780931 69
      vertex 6.123336469253609 5.750195688780931 131.20000000298023
      vertex 5.354361512939158 6.472311238168475 69
    endloop
  endfacet
  facet normal -0.5877852522924737 -0.809016994374947 -3.8500466879578236e-19
    outer loop
      vertex 4.500945077025127 7.09235457295878 69
      vertex 5.354361512939158 6.472311238168475 69
      vertex 5.354361512939158 6.472311238168475 131.20000000298023
    endloop
  endfacet
  facet normal -0.7705132427757896 -0.6374239897486892 -1.6203876784712137e-19
    outer loop
      vertex 6.123336469253609 5.750195688780931 69
      vertex 6.795742751544029 4.937396118380906 69
      vertex 6.795742751544029 4.937396118380906 131.20000000298023
    endloop
  endfacet
  facet normal -0.8443279255020152 -0.5358267949789967 0
    outer loop
      vertex 7.360976111062655 4.04673086173654 69
      vertex 7.360976111062655 4.04673086173654 131.20000000298023
      vertex 6.795742751544029 4.937396118380906 69
    endloop
  endfacet
  facet normal -0.1253332335643028 -0.992114701314478 0
    outer loop
      vertex 0.5274403639526664 8.383424517310305 69
      vertex 1.5740030422408664 8.251212904657264 131.20000000298023
      vertex 0.5274403639526664 8.383424517310305 131.20000000298023
    endloop
  endfacet
  facet normal -0.24868988716485602 -0.9685831611286309 0
    outer loop
      vertex 1.5740030422408664 8.251212904657264 69
      vertex 2.595742752289087 7.988874735462105 131.20000000298023
      vertex 1.5740030422408664 8.251212904657264 131.20000000298023
    endloop
  endfacet
  facet normal -0.3681245526846776 -0.9297764858882517 0
    outer loop
      vertex 2.595742752289087 7.988874735462105 69
      vertex 3.5765460485121503 7.600547239366266 131.20000000298023
      vertex 2.595742752289087 7.988874735462105 131.20000000298023
    endloop
  endfacet
  facet normal -0.481753674101715 -0.8763066800438638 0
    outer loop
      vertex 3.5765460485121503 7.600547239366266 69
      vertex 4.500945077025127 7.09235457295878 131.20000000298023
      vertex 3.5765460485121503 7.600547239366266 131.20000000298023
    endloop
  endfacet
  facet normal -0.9980267284282716 -0.06279051952931308 0
    outer loop
      vertex 8.333763489563248 1.0527991617533947 69
      vertex 8.399999998509884 0 131.20000000298023
      vertex 8.333763489563248 1.0527991617533947 131.20000000298023
    endloop
  endfacet
  facet normal -0.9822872507286887 -0.1873813145857246 0
    outer loop
      vertex 8.1360985520372 2.0889950518142033 69
      vertex 8.333763489563248 1.0527991617533947 131.20000000298023
      vertex 8.1360985520372 2.0889950518142033 131.20000000298023
    endloop
  endfacet
  facet normal -0.9510565162951535 -0.30901699437494795 0
    outer loop
      vertex 7.810122480075837 3.0922462420027466 69
      vertex 8.1360985520372 2.0889950518142033 131.20000000298023
      vertex 7.810122480075837 3.0922462420027466 131.20000000298023
    endloop
  endfacet
  facet normal -0.9048270524660196 -0.4257792915650725 0
    outer loop
      vertex 7.360976111062655 4.04673086173654 69
      vertex 7.810122480075837 3.0922462420027466 131.20000000298023
      vertex 7.360976111062655 4.04673086173654 131.20000000298023
    endloop
  endfacet
  facet normal -0.6845471059286878 -0.7289686274214123 0
    outer loop
      vertex 5.354361512939158 6.472311238168475 69
      vertex 6.123336469253609 5.750195688780931 131.20000000298023
      vertex 5.354361512939158 6.472311238168475 131.20000000298023
    endloop
  endfacet
  facet normal -0.7705132427757896 -0.6374239897486892 0
    outer loop
      vertex 6.123336469253609 5.750195688780931 69
      vertex 6.795742751544029 4.937396118380906 131.20000000298023
      vertex 6.123336469253609 5.750195688780931 131.20000000298023
    endloop
  endfacet
  facet normal -0.5877852522924737 -0.809016994374947 0
    outer loop
      vertex 4.500945077025127 7.09235457295878 69
      vertex 5.354361512939158 6.472311238168475 131.20000000298023
      vertex 4.500945077025127 7.09235457295878 131.20000000298023
    endloop
  endfacet
  facet normal -0.8443279255020152 -0.5358267949789967 0
    outer loop
      vertex 6.795742751544029 4.937396118380906 69
      vertex 7.360976111062655 4.04673086173654 131.20000000298023
      vertex 6.795742751544029 4.937396118380906 131.20000000298023
    endloop
  endfacet
  facet normal 0 0 1
    outer loop
      vertex 3.5765460485121503 7.600547239366266 131.20000000298023
      vertex 4.500945077025127 7.09235457295878 131.20000000298023
      vertex 6.8585829741342685 10.8073974439095 131.20000000298023
    endloop
  endfacet
  facet normal 0 0 1
    outer loop
      vertex 4.500945077025127 7.09235457295878 131.20000000298023
      vertex 5.354361512939158 6.472311238168475 131.20000000298023
      vertex 8.159027066883557 9.862569505233793 131.20000000298023
    endloop
  endfacet
  facet normal 0 0 1
    outer loop
      vertex 7.360976111062655 4.04673086173654 131.20000000298023
      vertex 11.216725501949856 6.166447027066218 131.20000000298023
      vertex 6.795742751544029 4.937396118380906 131.20000000298023
    endloop
  endfacet
  facet normal 0 0 1
    outer loop
      vertex 6.123336469253609 5.750195688780931 131.20000000298023
      vertex 6.795742751544029 4.937396118380906 131.20000000298023
      vertex 10.355417525588269 7.52365122759192 131.20000000298023
    endloop
  endfacet
  facet normal 0 0 1
    outer loop
      vertex 6.123336469253609 5.750195688780931 131.20000000298023
      vertex 9.330798428821572 8.762202953847106 131.20000000298023
      vertex 5.354361512939158 6.472311238168475 131.20000000298023
    endloop
  endfacet
  facet normal 0 0 1
    outer loop
      vertex 5.354361512939158 6.472311238168475 131.20000000298023
      vertex 9.330798428821572 8.762202953847106 131.20000000298023
      vertex 8.159027066883557 9.862569505233793 131.20000000298023
    endloop
  endfacet
  facet normal -0.10909497954485209 -0.8635756851395657 -0.4922756559833503
    outer loop
      vertex 0.7409281302587664 11.776715392479254 63
      vertex 1.5740030422408664 8.251212904657264 69
      vertex 0.5274403639526664 8.383424517310305 69
    endloop
  endfacet
  facet normal -0.21646946609210355 -0.8430929063726975 -0.49227565598335005
    outer loop
      vertex 2.21109951155311 11.590989555671083 63
      vertex 2.595742752289087 7.988874735462105 69
      vertex 1.5740030422408664 8.251212904657264 69
    endloop
  endfacet
  facet normal -0.3204300998464878 -0.8093140488330424 -0.4922756559833502
    outer loop
      vertex 3.646400532703437 11.222466889448443 63
      vertex 3.5765460485121503 7.600547239366266 69
      vertex 2.595742752289087 7.988874735462105 69
    endloop
  endfacet
  facet normal 0.1253332335643033 0.992114701314478 0
    outer loop
      vertex 0.8037186497880796 12.774742120907524 69
      vertex 0.8037186497880796 12.774742120907524 131.20000000298023
      vertex 2.398480826138835 12.573276806399772 69
    endloop
  endfacet
  facet normal 0.2486898871648552 0.968583161128631 0
    outer loop
      vertex 2.398480826138835 12.573276806399772 69
      vertex 2.398480826138835 12.573276806399772 131.20000000298023
      vertex 3.9554175270783842 12.173523405743596 69
    endloop
  endfacet
  facet normal 0 0.870439359014435 0.4922756568006785
    outer loop
      vertex -0.8037186497880796 12.774742120907524 69
      vertex 0.8037186497880796 12.774742120907524 69
      vertex 1.0172064165620054 16.16803300351235 63
    endloop
  endfacet
  facet normal 0.10909497948691864 0.8635756846809719 0.4922756568006785
    outer loop
      vertex 3.035577296847178 15.9130534647322 63
      vertex 0.8037186497880796 12.774742120907524 69
      vertex 2.398480826138835 12.573276806399772 69
    endloop
  endfacet
  facet normal 0.2164694659771488 0.843092905924981 0.4922756568006784
    outer loop
      vertex 5.00607530979509 15.407115566815856 63
      vertex 2.398480826138835 12.573276806399772 69
      vertex 3.9554175270783842 12.173523405743596 69
    endloop
  endfacet
  facet normal 0.4193373592879459 0.7627718248774481 0.4922756568006788
    outer loop
      vertex 8.680394080256635 13.678112395648938 63
      vertex 5.44997493076401 11.581786268868454 69
      vertex 6.8585829741342685 10.8073974439095 69
    endloop
  endfacet
  facet normal 0.5116314182435984 0.7042002340155139 0.4922756568006786
    outer loop
      vertex 10.326268635828445 12.482314535264093 63
      vertex 6.8585829741342685 10.8073974439095 69
      vertex 8.159027066883557 9.862569505233793 69
    endloop
  endfacet
  facet normal 0.3681245526846783 0.9297764858882511 0
    outer loop
      vertex 3.9554175270783842 12.173523405743596 69
      vertex 3.9554175270783842 12.173523405743596 131.20000000298023
      vertex 5.44997493076401 11.581786268868454 69
    endloop
  endfacet
  facet normal 0.4817536741017151 0.8763066800438636 0
    outer loop
      vertex 5.44997493076401 11.581786268868454 69
      vertex 5.44997493076401 11.581786268868454 131.20000000298023
      vertex 6.8585829741342685 10.8073974439095 69
    endloop
  endfacet
  facet normal 0.5877852522924732 0.8090169943749473 1.105034280612059e-18
    outer loop
      vertex 8.159027066883557 9.862569505233793 69
      vertex 6.8585829741342685 10.8073974439095 69
      vertex 6.8585829741342685 10.8073974439095 131.20000000298023
    endloop
  endfacet
  facet normal 0.6845471059286881 0.728968627421412 0
    outer loop
      vertex 8.159027066883557 9.862569505233793 69
      vertex 8.159027066883557 9.862569505233793 131.20000000298023
      vertex 9.330798428821572 8.762202953847106 69
    endloop
  endfacet
  facet normal 0.320430099676327 0.8093140484032632 0.49227565680067875
    outer loop
      vertex 6.897624524623099 14.65819825264611 63
      vertex 3.9554175270783842 12.173523405743596 69
      vertex 5.44997493076401 11.581786268868454 69
    endloop
  endfacet
  facet normal 0 1 0
    outer loop
      vertex -0.8037186497880796 12.774742120907524 131.20000000298023
      vertex 0.8037186497880796 12.774742120907524 131.20000000298023
      vertex 0.8037186497880796 12.774742120907524 69
    endloop
  endfacet
  facet normal 0.1253332335643033 0.992114701314478 0
    outer loop
      vertex 2.398480826138835 12.573276806399772 69
      vertex 0.8037186497880796 12.774742120907524 131.20000000298023
      vertex 2.398480826138835 12.573276806399772 131.20000000298023
    endloop
  endfacet
  facet normal 0.2486898871648552 0.968583161128631 0
    outer loop
      vertex 3.9554175270783842 12.173523405743596 69
      vertex 2.398480826138835 12.573276806399772 131.20000000298023
      vertex 3.9554175270783842 12.173523405743596 131.20000000298023
    endloop
  endfacet
  facet normal 0 0 1
    outer loop
      vertex -0.5274403639526664 8.383424517310305 131.20000000298023
      vertex 0.5274403639526664 8.383424517310305 131.20000000298023
      vertex 0.8037186497880796 12.774742120907524 131.20000000298023
    endloop
  endfacet
  facet normal 0 0 1
    outer loop
      vertex 0.5274403639526664 8.383424517310305 131.20000000298023
      vertex 1.5740030422408664 8.251212904657264 131.20000000298023
      vertex 2.398480826138835 12.573276806399772 131.20000000298023
    endloop
  endfacet
  facet normal 0 0 1
    outer loop
      vertex 0.5274403639526664 8.383424517310305 131.20000000298023
      vertex 2.398480826138835 12.573276806399772 131.20000000298023
      vertex 0.8037186497880796 12.774742120907524 131.20000000298023
    endloop
  endfacet
  facet normal 0 0 1
    outer loop
      vertex 1.5740030422408664 8.251212904657264 131.20000000298023
      vertex 2.595742752289087 7.988874735462105 131.20000000298023
      vertex 3.9554175270783842 12.173523405743596 131.20000000298023
    endloop
  endfacet
  facet normal 0 0 1
    outer loop
      vertex 2.595742752289087 7.988874735462105 131.20000000298023
      vertex 3.5765460485121503 7.600547239366266 131.20000000298023
      vertex 5.44997493076401 11.581786268868454 131.20000000298023
    endloop
  endfacet
  facet normal 0 0 1
    outer loop
      vertex 2.595742752289087 7.988874735462105 131.20000000298023
      vertex 5.44997493076401 11.581786268868454 131.20000000298023
      vertex 3.9554175270783842 12.173523405743596 131.20000000298023
    endloop
  endfacet
  facet normal 0 0 1
    outer loop
      vertex 1.5740030422408664 8.251212904657264 131.20000000298023
      vertex 3.9554175270783842 12.173523405743596 131.20000000298023
      vertex 2.398480826138835 12.573276806399772 131.20000000298023
    endloop
  endfacet
  facet normal 0.3681245526846783 0.9297764858882511 0
    outer loop
      vertex 5.44997493076401 11.581786268868454 69
      vertex 3.9554175270783842 12.173523405743596 131.20000000298023
      vertex 5.44997493076401 11.581786268868454 131.20000000298023
    endloop
  endfacet
  facet normal 0.4817536741017151 0.8763066800438636 0
    outer loop
      vertex 6.8585829741342685 10.8073974439095 69
      vertex 5.44997493076401 11.581786268868454 131.20000000298023
      vertex 6.8585829741342685 10.8073974439095 131.20000000298023
    endloop
  endfacet
  facet normal 0.5877852522924732 0.8090169943749473 0
    outer loop
      vertex 8.159027066883557 9.862569505233793 69
      vertex 6.8585829741342685 10.8073974439095 131.20000000298023
      vertex 8.159027066883557 9.862569505233793 131.20000000298023
    endloop
  endfacet
  facet normal 0 0 1
    outer loop
      vertex 3.5765460485121503 7.600547239366266 131.20000000298023
      vertex 6.8585829741342685 10.8073974439095 131.20000000298023
      vertex 5.44997493076401 11.581786268868454 131.20000000298023
    endloop
  endfacet
  facet normal 0 0 1
    outer loop
      vertex 4.500945077025127 7.09235457295878 131.20000000298023
      vertex 8.159027066883557 9.862569505233793 131.20000000298023
      vertex 6.8585829741342685 10.8073974439095 131.20000000298023
    endloop
  endfacet
  facet normal -0.8687217462337049 -0.05465533960030286 -0.49227565598335016
    outer loop
      vertex 11.706953472554106 1.4789321556852681 63
      vertex 8.399999998509884 0 69
      vertex 8.333763489563248 1.0527991617533947 69
    endloop
  endfacet
  facet normal -0.8550214853463829 -0.16310407144589523 -0.49227565598335005
    outer loop
      vertex 11.429281298431244 2.934540667804133 63
      vertex 8.333763489563248 1.0527991617533947 69
      vertex 8.1360985520372 2.0889950518142033 69
    endloop
  endfacet
  facet normal -0.8278370248700703 -0.2689805546511367 -0.49227565598335
    outer loop
      vertex 10.971362530710415 4.343869720582103 63
      vertex 8.1360985520372 2.0889950518142033 69
      vertex 7.810122480075837 3.0922462420027466 69
    endloop
  endfacet
  facet normal 0.9980267284282716 0.06279051952931339 1.2151765374931337e-19
    outer loop
      vertex 12.799999997019768 0 69
      vertex 12.699068173868584 1.6042653892495724 69
      vertex 12.699068173868584 1.6042653892495724 131.20000000298023
    endloop
  endfacet
  facet normal 0.9822872507286886 0.18738131458572507 2.049366192267911e-19
    outer loop
      vertex 12.699068173868584 1.6042653892495724 69
      vertex 12.397864459559875 3.1832305549689877 69
      vertex 12.397864459559875 3.1832305549689877 131.20000000298023
    endloop
  endfacet
  facet normal 0.9510565162951538 0.30901699437494706 8.874722770408437e-20
    outer loop
      vertex 12.397864459559875 3.1832305549689877 69
      vertex 11.901139016598668 4.711994273266781 69
      vertex 11.901139016598668 4.711994273266781 131.20000000298023
    endloop
  endfacet
  facet normal 0.7875970795674426 0.37061505363152203 0.4922756568006786
    outer loop
      vertex 15.062379074160622 5.9636177545888795 63
      vertex 11.216725501949856 6.166447027066218 69
      vertex 11.901139016598668 4.711994273266781 69
    endloop
  endfacet
  facet normal 0.7349362582719617 0.46640473196427673 0.4922756568006786
    outer loop
      vertex 14.196168219322187 7.804409521883526 63
      vertex 10.355417525588269 7.52365122759192 69
      vertex 11.216725501949856 6.166447027066218 69
    endloop
  endfacet
  facet normal 0.8443279255020152 0.5358267949789964 0
    outer loop
      vertex 10.355417525588269 7.52365122759192 69
      vertex 10.355417525588269 7.52365122759192 131.20000000298023
      vertex 11.216725501949856 6.166447027066218 69
    endloop
  endfacet
  facet normal 0.7705132427757893 0.6374239897486897 1.548569800507073e-19
    outer loop
      vertex 10.355417525588269 7.52365122759192 69
      vertex 9.330798428821572 8.762202953847106 69
      vertex 9.330798428821572 8.762202953847106 131.20000000298023
    endloop
  endfacet
  facet normal 0.9048270524660195 0.4257792915650726 0
    outer loop
      vertex 11.216725501949856 6.166447027066218 69
      vertex 11.216725501949856 6.166447027066218 131.20000000298023
      vertex 11.901139016598668 4.711994273266781 69
    endloop
  endfacet
  facet normal 0.8687217457723783 0.0546553395712789 0.4922756568006786
    outer loop
      vertex 16.200000002980232 0 63
      vertex 12.699068173868584 1.6042653892495724 69
      vertex 12.799999997019768 0 69
    endloop
  endfacet
  facet normal 0.8550214848923313 0.16310407135928076 0.49227565680067864
    outer loop
      vertex 16.072258164251274 2.030398384115251 63
      vertex 12.397864459559875 3.1832305549689877 69
      vertex 12.699068173868584 1.6042653892495724 69
    endloop
  endfacet
  facet normal 0.8278370244304551 0.2689805545082962 0.49227565680067864
    outer loop
      vertex 15.691047213170426 4.028776172811801 63
      vertex 11.901139016598668 4.711994273266781 69
      vertex 12.397864459559875 3.1832305549689877 69
    endloop
  endfacet
  facet normal 0.9980267284282716 0.06279051952931339 0
    outer loop
      vertex 12.799999997019768 0 69
      vertex 12.699068173868584 1.6042653892495724 131.20000000298023
      vertex 12.799999997019768 0 131.20000000298023
    endloop
  endfacet
  facet normal 0.9822872507286886 0.18738131458572507 0
    outer loop
      vertex 12.699068173868584 1.6042653892495724 69
      vertex 12.397864459559875 3.1832305549689877 131.20000000298023
      vertex 12.699068173868584 1.6042653892495724 131.20000000298023
    endloop
  endfacet
  facet normal 0.9510565162951538 0.30901699437494706 0
    outer loop
      vertex 12.397864459559875 3.1832305549689877 69
      vertex 11.901139016598668 4.711994273266781 131.20000000298023
      vertex 12.397864459559875 3.1832305549689877 131.20000000298023
    endloop
  endfacet
  facet normal 0 0 1
    outer loop
      vertex 8.399999998509884 0 131.20000000298023
      vertex 12.799999997019768 0 131.20000000298023
      vertex 8.333763489563248 1.0527991617533947 131.20000000298023
    endloop
  endfacet
  facet normal 0 0 1
    outer loop
      vertex 8.333763489563248 1.0527991617533947 131.20000000298023
      vertex 12.699068173868584 1.6042653892495724 131.20000000298023
      vertex 8.1360985520372 2.0889950518142033 131.20000000298023
    endloop
  endfacet
  facet normal 0 0 1
    outer loop
      vertex 8.1360985520372 2.0889950518142033 131.20000000298023
      vertex 12.397864459559875 3.1832305549689877 131.20000000298023
      vertex 7.810122480075837 3.0922462420027466 131.20000000298023
    endloop
  endfacet
  facet normal 0 0 1
    outer loop
      vertex 7.360976111062655 4.04673086173654 131.20000000298023
      vertex 7.810122480075837 3.0922462420027466 131.20000000298023
      vertex 11.901139016598668 4.711994273266781 131.20000000298023
    endloop
  endfacet
  facet normal 0 0 1
    outer loop
      vertex 8.333763489563248 1.0527991617533947 131.20000000298023
      vertex 12.799999997019768 0 131.20000000298023
      vertex 12.699068173868584 1.6042653892495724 131.20000000298023
    endloop
  endfacet
  facet normal 0 0 1
    outer loop
      vertex 8.1360985520372 2.0889950518142033 131.20000000298023
      vertex 12.699068173868584 1.6042653892495724 131.20000000298023
      vertex 12.397864459559875 3.1832305549689877 131.20000000298023
    endloop
  endfacet
  facet normal 0 0 1
    outer loop
      vertex 7.810122480075837 3.0922462420027466 131.20000000298023
      vertex 12.397864459559875 3.1832305549689877 131.20000000298023
      vertex 11.901139016598668 4.711994273266781 131.20000000298023
    endloop
  endfacet
  facet normal 0.7705132427757893 0.6374239897486897 0
    outer loop
      vertex 10.355417525588269 7.52365122759192 69
      vertex 9.330798428821572 8.762202953847106 131.20000000298023
      vertex 10.355417525588269 7.52365122759192 131.20000000298023
    endloop
  endfacet
  facet normal 0.9048270524660195 0.4257792915650726 0
    outer loop
      vertex 11.901139016598668 4.711994273266781 69
      vertex 11.216725501949856 6.166447027066218 131.20000000298023
      vertex 11.901139016598668 4.711994273266781 131.20000000298023
    endloop
  endfacet
  facet normal 0.8443279255020152 0.5358267949789964 0
    outer loop
      vertex 11.216725501949856 6.166447027066218 69
      vertex 10.355417525588269 7.52365122759192 131.20000000298023
      vertex 11.216725501949856 6.166447027066218 131.20000000298023
    endloop
  endfacet
  facet normal 0 0 1
    outer loop
      vertex 6.795742751544029 4.937396118380906 131.20000000298023
      vertex 11.216725501949856 6.166447027066218 131.20000000298023
      vertex 10.355417525588269 7.52365122759192 131.20000000298023
    endloop
  endfacet
  facet normal 0 0 1
    outer loop
      vertex 7.360976111062655 4.04673086173654 131.20000000298023
      vertex 11.901139016598668 4.711994273266781 131.20000000298023
      vertex 11.216725501949856 6.166447027066218 131.20000000298023
    endloop
  endfacet
  facet normal 0 0 1
    outer loop
      vertex 6.123336469253609 5.750195688780931 131.20000000298023
      vertex 10.355417525588269 7.52365122759192 131.20000000298023
      vertex 9.330798428821572 8.762202953847106 131.20000000298023
    endloop
  endfacet
  facet normal 0.5958567440997539 0.6345229847943263 0.4922756568006786
    outer loop
      vertex 11.809291766399364 11.089663118084866 63
      vertex 8.159027066883557 9.862569505233793 69
      vertex 9.330798428821572 8.762202953847106 69
    endloop
  endfacet
  facet normal 0.6706850531538917 0.5548389290572732 0.4922756568006786
    outer loop
      vertex 13.106075311285208 9.5221210888898 63
      vertex 9.330798428821572 8.762202953847106 69
      vertex 10.355417525588269 7.52365122759192 69
    endloop
  endfacet
  facet normal 0.6845471059286881 0.728968627421412 6.744218641423595e-19
    outer loop
      vertex 8.159027066883557 9.862569505233793 131.20000000298023
      vertex 9.330798428821572 8.762202953847106 131.20000000298023
      vertex 9.330798428821572 8.762202953847106 69
    endloop
  endfacet
endsolid OpenSCAD_Model
