solid OpenSCAD_Model
  facet normal 0 -1 0
    outer loop
      vertex 77.97808758147309 4 7.5
      vertex 78 4 7.5
      vertex 77.97808758147309 4 37.999999999999986
    endloop
  endfacet
  facet normal 0 -1 0
    outer loop
      vertex 78 4 7.5
      vertex 78 4 37.999999999999986
      vertex 77.97808758147309 4 37.999999999999986
    endloop
  endfacet
  facet normal 1 0 0
    outer loop
      vertex 74 24.978087581473094 7.5
      vertex 74 25 7.5
      vertex 74 24.978087581473094 31.40791368207594
    endloop
  endfacet
  facet normal 1 0 0
    outer loop
      vertex 74 25 7.5
      vertex 74 25 31.40791368207594
      vertex 74 24.978087581473094 31.40791368207594
    endloop
  endfacet
  facet normal -1 0 0
    outer loop
      vertex 4 0.021912418526905952 7.5
      vertex 4 0 7.5
      vertex 4 0.021912418526905952 30.49999999999999
    endloop
  endfacet
  facet normal -1 0 0
    outer loop
      vertex 4 0 7.5
      vertex 4 0 30.49999999999999
      vertex 4 0.021912418526905952 30.49999999999999
    endloop
  endfacet
  facet normal 0 1 0
    outer loop
      vertex 0.021912418526909505 21 7.5
      vertex 0 21 7.5
      vertex 0.021912418526909505 21 37.999999999999986
    endloop
  endfacet
  facet normal 0 1 0
    outer loop
      vertex 0 21 7.5
      vertex 0 21 37.999999999999986
      vertex 0.021912418526909505 21 37.999999999999986
    endloop
  endfacet
  facet normal 0.10452846326765479 -0.9945218953682733 0
    outer loop
      vertex 74.3909051298846 0.04108578473794999 6.716036525492598
      vertex 74.83164676327104 0.08740959706477724 6.498100123233975
      vertex 74.3909051298846 0.04108578473794999 7.5
    endloop
  endfacet
  facet normal 0.5000000000000301 -0.8660254037844212 0
    outer loop
      vertex 75.6269465723032 0.345818169429597 5.282383373139098
      vertex 75.66376643624227 0.3670761277863477 5.182372542187892
      vertex 75.6269465723032 0.345818169429597 32.57936433321786
    endloop
  endfacet
  facet normal 0.4999999999999952 -0.8660254037844415 -8.121736771257599e-20
    outer loop
      vertex 75.66376643624227 0.3670761277863477 5.182372542187892
      vertex 76.3511410091699 0.7639320225002102 4.2910196087199
      vertex 76.3511410091699 0.7639320225002102 33.36354188586651
    endloop
  endfacet
  facet normal 0.6691306063588623 -0.7431448254773905 1.1736983524553804e-16
    outer loop
      vertex 76.61866251869881 1.00480947161671 3.75
      vertex 76.97257930190958 1.323477574564567 3.718878316681902
      vertex 76.3511410091699 0.7639320225002102 33.36354188586651
    endloop
  endfacet
  facet normal 0.6691306063588552 -0.743144825477397 0
    outer loop
      vertex 76.3511410091699 0.7639320225002102 4.2910196087199
      vertex 76.61866251869881 1.00480947161671 3.75
      vertex 76.3511410091699 0.7639320225002102 33.36354188586651
    endloop
  endfacet
  facet normal 0.6691306063588635 -0.7431448254773895 2.2036058639384634e-14
    outer loop
      vertex 76.81679302195377 1.1832069780462362 3.504456897493256
      vertex 76.97257930190958 1.323477574564567 3.718878316681902
      vertex 76.61866251869881 1.00480947161671 3.75
    endloop
  endfacet
  facet normal 0.809016994374971 -0.5877852522924406 -3.864640117246275e-14
    outer loop
      vertex 76.97257930190958 1.323477574564567 3.718878316681902
      vertex 76.99519052838329 1.3545992578826667 3.75
      vertex 77.46410161513776 2 4.803191544541917
    endloop
  endfacet
  facet normal 0.9781476007338084 -0.20791169081774677 4.886039511986577e-18
    outer loop
      vertex 77.80422606518061 2.76393202250021 5.988285997039959
      vertex 77.95891421526204 3.4916825509528575 6.716036525492598
      vertex 77.95891421526204 3.4916825509528575 7.5
    endloop
  endfacet
  facet normal 0.8090169943749417 -0.5877852522924812 -1.9426846001005728e-18
    outer loop
      vertex 76.97257930190958 1.323477574564567 3.718878316681902
      vertex 77.46410161513776 2 4.803191544541917
      vertex 76.99519052838329 1.3545992578826653 34.249999999999986
    endloop
  endfacet
  facet normal 0.10452846326765117 -0.9945218953682737 0
    outer loop
      vertex 74 0 7.5
      vertex 74.3909051298846 0.04108578473794999 7.5
      vertex 74 0 30.49999999999999
    endloop
  endfacet
  facet normal 0.10452846326765479 -0.9945218953682733 7.34046999324742e-20
    outer loop
      vertex 74.83164676327104 0.08740959706477724 6.498100123233975
      vertex 74.8 0.08408338821254051 30.49999999999999
      vertex 74.3909051298846 0.04108578473794999 7.5
    endloop
  endfacet
  facet normal 0.30901699437494995 -0.9510565162951528 4.93005886827056e-19
    outer loop
      vertex 74.83164676327104 0.08740959706477724 6.498100123233975
      vertex 75.6269465723032 0.345818169429597 5.282383373139098
      vertex 75.6269465723032 0.345818169429597 32.57936433321786
    endloop
  endfacet
  facet normal 0.10452846326765303 -0.9945218953682735 3.1962053570276704e-17
    outer loop
      vertex 74.3909051298846 0.04108578473794999 7.5
      vertex 74.8 0.08408338821254051 30.49999999999999
      vertex 74 0 30.49999999999999
    endloop
  endfacet
  facet normal 0.10452846326765475 -0.9945218953682733 0
    outer loop
      vertex 74.83164676327104 0.08740959706477724 6.498100123233975
      vertex 74.83164676327104 0.08740959706477724 31.888065164721148
      vertex 74.8 0.08408338821254051 30.49999999999999
    endloop
  endfacet
  facet normal 0.3090169943749501 -0.9510565162951528 0
    outer loop
      vertex 74.83164676327104 0.08740959706477724 6.498100123233975
      vertex 74.90838939219356 0.11234478874239637 31.93237254218788
      vertex 74.83164676327104 0.08740959706477724 31.888065164721148
    endloop
  endfacet
  facet normal 0.30901699437494995 -0.9510565162951528 2.203842690603316e-19
    outer loop
      vertex 74.83164676327104 0.08740959706477724 6.498100123233975
      vertex 75.6269465723032 0.345818169429597 32.57936433321786
      vertex 74.90838939219356 0.11234478874239637 31.93237254218788
    endloop
  endfacet
  facet normal 0.4999999999999981 -0.8660254037844398 -5.749938223779312e-17
    outer loop
      vertex 75.66376643624227 0.3670761277863477 5.182372542187892
      vertex 76.07358619108047 0.6036856735614036 32.98152045230856
      vertex 75.6269465723032 0.345818169429597 32.57936433321786
    endloop
  endfacet
  facet normal 0.49999999999999534 -0.8660254037844414 -3.540518402717188e-18
    outer loop
      vertex 75.66376643624227 0.3670761277863477 5.182372542187892
      vertex 76.3511410091699 0.7639320225002102 33.36354188586651
      vertex 76.07358619108047 0.6036856735614036 32.98152045230856
    endloop
  endfacet
  facet normal 0.9135454576426082 -0.4067366430757836 0
    outer loop
      vertex 77.46410161513776 2 4.803191544541917
      vertex 77.63292387221365 2.3791809976459746 5.182372542187892
      vertex 77.46410161513776 2 35.30319154454191
    endloop
  endfacet
  facet normal 0.9135454576426018 -0.4067366430757981 -5.922208342314696e-17
    outer loop
      vertex 77.63292387221365 2.3791809976459746 5.182372542187892
      vertex 77.80422606518061 2.76393202250021 5.988285997039959
      vertex 77.63292387221365 2.37918099764597 35.68237254218788
    endloop
  endfacet
  facet normal 0.9781476007338082 -0.20791169081774677 0
    outer loop
      vertex 77.80422606518061 2.76393202250021 5.988285997039959
      vertex 77.95891421526204 3.4916825509528575 7.5
      vertex 77.80422606518061 2.76393202250021 36.48828599703995
    endloop
  endfacet
  facet normal 0.9781476007337906 -0.20791169081783037 -7.146379644329289e-17
    outer loop
      vertex 77.95891421526204 3.4916825509528575 7.5
      vertex 77.97808758147309 3.581886146929385 7.5
      vertex 77.95891421526204 3.4916825509528473 37.216036525492584
    endloop
  endfacet
  facet normal 1 0 0
    outer loop
      vertex 77.97808758147309 3.581886146929385 7.5
      vertex 77.97808758147309 4 7.5
      vertex 77.97808758147309 3.581886146929385 37.999999999999986
    endloop
  endfacet
  facet normal 0.6691306063588593 -0.7431448254773934 0
    outer loop
      vertex 76.97257930190958 1.323477574564567 3.718878316681902
      vertex 76.97257930190958 1.323477574564567 34.218878316681895
      vertex 76.3511410091699 0.7639320225002102 33.36354188586651
    endloop
  endfacet
  facet normal 0.8090169943749406 -0.5877852522924825 0
    outer loop
      vertex 76.97257930190958 1.323477574564567 3.718878316681902
      vertex 76.99519052838329 1.3545992578826653 34.249999999999986
      vertex 76.97257930190958 1.323477574564567 34.218878316681895
    endloop
  endfacet
  facet normal 0.8090169943749416 -0.5877852522924811 0
    outer loop
      vertex 77.46410161513776 2 4.803191544541917
      vertex 77.46410161513776 2 35.30319154454191
      vertex 76.99519052838329 1.3545992578826653 34.249999999999986
    endloop
  endfacet
  facet normal 0.9135454576426066 -0.40673664307578755 -5.922208342314542e-17
    outer loop
      vertex 77.63292387221365 2.3791809976459746 5.182372542187892
      vertex 77.63292387221365 2.37918099764597 35.68237254218788
      vertex 77.46410161513776 2 35.30319154454191
    endloop
  endfacet
  facet normal 0.9135454576426035 -0.4067366430757943 0
    outer loop
      vertex 77.80422606518061 2.76393202250021 5.988285997039959
      vertex 77.80422606518061 2.76393202250021 36.48828599703995
      vertex 77.63292387221365 2.37918099764597 35.68237254218788
    endloop
  endfacet
  facet normal 0.9781476007338078 -0.2079116908177495 -7.146379644326509e-17
    outer loop
      vertex 77.95891421526204 3.4916825509528575 7.5
      vertex 77.95891421526204 3.4916825509528473 37.216036525492584
      vertex 77.80422606518061 2.76393202250021 36.48828599703995
    endloop
  endfacet
  facet normal 0.9781476007337876 -0.20791169081784394 -1.1803528834092846e-16
    outer loop
      vertex 77.97808758147309 3.581886146929385 7.5
      vertex 77.95891421526204 3.491682550952847 37.999999999999986
      vertex 77.95891421526204 3.4916825509528473 37.216036525492584
    endloop
  endfacet
  facet normal 0.9781476007337955 -0.20791169081780683 0
    outer loop
      vertex 77.97808758147309 3.581886146929385 7.5
      vertex 77.97808758147309 3.581886146929385 37.999999999999986
      vertex 77.95891421526204 3.491682550952847 37.999999999999986
    endloop
  endfacet
  facet normal 1 0 0
    outer loop
      vertex 77.97808758147309 4 7.5
      vertex 77.97808758147309 4 37.999999999999986
      vertex 77.97808758147309 3.581886146929385 37.999999999999986
    endloop
  endfacet
  facet normal 0.1045284632676547 -0.9945218953682732 0
    outer loop
      vertex 74.8 0.08408338821254051 30.49999999999999
      vertex 74.83164676327104 0.08740959706477724 31.888065164721148
      vertex 74.8 0.08408338821254051 31.86979389742763
    endloop
  endfacet
  facet normal 0.9945218953682751 0.10452846326763665 0
    outer loop
      vertex 77.95891421526204 21.390905129884608 6.716036525492598
      vertex 77.91259040293522 21.83164676327104 6.498100123233982
      vertex 77.95891421526204 21.390905129884608 7.5
    endloop
  endfacet
  facet normal 0.20791169081776031 0.9781476007338055 0
    outer loop
      vertex 74.50831744904715 24.95891421526205 6.716036525492598
      vertex 74.50831744904715 24.95891421526205 7.5
      vertex 75.23606797749979 24.804226065180615 5.988285997039952
    endloop
  endfacet
  facet normal 0.7431448254773965 0.6691306063588557 2.24515943060214e-14
    outer loop
      vertex 76.81679302195377 23.816793021953764 3.504456897493263
      vertex 76.67652242543544 23.972579301909576 3.718878316681902
      vertex 76.99519052838329 23.61866251869881 3.75
    endloop
  endfacet
  facet normal 0.40673664307580765 0.9135454576425975 -8.454351373765999e-18
    outer loop
      vertex 75.23606797749979 24.804226065180615 5.988285997039952
      vertex 75.66963594336852 24.61118916974498 32.61780201557361
      vertex 75.62081900235401 24.632923872213652 5.182372542187892
    endloop
  endfacet
  facet normal 0.5877852522925758 0.809016994374873 0
    outer loop
      vertex 76.67652242543544 23.972579301909576 3.718878316681902
      vertex 76.64540074211735 23.99519052838329 3.75
      vertex 76.67652242543544 23.972579301909576 33.811390984471714
    endloop
  endfacet
  facet normal 0.7431448254773976 0.6691306063588545 2.3666798776902115e-19
    outer loop
      vertex 76.99519052838329 23.61866251869881 3.75
      vertex 76.67652242543544 23.972579301909576 3.718878316681902
      vertex 76.67652242543544 23.972579301909576 33.811390984471714
    endloop
  endfacet
  facet normal 0.7431448254773976 0.6691306063588547 5.662812315654708e-19
    outer loop
      vertex 77.23606797749979 23.351141009169893 4.291019608719893
      vertex 76.99519052838329 23.61866251869881 3.75
      vertex 76.99519052838329 23.61866251869881 34.249999999999986
    endloop
  endfacet
  facet normal 0.4067366430757924 0.9135454576426044 2.444182884216977e-17
    outer loop
      vertex 75.62081900235401 24.632923872213652 5.182372542187892
      vertex 75.66963594336852 24.61118916974498 32.61780201557361
      vertex 76 24.464101615137753 4.80319154454191
    endloop
  endfacet
  facet normal 0.5877852522924658 0.8090169943749527 8.887474607510832e-18
    outer loop
      vertex 76.64540074211735 23.99519052838329 3.75
      vertex 76 24.464101615137753 4.80319154454191
      vertex 76.3594934665989 24.20291432311358 33.37503805726331
    endloop
  endfacet
  facet normal 0.9945218953682751 0.10452846326763665 0
    outer loop
      vertex 77.91259040293522 21.83164676327104 6.498100123233982
      vertex 77.91259040293522 21.83164676327104 36.99810012323397
      vertex 77.95891421526204 21.390905129884608 7.5
    endloop
  endfacet
  facet normal 0.8660254037845104 0.4999999999998758 1.1374148028143388e-15
    outer loop
      vertex 77.6541818305704 22.6269465723032 5.282383373139091
      vertex 77.63292387221365 22.663766436242273 5.182372542187892
      vertex 77.53123964795326 22.839888678989496 35.453986035173116
    endloop
  endfacet
  facet normal 0.8660254037843665 0.500000000000125 -2.3084333534336597e-16
    outer loop
      vertex 77.6541818305704 22.6269465723032 5.282383373139091
      vertex 77.63292387221365 22.663766436242263 35.68237254218788
      vertex 77.64709584445148 22.63921986028289 35.74904642948868
    endloop
  endfacet
  facet normal 0.8660254037844388 0.4999999999999997 -2.845681381389451e-17
    outer loop
      vertex 77.6541818305704 22.6269465723032 5.282383373139091
      vertex 77.53123964795326 22.839888678989496 35.453986035173116
      vertex 77.63292387221365 22.663766436242263 35.68237254218788
    endloop
  endfacet
  facet normal 0.9945218953682771 0.1045284632676186 2.724436394618478e-16
    outer loop
      vertex 77.95891421526204 21.390905129884608 7.5
      vertex 77.91259040293522 21.83164676327104 36.99810012323397
      vertex 77.94644739923598 21.509518961140273 37.157384767447056
    endloop
  endfacet
  facet normal 0 1 0
    outer loop
      vertex 74 24.978087581473094 7.5
      vertex 74 24.978087581473094 31.40791368207594
      vertex 74.41811385307062 24.978087581473094 7.5
    endloop
  endfacet
  facet normal 0.2079116908177603 0.9781476007338055 0
    outer loop
      vertex 75.23606797749979 24.804226065180615 5.988285997039952
      vertex 74.50831744904715 24.95891421526205 7.5
      vertex 75.23606797749979 24.804226065180615 32.22741566562742
    endloop
  endfacet
  facet normal 0.8660254037844383 0.5000000000000004 1.0102481383764844e-18
    outer loop
      vertex 77.63292387221365 22.663766436242273 5.182372542187892
      vertex 77.23606797749979 23.351141009169893 4.291019608719893
      vertex 77.23606797749979 23.351141009169893 34.79101960871988
    endloop
  endfacet
  facet normal 0.40673664307580726 0.9135454576425978 0
    outer loop
      vertex 75.23606797749979 24.804226065180615 5.988285997039952
      vertex 75.23606797749979 24.804226065180615 32.22741566562742
      vertex 75.66963594336852 24.61118916974498 32.61780201557361
    endloop
  endfacet
  facet normal 0.5877852522924727 0.8090169943749477 1.62902230782852e-16
    outer loop
      vertex 76.64540074211735 23.99519052838329 3.75
      vertex 76.48926290365984 24.108631308253496 33.5536503642637
      vertex 76.67652242543544 23.972579301909576 33.811390984471714
    endloop
  endfacet
  facet normal 0.7431448254773976 0.6691306063588547 0
    outer loop
      vertex 77.23606797749979 23.351141009169893 4.291019608719893
      vertex 76.99519052838329 23.61866251869881 34.249999999999986
      vertex 77.23606797749979 23.351141009169893 34.79101960871988
    endloop
  endfacet
  facet normal 0.7431448254773976 0.6691306063588546 0
    outer loop
      vertex 76.99519052838329 23.61866251869881 3.75
      vertex 76.67652242543544 23.972579301909576 33.811390984471714
      vertex 76.99519052838329 23.61866251869881 34.249999999999986
    endloop
  endfacet
  facet normal 0.5877852522924653 0.8090169943749531 1.982961062449393e-17
    outer loop
      vertex 76 24.464101615137753 4.80319154454191
      vertex 76.07358619108047 24.410638117843867 32.98152045230856
      vertex 76.3594934665989 24.20291432311358 33.37503805726331
    endloop
  endfacet
  facet normal 0.5877852522924947 0.8090169943749319 -9.741209884448357e-17
    outer loop
      vertex 76 24.464101615137753 4.80319154454191
      vertex 76.02452873036016 24.446280449373123 32.93734891627301
      vertex 76.07358619108047 24.410638117843867 32.98152045230856
    endloop
  endfacet
  facet normal 0.9510565162951501 0.3090169943749584 6.587156155556829e-21
    outer loop
      vertex 77.91259040293522 21.83164676327104 6.498100123233982
      vertex 77.6541818305704 22.6269465723032 5.282383373139091
      vertex 77.6541818305704 22.6269465723032 117.69999999999999
    endloop
  endfacet
  facet normal 0.5877852522924216 0.809016994374985 1.373360422367099e-20
    outer loop
      vertex 76 24.464101615137753 4.80319154454191
      vertex 76.02452873036016 24.446280449373123 89.46050681743618
      vertex 76.02452873036016 24.446280449373123 32.93734891627301
    endloop
  endfacet
  facet normal 0.9945218953682714 0.10452846326767162 0
    outer loop
      vertex 78 21 7.5
      vertex 77.95891421526204 21.390905129884608 7.5
      vertex 78 21 117.69999999999999
    endloop
  endfacet
  facet normal 0.9945218953682706 0.10452846326767924 2.7268509274834942e-17
    outer loop
      vertex 77.95891421526204 21.390905129884608 7.5
      vertex 77.94644739923598 21.509518961140273 37.157384767447056
      vertex 78 21 117.69999999999999
    endloop
  endfacet
  facet normal 0.95105651629515 0.30901699437495833 0
    outer loop
      vertex 77.91259040293522 21.83164676327104 6.498100123233982
      vertex 77.6541818305704 22.6269465723032 117.69999999999999
      vertex 77.91259040293522 21.83164676327104 36.99810012323397
    endloop
  endfacet
  facet normal 0.8660254037846146 0.4999999999996952 0
    outer loop
      vertex 77.6541818305704 22.6269465723032 5.282383373139091
      vertex 77.64709584445148 22.63921986028289 35.74904642948868
      vertex 77.6541818305704 22.6269465723032 117.69999999999999
    endloop
  endfacet
  facet normal 0.20791169081778174 0.9781476007338009 0
    outer loop
      vertex 74.41811385307062 24.978087581473094 7.5
      vertex 74.41811385307062 24.978087581473094 117.69999999999999
      vertex 74.50831744904715 24.95891421526205 7.5
    endloop
  endfacet
  facet normal 2.354162086248718e-15 1 4.1170793642783367e-17
    outer loop
      vertex 74.41811385307062 24.978087581473094 7.5
      vertex 74 24.978087581473094 31.40791368207594
      vertex 74 24.97808758147309 117.69999999999999
    endloop
  endfacet
  facet normal 0.20791169081776084 0.9781476007338052 -1.7845667698203417e-17
    outer loop
      vertex 74.50831744904715 24.95891421526205 7.5
      vertex 74.41811385307062 24.978087581473094 117.69999999999999
      vertex 75.23606797749979 24.804226065180615 32.22741566562742
    endloop
  endfacet
  facet normal 0.5877852522926309 0.8090169943748327 1.4233733191858035e-15
    outer loop
      vertex 76.64540074211735 23.99519052838329 3.75
      vertex 76 24.464101615137753 117.69999999999999
      vertex 76.48926290365984 24.108631308253496 33.5536503642637
    endloop
  endfacet
  facet normal 0.8660254037844384 0.5000000000000004 3.716433138493095e-19
    outer loop
      vertex 77.63292387221365 22.663766436242273 5.182372542187892
      vertex 77.23606797749979 23.351141009169893 34.79101960871988
      vertex 77.23606797749979 23.351141009169893 117.69999999999999
    endloop
  endfacet
  facet normal 0.8660254037846915 0.4999999999995621 3.5670119932955674e-15
    outer loop
      vertex 77.63292387221365 22.663766436242273 5.182372542187892
      vertex 77.23606797749979 23.351141009169893 117.69999999999999
      vertex 77.53123964795326 22.839888678989496 35.453986035173116
    endloop
  endfacet
  facet normal 0.40673664307577817 0.9135454576426106 -1.770106245322918e-16
    outer loop
      vertex 76 24.464101615137753 4.80319154454191
      vertex 75.66963594336852 24.61118916974498 32.61780201557361
      vertex 75.23606797749979 24.804226065180615 117.69999999999999
    endloop
  endfacet
  facet normal 0.5877852522924644 0.8090169943749539 -1.1155853040988868e-17
    outer loop
      vertex 76.64540074211735 23.99519052838329 3.75
      vertex 76.3594934665989 24.20291432311358 33.37503805726331
      vertex 76 24.464101615137753 117.69999999999999
    endloop
  endfacet
  facet normal 0.5877852522924778 0.8090169943749441 0
    outer loop
      vertex 76.67652242543544 23.972579301909576 33.811390984471714
      vertex 76.31452331158792 24.235587053220055 64.70882261623842
      vertex 76.67652242543544 23.972579301909576 117.69999999999999
    endloop
  endfacet
  facet normal 0.5877852522924215 0.809016994374985 0
    outer loop
      vertex 76 24.464101615137753 4.80319154454191
      vertex 76 24.464101615137753 117.69999999999999
      vertex 76.02452873036016 24.446280449373123 89.46050681743618
    endloop
  endfacet
  facet normal 0.5877852522921193 0.8090169943752044 -3.1090385543800275e-15
    outer loop
      vertex 76.48926290365984 24.108631308253496 33.5536503642637
      vertex 76 24.464101615137753 117.69999999999999
      vertex 76.31452331158792 24.235587053220055 64.70882261623842
    endloop
  endfacet
  facet normal 0.5877852522924777 0.809016994374944 7.528116508432108e-17
    outer loop
      vertex 76.3594934665989 24.20291432311358 33.37503805726331
      vertex 76.02452873036016 24.446280449373123 89.46050681743618
      vertex 76 24.464101615137753 117.69999999999999
    endloop
  endfacet
  facet normal 0.4067366430758001 0.913545457642601 0
    outer loop
      vertex 76 24.464101615137753 4.80319154454191
      vertex 75.23606797749979 24.804226065180615 117.69999999999999
      vertex 76 24.464101615137753 117.69999999999999
    endloop
  endfacet
  facet normal -8.497000643985897e-15 1 0
    outer loop
      vertex 74.41811385307062 24.978087581473094 7.5
      vertex 74 24.97808758147309 117.69999999999999
      vertex 74.41811385307062 24.978087581473094 117.69999999999999
    endloop
  endfacet
  facet normal 0.9945218953682733 0.10452846326765307 -1.399847541101986e-16
    outer loop
      vertex 77.94644739923598 21.509518961140273 37.157384767447056
      vertex 77.91259040293522 21.83164676327104 117.69999999999999
      vertex 78 21 117.69999999999999
    endloop
  endfacet
  facet normal 0.95105651629515 0.3090169943749584 0
    outer loop
      vertex 77.91259040293522 21.83164676327104 36.99810012323397
      vertex 77.6541818305704 22.6269465723032 117.69999999999999
      vertex 77.91259040293522 21.83164676327104 117.69999999999999
    endloop
  endfacet
  facet normal 0.20791169081776265 0.9781476007338049 0
    outer loop
      vertex 75.23606797749979 24.804226065180615 32.22741566562742
      vertex 74.41811385307062 24.978087581473094 117.69999999999999
      vertex 75.23606797749979 24.804226065180615 117.69999999999999
    endloop
  endfacet
  facet normal 0.866025403784442 0.4999999999999941 5.967254066842816e-17
    outer loop
      vertex 77.64709584445148 22.63921986028289 35.74904642948868
      vertex 77.23606797749979 23.351141009169893 117.69999999999999
      vertex 77.6541818305704 22.6269465723032 117.69999999999999
    endloop
  endfacet
  facet normal 0.5877852522924708 0.809016994374949 7.169419537828037e-17
    outer loop
      vertex 76.31452331158792 24.235587053220055 64.70882261623842
      vertex 76 24.464101615137753 117.69999999999999
      vertex 76.67652242543544 23.972579301909576 117.69999999999999
    endloop
  endfacet
  facet normal -0.2079116908177606 -0.9781476007338052 8.260941042963253e-19
    outer loop
      vertex 2.7639320225002137 0.19577393481938543 5.988285997039952
      vertex 3.491682550952852 0.04108578473794999 6.716036525492598
      vertex 3.491682550952852 0.04108578473794999 7.5
    endloop
  endfacet
  facet normal -0.4067366430758012 -0.9135454576426004 -4.2358359186063104e-17
    outer loop
      vertex 2.3791809976459817 0.3670761277863477 5.182372542187892
      vertex 2.7639320225002137 0.19577393481938543 5.988285997039952
      vertex 2 0.5358983848622465 32.91526314825524
    endloop
  endfacet
  facet normal -0.5877852522924879 -0.8090169943749366 1.3449549878750997e-20
    outer loop
      vertex 1.3545992578826613 1.00480947161671 3.75
      vertex 1.3234775745645635 1.027420698090424 33.81139098447172
      vertex 1.3234775745645635 1.027420698090424 3.718878316681902
    endloop
  endfacet
  facet normal -0.58778525229247 -0.8090169943749496 2.7197119105302574e-17
    outer loop
      vertex 2 0.5358983848622465 4.80319154454191
      vertex 1.3234775745645635 1.027420698090424 33.81139098447172
      vertex 1.3545992578826613 1.00480947161671 3.75
    endloop
  endfacet
  facet normal -0.40673664307579865 -0.9135454576426015 1.796951665032951e-19
    outer loop
      vertex 2.3791809976459817 0.3670761277863477 5.182372542187892
      vertex 2 0.5358983848622465 32.91526314825524
      vertex 2 0.5358983848622465 4.80319154454191
    endloop
  endfacet
  facet normal -0.20791169081776065 -0.9781476007338055 -2.406986928201291e-18
    outer loop
      vertex 2.7639320225002137 0.19577393481938543 5.988285997039952
      vertex 3.491682550952852 0.04108578473794999 7.5
      vertex 3.2 0.1030848248676296 30.49999999999999
    endloop
  endfacet
  facet normal -0.8660254037844372 -0.5000000000000024 2.1959696617779577e-15
    outer loop
      vertex 0.7639320225002137 1.6488589908301066 4.291019608719893
      vertex 0.34581816942959875 2.3730534276967994 5.282383373139091
      vertex 0.3670761277863477 2.3362335637577267 5.182372542187892
    endloop
  endfacet
  facet normal -0.9945218953682735 -0.10452846326765293 -3.8819640805253724e-18
    outer loop
      vertex 0.08740959706477724 3.1683532367289615 6.498100123233982
      vertex 0.04108578473795177 3.60909487011539 7.5
      vertex 0.04108578473795177 3.60909487011539 6.716036525492598
    endloop
  endfacet
  facet normal -0.743144825477398 -0.6691306063588539 -1.1595997132962053e-17
    outer loop
      vertex 1.1832069780462362 1.1832069780462362 3.504456897493263
      vertex 1.3234775745645635 1.027420698090424 3.718878316681902
      vertex 1.00480947161671 1.3813374813011912 34.249999999999986
    endloop
  endfacet
  facet normal -0.7431448254773971 -0.6691306063588549 -1.197921973088687e-19
    outer loop
      vertex 1.1832069780462362 1.1832069780462362 3.504456897493263
      vertex 1.00480947161671 1.3813374813011912 34.249999999999986
      vertex 1.00480947161671 1.3813374813011912 3.75
    endloop
  endfacet
  facet normal -0.7431448254773976 -0.6691306063588547 0
    outer loop
      vertex 1.00480947161671 1.3813374813011912 3.75
      vertex 1.00480947161671 1.3813374813011912 34.249999999999986
      vertex 0.7639320225002137 1.6488589908301066 4.291019608719893
    endloop
  endfacet
  facet normal -0.20791169081776328 -0.9781476007338048 -3.7767991637523266e-17
    outer loop
      vertex 3.491682550952852 0.04108578473794999 7.5
      vertex 3.581886146929385 0.021912418526905952 7.5
      vertex 3.2 0.1030848248676296 30.49999999999999
    endloop
  endfacet
  facet normal 0 -1 0
    outer loop
      vertex 3.581886146929385 0.021912418526905952 7.5
      vertex 4 0.021912418526905952 7.5
      vertex 3.581886146929385 0.021912418526905952 30.49999999999999
    endloop
  endfacet
  facet normal -0.5877852522924709 -0.809016994374949 -4.682994504441826e-18
    outer loop
      vertex 2 0.5358983848622465 4.80319154454191
      vertex 1.9264138089195413 0.5893618821561281 32.98152045230856
      vertex 1.3234775745645635 1.027420698090424 33.81139098447172
    endloop
  endfacet
  facet normal -0.5877852522924698 -0.8090169943749498 0
    outer loop
      vertex 2 0.5358983848622465 4.80319154454191
      vertex 2 0.5358983848622465 32.91526314825524
      vertex 1.9264138089195413 0.5893618821561281 32.98152045230856
    endloop
  endfacet
  facet normal -0.20791169081776065 -0.9781476007338054 -1.6748523549215579e-18
    outer loop
      vertex 2.7639320225002137 0.19577393481938543 5.988285997039952
      vertex 3.2 0.1030848248676296 30.49999999999999
      vertex 3.0916106078064516 0.12612370139379397 31.93237254218788
    endloop
  endfacet
  facet normal -0.40673664307580004 -0.9135454576426011 0
    outer loop
      vertex 2.7639320225002137 0.19577393481938543 5.988285997039952
      vertex 2.7639320225002137 0.19577393481938543 32.22741566562741
      vertex 2 0.5358983848622465 32.91526314825524
    endloop
  endfacet
  facet normal -0.20791169081776079 -0.9781476007338054 0
    outer loop
      vertex 2.7639320225002137 0.19577393481938543 5.988285997039952
      vertex 3.0916106078064516 0.12612370139379397 31.93237254218788
      vertex 2.7639320225002137 0.19577393481938543 32.22741566562741
    endloop
  endfacet
  facet normal -0.20791169081776112 -0.9781476007338051 0
    outer loop
      vertex 3.581886146929385 0.021912418526905952 7.5
      vertex 3.581886146929385 0.021912418526905952 30.49999999999999
      vertex 3.2 0.1030848248676296 30.49999999999999
    endloop
  endfacet
  facet normal 0 -1 0
    outer loop
      vertex 4 0.021912418526905952 7.5
      vertex 4 0.021912418526905952 30.49999999999999
      vertex 3.581886146929385 0.021912418526905952 30.49999999999999
    endloop
  endfacet
  facet normal -0.8660254037844385 -0.5000000000000004 0
    outer loop
      vertex 0.7639320225002137 1.6488589908301066 4.291019608719893
      vertex 0.7639320225002137 1.6488589908301066 34.79101960871988
      vertex 0.34581816942959875 2.3730534276967994 5.282383373139091
    endloop
  endfacet
  facet normal -0.9510565162951525 -0.30901699437495067 0
    outer loop
      vertex 0.34581816942959875 2.3730534276967994 5.282383373139091
      vertex 0.34581816942959875 2.3730534276967994 35.782383373139076
      vertex 0.08740959706477724 3.1683532367289615 6.498100123233982
    endloop
  endfacet
  facet normal -0.9945218953682734 -0.10452846326765292 0
    outer loop
      vertex 0.08740959706477724 3.1683532367289615 6.498100123233982
      vertex 0.08740959706477724 3.1683532367289615 36.998100123233975
      vertex 0.04108578473795177 3.60909487011539 7.5
    endloop
  endfacet
  facet normal -0.7431448254773976 -0.6691306063588546 0
    outer loop
      vertex 1.3234775745645635 1.027420698090424 3.718878316681902
      vertex 1.3234775745645635 1.027420698090424 33.81139098447172
      vertex 1.00480947161671 1.3813374813011912 34.249999999999986
    endloop
  endfacet
  facet normal -0.7431448254773976 -0.6691306063588547 0
    outer loop
      vertex 0.7639320225002137 1.6488589908301066 4.291019608719893
      vertex 1.00480947161671 1.3813374813011912 34.249999999999986
      vertex 0.7639320225002137 1.6488589908301066 34.79101960871988
    endloop
  endfacet
  facet normal -0.8660254037844384 -0.5000000000000006 -2.6422944810274216e-18
    outer loop
      vertex 0.34581816942959875 2.3730534276967994 5.282383373139091
      vertex 0.7639320225002137 1.6488589908301066 34.79101960871988
      vertex 0.3670761277863477 2.3362335637577267 35.68237254218788
    endloop
  endfacet
  facet normal -0.8660254037844394 -0.4999999999999988 0
    outer loop
      vertex 0.34581816942959875 2.3730534276967994 5.282383373139091
      vertex 0.3670761277863477 2.3362335637577267 35.68237254218788
      vertex 0.34581816942959875 2.3730534276967994 35.782383373139076
    endloop
  endfacet
  facet normal -0.9510565162951525 -0.30901699437495067 0
    outer loop
      vertex 0.08740959706477724 3.1683532367289615 6.498100123233982
      vertex 0.34581816942959875 2.3730534276967994 35.782383373139076
      vertex 0.08740959706477724 3.1683532367289615 36.998100123233975
    endloop
  endfacet
  facet normal -0.9945218953682734 -0.10452846326765303 -1.5621182394075636e-18
    outer loop
      vertex 0.04108578473795177 3.60909487011539 7.5
      vertex 0.08740959706477724 3.1683532367289615 36.998100123233975
      vertex 0.04108578473795177 3.6090948701153898 37.216036525492584
    endloop
  endfacet
  facet normal -0.9945218953682733 -0.10452846326765315 -1.5621182394075655e-18
    outer loop
      vertex 0.04108578473795177 3.60909487011539 7.5
      vertex 0.04108578473795177 3.6090948701153898 37.216036525492584
      vertex 0 4 37.999999999999986
    endloop
  endfacet
  facet normal -0.9945218953682733 -0.10452846326765329 -8.915394792702662e-20
    outer loop
      vertex 0.04108578473795177 3.60909487011539 7.5
      vertex 0 4 37.999999999999986
      vertex 0 4 7.5
    endloop
  endfacet
  facet normal -0.20791169081776065 -0.9781476007338054 0
    outer loop
      vertex 3.2 0.1030848248676296 30.49999999999999
      vertex 3.2 0.1030848248676296 31.869793897427638
      vertex 3.0916106078064516 0.12612370139379397 31.93237254218788
    endloop
  endfacet
  facet normal -0.9945218953682734 -0.10452846326765318 0
    outer loop
      vertex 0.04108578473795177 3.6090948701153898 37.216036525492584
      vertex 0.04108578473795177 3.6090948701153898 37.999999999999986
      vertex 0 4 37.999999999999986
    endloop
  endfacet
  facet normal -0.9781476007338066 0.20791169081775546 0
    outer loop
      vertex 0.04108578473795177 21.50831744904714 6.716036525492598
      vertex 0.04108578473795177 21.50831744904714 7.5
      vertex 0.19577393481938543 22.23606797749979 5.988285997039959
    endloop
  endfacet
  facet normal -0.6691306063588623 0.7431448254773905 1.2029389249782868e-15
    outer loop
      vertex 1.1832069780462362 23.816793021953764 3.504456897493256
      vertex 1.027420698090424 23.676522425435433 3.718878316681902
      vertex 1.3813374813011876 23.99519052838329 3.75
    endloop
  endfacet
  facet normal -0.10452846326764915 0.9945218953682738 -1.5092445710365194e-18
    outer loop
      vertex 3.1683532367289615 24.912590402935223 6.498100123233975
      vertex 3.609094870115406 24.95891421526205 7.5
      vertex 3.609094870115406 24.95891421526205 6.716036525492598
    endloop
  endfacet
  facet normal -0.8090169943749445 0.5877852522924771 -1.0583957946303445e-17
    outer loop
      vertex 0.535898384862243 23 4.803191544541917
      vertex 0.8781292904701028 23.47104043110513 34.53452834538011
      vertex 1.00480947161671 23.64540074211733 3.75
    endloop
  endfacet
  facet normal -0.8090169943749685 0.587785252292444 -2.0230966052612455e-20
    outer loop
      vertex 1.00480947161671 23.64540074211733 3.75
      vertex 1.027420698090424 23.676522425435433 34.218878316681895
      vertex 1.027420698090424 23.676522425435433 3.718878316681902
    endloop
  endfacet
  facet normal -0.6691306063588623 0.7431448254773906 -4.346849000590721e-17
    outer loop
      vertex 1.027420698090424 23.676522425435433 3.718878316681902
      vertex 1.2043790896958058 23.835856476909363 33.97531598580059
      vertex 1.3813374813011876 23.99519052838329 3.75
    endloop
  endfacet
  facet normal -0.49999999999999534 0.8660254037844414 4.283145462378936e-17
    outer loop
      vertex 1.6488589908301066 24.23606797749979 4.2910196087199
      vertex 1.9264138089195413 24.3963143264386 32.98152045230856
      vertex 2.3362335637577303 24.632923872213652 5.182372542187892
    endloop
  endfacet
  facet normal -0.49999999999999895 0.8660254037844394 8.132389446812841e-21
    outer loop
      vertex 2.3362335637577303 24.632923872213652 5.182372542187892
      vertex 2.373053427696803 24.6541818305704 32.57936433321787
      vertex 2.373053427696803 24.6541818305704 5.282383373139098
    endloop
  endfacet
  facet normal -1 0 0
    outer loop
      vertex 0.021912418526909505 21 7.5
      vertex 0.021912418526909505 21.30239268683964 37.999999999999986
      vertex 0.021912418526909505 21.418113853070615 7.5
    endloop
  endfacet
  facet normal -1 0 0
    outer loop
      vertex 0.021912418526909505 21 7.5
      vertex 0.021912418526909505 21 37.999999999999986
      vertex 0.021912418526909505 21.30239268683964 37.999999999999986
    endloop
  endfacet
  facet normal -0.9135454576426019 0.4067366430757979 0
    outer loop
      vertex 0.3670761277863477 22.620819002354025 5.182372542187892
      vertex 0.3670761277863477 22.620819002354025 35.68237254218788
      vertex 0.535898384862243 23 35.3031915445419
    endloop
  endfacet
  facet normal -0.9135454576426019 0.4067366430757979 3.744550578517583e-19
    outer loop
      vertex 0.3670761277863477 22.620819002354025 5.182372542187892
      vertex 0.535898384862243 23 35.3031915445419
      vertex 0.535898384862243 23 4.803191544541917
    endloop
  endfacet
  facet normal -0.30901699437495184 0.9510565162951521 0
    outer loop
      vertex 2.373053427696803 24.6541818305704 5.282383373139098
      vertex 2.373053427696803 24.6541818305704 32.57936433321787
      vertex 3.1683532367289615 24.912590402935223 6.498100123233975
    endloop
  endfacet
  facet normal -0.10452846326764915 0.9945218953682738 0
    outer loop
      vertex 3.1683532367289615 24.912590402935223 6.498100123233975
      vertex 3.1683532367289615 24.912590402935223 31.88806516472115
      vertex 3.609094870115406 24.95891421526205 7.5
    endloop
  endfacet
  facet normal -0.10452846326765751 0.994521895368273 -5.624664581813441e-21
    outer loop
      vertex 3.609094870115406 24.95891421526205 7.5
      vertex 4 25 31.40791368207594
      vertex 4 25 7.5
    endloop
  endfacet
  facet normal -0.8090169943749448 0.5877852522924767 0
    outer loop
      vertex 0.535898384862243 23 4.803191544541917
      vertex 0.535898384862243 23 35.3031915445419
      vertex 0.8781292904701028 23.47104043110513 34.53452834538011
    endloop
  endfacet
  facet normal -0.8090169943749476 0.587785252292473 -4.583531387352189e-17
    outer loop
      vertex 1.00480947161671 23.64540074211733 3.75
      vertex 0.8781292904701028 23.47104043110513 34.53452834538011
      vertex 1.007835133063708 23.64956520783045 34.24583553428687
    endloop
  endfacet
  facet normal -0.8090169943749472 0.5877852522924735 -4.5904737875071456e-17
    outer loop
      vertex 1.00480947161671 23.64540074211733 3.75
      vertex 1.007835133063708 23.64956520783045 34.24583553428687
      vertex 1.027420698090424 23.676522425435433 34.218878316681895
    endloop
  endfacet
  facet normal -0.6691306063588665 0.7431448254773867 0
    outer loop
      vertex 1.027420698090424 23.676522425435433 3.718878316681902
      vertex 1.027420698090424 23.676522425435433 34.218878316681895
      vertex 1.2043790896958058 23.835856476909363 33.97531598580059
    endloop
  endfacet
  facet normal -0.6691306063588552 0.7431448254773969 1.7207393174578772e-17
    outer loop
      vertex 1.3813374813011876 23.99519052838329 3.75
      vertex 1.2043790896958058 23.835856476909363 60.724999999999994
      vertex 1.6488589908301066 24.23606797749979 4.2910196087199
    endloop
  endfacet
  facet normal -0.4999999999999928 0.8660254037844428 1.019810966770353e-17
    outer loop
      vertex 1.6488589908301066 24.23606797749979 4.2910196087199
      vertex 1.8779838484726479 24.368353275737743 33.115439220380054
      vertex 1.9264138089195413 24.3963143264386 32.98152045230856
    endloop
  endfacet
  facet normal -0.4999999999999975 0.86602540378444 -2.351924035306996e-18
    outer loop
      vertex 2.3362335637577303 24.632923872213652 5.182372542187892
      vertex 1.9264138089195413 24.3963143264386 32.98152045230856
      vertex 2.373053427696803 24.6541818305704 32.57936433321787
    endloop
  endfacet
  facet normal -0.30901699437495184 0.9510565162951522 2.5412997261083605e-18
    outer loop
      vertex 3.1683532367289615 24.912590402935223 6.498100123233975
      vertex 2.373053427696803 24.6541818305704 32.57936433321787
      vertex 3.0916106078064516 24.887655211257606 31.93237254218788
    endloop
  endfacet
  facet normal -0.30901699437495256 0.9510565162951519 0
    outer loop
      vertex 3.1683532367289615 24.912590402935223 6.498100123233975
      vertex 3.0916106078064516 24.887655211257606 31.93237254218788
      vertex 3.1683532367289615 24.912590402935223 31.88806516472115
    endloop
  endfacet
  facet normal -0.10452846326765314 0.9945218953682734 -7.249673114635227e-17
    outer loop
      vertex 3.609094870115406 24.95891421526205 7.5
      vertex 3.1683532367289615 24.912590402935223 31.88806516472115
      vertex 4 25 31.40791368207594
    endloop
  endfacet
  facet normal -0.9781476007338065 0.2079116908177554 -4.52715610641653e-18
    outer loop
      vertex 0.19577393481938543 22.23606797749979 5.988285997039959
      vertex 0.04108578473795177 21.50831744904714 7.5
      vertex 0.021912418526909505 21.418113853070615 117.69999999999999
    endloop
  endfacet
  facet normal -0.9135454576426018 0.40673664307579815 -1.445929511370672e-19
    outer loop
      vertex 0.3670761277863477 22.620819002354025 5.182372542187892
      vertex 0.19577393481938543 22.23606797749979 5.988285997039959
      vertex 0.19577393481938543 22.23606797749979 117.69999999999999
    endloop
  endfacet
  facet normal -0.6691306063588582 0.7431448254773942 9.617102570190389e-20
    outer loop
      vertex 1.3813374813011876 23.99519052838329 3.75
      vertex 1.2043790896958058 23.835856476909363 33.97531598580059
      vertex 1.2043790896958058 23.835856476909363 60.724999999999994
    endloop
  endfacet
  facet normal -0.8090169943749473 0.5877852522924731 -8.404547835101915e-18
    outer loop
      vertex 0.8781292904701028 23.47104043110513 34.53452834538011
      vertex 1.0095837354273591 23.65197195250987 51.87011076497056
      vertex 1.007835133063708 23.64956520783045 34.24583553428687
    endloop
  endfacet
  facet normal -0.6691306063588499 0.7431448254774017 9.340494699847714e-17
    outer loop
      vertex 1.6488589908301066 24.23606797749979 4.2910196087199
      vertex 1.2043790896958058 23.835856476909363 60.724999999999994
      vertex 1.3381398444602652 23.95629520146761 60.99550980435995
    endloop
  endfacet
  facet normal -0.4999999999999917 0.8660254037844435 3.05482660939813e-20
    outer loop
      vertex 1.6488589908301066 24.23606797749979 4.2910196087199
      vertex 1.8779838484726479 24.368353275737743 80.19412418072929
      vertex 1.8779838484726479 24.368353275737743 33.115439220380054
    endloop
  endfacet
  facet normal -0.9781476007338054 0.20791169081776054 0
    outer loop
      vertex 0.021912418526909505 21.418113853070615 7.5
      vertex 0.021912418526909505 21.418113853070615 117.69999999999999
      vertex 0.04108578473795177 21.50831744904714 7.5
    endloop
  endfacet
  facet normal -1 0 0
    outer loop
      vertex 0.021912418526909505 21.418113853070615 7.5
      vertex 0.021912418526909505 21.30239268683964 37.999999999999986
      vertex 0.021912418526909505 21.418113853070615 117.69999999999999
    endloop
  endfacet
  facet normal -0.9135454576426018 0.4067366430757982 0
    outer loop
      vertex 0.3670761277863477 22.620819002354025 5.182372542187892
      vertex 0.19577393481938543 22.23606797749979 117.69999999999999
      vertex 0.3670761277863477 22.620819002354025 35.68237254218788
    endloop
  endfacet
  facet normal -0.6691306063588593 0.7431448254773932 1.0396406634355627e-19
    outer loop
      vertex 1.6488589908301066 24.23606797749979 4.2910196087199
      vertex 1.3381398444602652 23.95629520146761 60.99550980435995
      vertex 1.3381398444602652 23.95629520146761 117.69999999999999
    endloop
  endfacet
  facet normal -0.8090169943749468 0.5877852522924741 -2.3171917052419843e-17
    outer loop
      vertex 0.8781292904701028 23.47104043110513 34.53452834538011
      vertex 0.535898384862243 23 117.69999999999999
      vertex 1.0095837354273591 23.65197195250987 51.87011076497056
    endloop
  endfacet
  facet normal -0.4999999999999918 0.8660254037844434 0
    outer loop
      vertex 1.6488589908301066 24.23606797749979 4.2910196087199
      vertex 1.6488589908301066 24.23606797749979 117.69999999999999
      vertex 1.8779838484726479 24.368353275737743 80.19412418072929
    endloop
  endfacet
  facet normal -0.9781476007338064 0.20791169081775598 0
    outer loop
      vertex 0.19577393481938543 22.23606797749979 5.988285997039959
      vertex 0.021912418526909505 21.418113853070615 117.69999999999999
      vertex 0.19577393481938543 22.23606797749979 117.69999999999999
    endloop
  endfacet
  facet normal -0.6691306063588592 0.7431448254773932 0
    outer loop
      vertex 1.6488589908301066 24.23606797749979 4.2910196087199
      vertex 1.3381398444602652 23.95629520146761 117.69999999999999
      vertex 1.6488589908301066 24.23606797749979 117.69999999999999
    endloop
  endfacet
  facet normal -1 0 0
    outer loop
      vertex 0.021912418526909505 21.30239268683964 37.999999999999986
      vertex 0.021912418526909505 21 117.69999999999999
      vertex 0.021912418526909505 21.418113853070615 117.69999999999999
    endloop
  endfacet
  facet normal -0.9135454576426018 0.40673664307579804 -8.89431956185773e-19
    outer loop
      vertex 0.3670761277863477 22.620819002354025 35.68237254218788
      vertex 0.19577393481938543 22.23606797749979 117.69999999999999
      vertex 0.535898384862243 23 117.69999999999999
    endloop
  endfacet
  facet normal -0.5000000000000032 0.8660254037844368 -9.344542062860887e-17
    outer loop
      vertex 1.8779838484726479 24.368353275737743 80.19412418072929
      vertex 1.6488589908301066 24.23606797749979 117.69999999999999
      vertex 1.8902571364523386 24.37543926185666 80.22746112437969
    endloop
  endfacet
  facet normal -0.4999999999999923 0.866025403784443 0
    outer loop
      vertex 1.8902571364523386 24.37543926185666 80.22746112437969
      vertex 1.6488589908301066 24.23606797749979 117.69999999999999
      vertex 1.8902571364523386 24.37543926185666 117.69999999999999
    endloop
  endfacet
  facet normal 0 0 -1
    outer loop
      vertex 3.491682550952852 0.04108578473794999 7.5
      vertex 74.3909051298846 0.04108578473794999 7.5
      vertex 3.581886146929385 0.021912418526905952 7.5
    endloop
  endfacet
  facet normal 0 0 -1
    outer loop
      vertex 4 0.021912418526905952 7.5
      vertex 74 0 7.5
      vertex 4 0 7.5
    endloop
  endfacet
  facet normal 0 0 -1
    outer loop
      vertex 3.581886146929385 0.021912418526905952 7.5
      vertex 74.3909051298846 0.04108578473794999 7.5
      vertex 4 0.021912418526905952 7.5
    endloop
  endfacet
  facet normal 0 0 -1
    outer loop
      vertex 4 0.021912418526905952 7.5
      vertex 74.3909051298846 0.04108578473794999 7.5
      vertex 74 0 7.5
    endloop
  endfacet
  facet normal 0 0 -1
    outer loop
      vertex 3.609094870115406 24.95891421526205 7.5
      vertex 4 25 7.5
      vertex 74 24.978087581473094 7.5
    endloop
  endfacet
  facet normal 0 0 -1
    outer loop
      vertex 3.609094870115406 24.95891421526205 7.5
      vertex 74 24.978087581473094 7.5
      vertex 74.41811385307062 24.978087581473094 7.5
    endloop
  endfacet
  facet normal 0 0 -1
    outer loop
      vertex 4 25 7.5
      vertex 74 25 7.5
      vertex 74 24.978087581473094 7.5
    endloop
  endfacet
  facet normal 0 0 -1
    outer loop
      vertex 3.609094870115406 24.95891421526205 7.5
      vertex 74.41811385307062 24.978087581473094 7.5
      vertex 74.50831744904715 24.95891421526205 7.5
    endloop
  endfacet
  facet normal 0 0 -1
    outer loop
      vertex 3.491682550952845 -12.458914215262048 37.999999999999986
      vertex 74.3909051298846 -12.458914215262048 37.999999999999986
      vertex 3.581886146929385 -12.478087581473094 37.999999999999986
    endloop
  endfacet
  facet normal 0 0 -1
    outer loop
      vertex 3.581886146929385 -12.478087581473094 37.999999999999986
      vertex 74.3909051298846 -12.458914215262048 37.999999999999986
      vertex 4 -12.478087581473094 37.999999999999986
    endloop
  endfacet
  facet normal 0 0 -1
    outer loop
      vertex 4 -12.478087581473094 37.999999999999986
      vertex 74 -12.5 37.999999999999986
      vertex 4 -12.5 37.999999999999986
    endloop
  endfacet
  facet normal 0 0 -1
    outer loop
      vertex 4 -12.478087581473094 37.999999999999986
      vertex 74.3909051298846 -12.458914215262048 37.999999999999986
      vertex 74 -12.5 37.999999999999986
    endloop
  endfacet
  facet normal -1.0592494035505562e-16 -0.8090169943749367 -0.5877852522924878
    outer loop
      vertex 1.3545992578826613 1.00480947161671 3.75
      vertex 1.3234775745645635 1.027420698090424 3.718878316681902
      vertex 76.81679302195377 1.1832069780462362 3.504456897493256
    endloop
  endfacet
  facet normal 0 -0.9135454576426015 -0.40673664307579865
    outer loop
      vertex 2.3791809976459817 0.3670761277863477 5.182372542187892
      vertex 2 0.5358983848622465 4.80319154454191
      vertex 75.66376643624227 0.3670761277863477 5.182372542187892
    endloop
  endfacet
  facet normal 3.0419508055477855e-19 -0.9135454576426002 -0.40673664307580176
    outer loop
      vertex 2 0.5358983848622465 4.80319154454191
      vertex 1.3545992578826613 1.00480947161671 3.75
      vertex 76.61866251869881 1.00480947161671 3.75
    endloop
  endfacet
  facet normal 0 -0.9781476007338057 -0.20791169081775898
    outer loop
      vertex 2.3791809976459817 0.3670761277863477 5.182372542187892
      vertex 75.66376643624227 0.3670761277863477 5.182372542187892
      vertex 2.7639320225002137 0.19577393481938543 5.988285997039952
    endloop
  endfacet
  facet normal 0 -1 0
    outer loop
      vertex 3.491682550952852 0.04108578473794999 6.716036525492598
      vertex 74.3909051298846 0.04108578473794999 7.5
      vertex 3.491682550952852 0.04108578473794999 7.5
    endloop
  endfacet
  facet normal -4.357063644243266e-20 -0.9781476007338057 -0.2079116908177587
    outer loop
      vertex 2.7639320225002137 0.19577393481938543 5.988285997039952
      vertex 74.3909051298846 0.04108578473794999 6.716036525492598
      vertex 3.491682550952852 0.04108578473794999 6.716036525492598
    endloop
  endfacet
  facet normal -7.047720842578707e-17 -0.8090169943749452 -0.5877852522924761
    outer loop
      vertex 1.1832069780462362 1.1832069780462362 3.504456897493263
      vertex 76.07358619108047 1.926413808919543 2.4815204523085654
      vertex 1.3234775745645635 1.027420698090424 3.718878316681902
    endloop
  endfacet
  facet normal -3.224962975710295e-19 -0.8090169943749477 -0.5877852522924728
    outer loop
      vertex 1.1832069780462362 1.1832069780462362 3.504456897493263
      vertex 1.9264138089195413 1.926413808919543 2.4815204523085654
      vertex 76.07358619108047 1.926413808919543 2.4815204523085654
    endloop
  endfacet
  facet normal 0 -0.6691306063588598 -0.7431448254773929
    outer loop
      vertex 1.9264138089195413 1.926413808919543 2.4815204523085654
      vertex 3.0916106078064516 3.0916106078064516 1.432372542187892
      vertex 76.07358619108047 1.926413808919543 2.4815204523085654
    endloop
  endfacet
  facet normal 0 -0.5000000000000006 -0.8660254037844383
    outer loop
      vertex 3.0916106078064516 3.0916106078064516 1.432372542187892
      vertex 4.4494751769315 4.449475176931498 0.6484090676804897
      vertex 74.90838939219356 3.0916106078064516 1.432372542187892
    endloop
  endfacet
  facet normal 0 -0.3090169943749456 -0.9510565162951542
    outer loop
      vertex 4.4494751769315 4.449475176931498 0.6484090676804897
      vertex 5.940662318866806 5.940662318866805 0.16389299449645733
      vertex 73.5505248230685 4.449475176931498 0.6484090676804897
    endloop
  endfacet
  facet normal 0 -0.10452846326765321 -0.9945218953682734
    outer loop
      vertex 5.940662318866806 5.940662318866805 0.16389299449645733
      vertex 7.5 7.5 0
      vertex 72.0593376811332 5.940662318866805 0.16389299449645733
    endloop
  endfacet
  facet normal 0 -1 0
    outer loop
      vertex 3.491682550952852 0.04108578473794999 6.716036525492598
      vertex 74.3909051298846 0.04108578473794999 6.716036525492598
      vertex 74.3909051298846 0.04108578473794999 7.5
    endloop
  endfacet
  facet normal -1.3413409609878387e-17 -0.9781476007338061 -0.20791169081775746
    outer loop
      vertex 2.7639320225002137 0.19577393481938543 5.988285997039952
      vertex 74.83164676327104 0.08740959706477724 6.498100123233975
      vertex 74.3909051298846 0.04108578473794999 6.716036525492598
    endloop
  endfacet
  facet normal -4.518647606305846e-18 -0.9781476007338058 -0.20791169081775865
    outer loop
      vertex 2.7639320225002137 0.19577393481938543 5.988285997039952
      vertex 75.6269465723032 0.345818169429597 5.282383373139098
      vertex 74.83164676327104 0.08740959706477724 6.498100123233975
    endloop
  endfacet
  facet normal 0 -0.8090169943749521 -0.5877852522924665
    outer loop
      vertex 1.3545992578826613 1.00480947161671 3.75
      vertex 76.81679302195377 1.1832069780462362 3.504456897493256
      vertex 76.61866251869881 1.00480947161671 3.75
    endloop
  endfacet
  facet normal -6.632494804256751e-17 -0.9781476007338045 -0.20791169081776492
    outer loop
      vertex 2.7639320225002137 0.19577393481938543 5.988285997039952
      vertex 75.66376643624227 0.3670761277863477 5.182372542187892
      vertex 75.6269465723032 0.345818169429597 5.282383373139098
    endloop
  endfacet
  facet normal 1.5883996778555687e-17 -0.9135454576426004 -0.40673664307580126
    outer loop
      vertex 2 0.5358983848622465 4.80319154454191
      vertex 76.3511410091699 0.7639320225002102 4.2910196087199
      vertex 75.66376643624227 0.3670761277863477 5.182372542187892
    endloop
  endfacet
  facet normal 2.2953529057342758e-17 -0.9135454576426009 -0.40673664307580043
    outer loop
      vertex 2 0.5358983848622465 4.80319154454191
      vertex 76.61866251869881 1.00480947161671 3.75
      vertex 76.3511410091699 0.7639320225002102 4.2910196087199
    endloop
  endfacet
  facet normal -5.21309882986079e-17 -0.8090169943749458 -0.5877852522924755
    outer loop
      vertex 1.3234775745645635 1.027420698090424 3.718878316681902
      vertex 76.07358619108047 1.926413808919543 2.4815204523085654
      vertex 76.81679302195377 1.1832069780462362 3.504456897493256
    endloop
  endfacet
  facet normal 0 -0.6691306063588597 -0.7431448254773928
    outer loop
      vertex 3.0916106078064516 3.0916106078064516 1.432372542187892
      vertex 74.90838939219356 3.0916106078064516 1.432372542187892
      vertex 76.07358619108047 1.926413808919543 2.4815204523085654
    endloop
  endfacet
  facet normal 0 -0.5000000000000006 -0.8660254037844384
    outer loop
      vertex 4.4494751769315 4.449475176931498 0.6484090676804897
      vertex 73.5505248230685 4.449475176931498 0.6484090676804897
      vertex 74.90838939219356 3.0916106078064516 1.432372542187892
    endloop
  endfacet
  facet normal 0 -0.3090169943749457 -0.9510565162951542
    outer loop
      vertex 5.940662318866806 5.940662318866805 0.16389299449645733
      vertex 72.0593376811332 5.940662318866805 0.16389299449645733
      vertex 73.5505248230685 4.449475176931498 0.6484090676804897
    endloop
  endfacet
  facet normal 0 -0.10452846326765322 -0.9945218953682734
    outer loop
      vertex 7.5 7.5 0
      vertex 70.5 7.5 0
      vertex 72.0593376811332 5.940662318866805 0.16389299449645733
    endloop
  endfacet
  facet normal 0 0.10452846326765335 -0.9945218953682734
    outer loop
      vertex 7.5 17.5 0
      vertex 5.940662318866806 19.059337681133194 0.16389299449645733
      vertex 70.5 17.5 0
    endloop
  endfacet
  facet normal 0 0.3090169943749457 -0.9510565162951542
    outer loop
      vertex 5.940662318866806 19.059337681133194 0.16389299449645733
      vertex 4.4494751769315 20.5505248230685 0.6484090676804897
      vertex 72.0593376811332 19.059337681133194 0.16389299449645733
    endloop
  endfacet
  facet normal 0 0.6691306063588591 -0.7431448254773935
    outer loop
      vertex 3.0916106078064516 21.90838939219355 1.432372542187892
      vertex 1.9264138089195413 23.07358619108046 2.4815204523085654
      vertex 74.90838939219356 21.90838939219355 1.432372542187892
    endloop
  endfacet
  facet normal 0 0.5000000000000001 -0.8660254037844386
    outer loop
      vertex 4.4494751769315 20.5505248230685 0.6484090676804897
      vertex 3.0916106078064516 21.90838939219355 1.432372542187892
      vertex 73.5505248230685 20.5505248230685 0.6484090676804897
    endloop
  endfacet
  facet normal 4.8271143644628315e-17 0.8090169943749463 -0.5877852522924745
    outer loop
      vertex 1.1832069780462362 23.816793021953764 3.504456897493256
      vertex 76.67652242543544 23.972579301909576 3.718878316681902
      vertex 1.9264138089195413 23.07358619108046 2.4815204523085654
    endloop
  endfacet
  facet normal -2.8127064287793134e-21 0.8090169943749521 -0.5877852522924665
    outer loop
      vertex 1.1832069780462362 23.816793021953764 3.504456897493256
      vertex 1.3813374813011876 23.99519052838329 3.75
      vertex 76.64540074211735 23.99519052838329 3.75
    endloop
  endfacet
  facet normal -2.257722328726209e-17 0.9135454576426009 -0.40673664307580043
    outer loop
      vertex 1.3813374813011876 23.99519052838329 3.75
      vertex 1.6488589908301066 24.23606797749979 4.2910196087199
      vertex 76 24.464101615137753 4.80319154454191
    endloop
  endfacet
  facet normal -1.5865105070294396e-17 0.9135454576426004 -0.40673664307580126
    outer loop
      vertex 1.6488589908301066 24.23606797749979 4.2910196087199
      vertex 2.3362335637577303 24.632923872213652 5.182372542187892
      vertex 76 24.464101615137753 4.80319154454191
    endloop
  endfacet
  facet normal -1.259768877586715e-16 0.978147600733808 -0.20791169081774807
    outer loop
      vertex 2.3362335637577303 24.632923872213652 5.182372542187892
      vertex 2.373053427696803 24.6541818305704 5.282383373139098
      vertex 75.23606797749979 24.804226065180615 5.988285997039952
    endloop
  endfacet
  facet normal -5.5463223041174595e-18 0.9781476007338055 -0.20791169081775998
    outer loop
      vertex 2.373053427696803 24.6541818305704 5.282383373139098
      vertex 3.1683532367289615 24.912590402935223 6.498100123233975
      vertex 75.23606797749979 24.804226065180615 5.988285997039952
    endloop
  endfacet
  facet normal 6.883832081204532e-17 0.9781476007338077 -0.20791169081774993
    outer loop
      vertex 3.1683532367289615 24.912590402935223 6.498100123233975
      vertex 3.609094870115406 24.95891421526205 6.716036525492598
      vertex 75.23606797749979 24.804226065180615 5.988285997039952
    endloop
  endfacet
  facet normal 0 1 0
    outer loop
      vertex 3.609094870115406 24.95891421526205 6.716036525492598
      vertex 3.609094870115406 24.95891421526205 7.5
      vertex 74.50831744904715 24.95891421526205 6.716036525492598
    endloop
  endfacet
  facet normal 0 0.10452846326765333 -0.9945218953682734
    outer loop
      vertex 5.940662318866806 19.059337681133194 0.16389299449645733
      vertex 72.0593376811332 19.059337681133194 0.16389299449645733
      vertex 70.5 17.5 0
    endloop
  endfacet
  facet normal 0 0.3090169943749456 -0.9510565162951542
    outer loop
      vertex 4.4494751769315 20.5505248230685 0.6484090676804897
      vertex 73.5505248230685 20.5505248230685 0.6484090676804897
      vertex 72.0593376811332 19.059337681133194 0.16389299449645733
    endloop
  endfacet
  facet normal 0 0.5000000000000001 -0.8660254037844386
    outer loop
      vertex 3.0916106078064516 21.90838939219355 1.432372542187892
      vertex 74.90838939219356 21.90838939219355 1.432372542187892
      vertex 73.5505248230685 20.5505248230685 0.6484090676804897
    endloop
  endfacet
  facet normal 0 0.6691306063588591 -0.7431448254773934
    outer loop
      vertex 1.9264138089195413 23.07358619108046 2.4815204523085654
      vertex 76.07358619108047 23.07358619108046 2.4815204523085654
      vertex 74.90838939219356 21.90838939219355 1.432372542187892
    endloop
  endfacet
  facet normal 0 0.9781476007338057 -0.20791169081775898
    outer loop
      vertex 2.3362335637577303 24.632923872213652 5.182372542187892
      vertex 75.23606797749979 24.804226065180615 5.988285997039952
      vertex 75.62081900235401 24.632923872213652 5.182372542187892
    endloop
  endfacet
  facet normal 0 1 0
    outer loop
      vertex 3.609094870115406 24.95891421526205 7.5
      vertex 74.50831744904715 24.95891421526205 7.5
      vertex 74.50831744904715 24.95891421526205 6.716036525492598
    endloop
  endfacet
  facet normal 0 0.9781476007338062 -0.2079116908177564
    outer loop
      vertex 3.609094870115406 24.95891421526205 6.716036525492598
      vertex 74.50831744904715 24.95891421526205 6.716036525492598
      vertex 75.23606797749979 24.804226065180615 5.988285997039952
    endloop
  endfacet
  facet normal 0 0.8090169943749477 -0.5877852522924726
    outer loop
      vertex 1.9264138089195413 23.07358619108046 2.4815204523085654
      vertex 76.67652242543544 23.972579301909576 3.718878316681902
      vertex 76.07358619108047 23.07358619108046 2.4815204523085654
    endloop
  endfacet
  facet normal 1.0584941157364689e-16 0.8090169943749366 -0.587785252292488
    outer loop
      vertex 1.1832069780462362 23.816793021953764 3.504456897493256
      vertex 76.64540074211735 23.99519052838329 3.75
      vertex 76.67652242543544 23.972579301909576 3.718878316681902
    endloop
  endfacet
  facet normal 0 0.9135454576426002 -0.4067366430758019
    outer loop
      vertex 1.3813374813011876 23.99519052838329 3.75
      vertex 76 24.464101615137753 4.80319154454191
      vertex 76.64540074211735 23.99519052838329 3.75
    endloop
  endfacet
  facet normal 0 0.9135454576426015 -0.40673664307579865
    outer loop
      vertex 2.3362335637577303 24.632923872213652 5.182372542187892
      vertex 75.62081900235401 24.632923872213652 5.182372542187892
      vertex 76 24.464101615137753 4.80319154454191
    endloop
  endfacet
  facet normal 4.7563602470069424e-15 0.8090169943749466 -0.5877852522924742
    outer loop
      vertex 76.07358619108047 23.07358619108046 2.4815204523085654
      vertex 76.67652242543544 23.972579301909576 3.718878316681902
      vertex 76.81679302195377 23.816793021953764 3.504456897493263
    endloop
  endfacet
  facet normal -1.879325208763827e-19 -0.9135454576425988 -0.4067366430758051
    outer loop
      vertex 2 -11.964101615137753 35.3031915445419
      vertex 75.66376643624227 -12.132923872213652 35.68237254218788
      vertex 2.3791809976459817 -12.132923872213652 35.68237254218788
    endloop
  endfacet
  facet normal 2.9100385417904964e-19 -0.9135454576426012 -0.4067366430757995
    outer loop
      vertex 2 -11.964101615137753 35.3031915445419
      vertex 1.3545992578826613 -11.49519052838329 34.249999999999986
      vertex 76.61866251869881 -11.49519052838329 34.249999999999986
    endloop
  endfacet
  facet normal -5.413384844257254e-16 -0.8090169943748731 -0.5877852522925754
    outer loop
      vertex 1.3545992578826613 -11.49519052838329 34.249999999999986
      vertex 1.3234775745645635 -11.472579301909576 34.218878316681895
      vertex 76.81679302195377 -11.316793021953764 34.00445689749324
    endloop
  endfacet
  facet normal -8.855145666851831e-17 -0.8090169943749453 -0.5877852522924761
    outer loop
      vertex 1.3234775745645635 -11.472579301909576 34.218878316681895
      vertex 1.1832069780462362 -11.316793021953764 34.004456897493256
      vertex 76.07358619108047 -10.573586191080459 32.98152045230856
    endloop
  endfacet
  facet normal 0 -0.8090169943749482 -0.5877852522924718
    outer loop
      vertex 1.9264138089195413 -10.573586191080459 32.98152045230856
      vertex 76.07358619108047 -10.573586191080459 32.98152045230856
      vertex 1.1832069780462362 -11.316793021953764 34.004456897493256
    endloop
  endfacet
  facet normal 0 -0.9781476007338065 -0.20791169081775546
    outer loop
      vertex 2.3791809976459817 -12.132923872213652 35.68237254218788
      vertex 75.66376643624227 -12.132923872213652 35.68237254218788
      vertex 2.7639320225002137 -12.304226065180615 36.48828599703995
    endloop
  endfacet
  facet normal 0 -0.6691306063588603 -0.7431448254773922
    outer loop
      vertex 1.9264138089195413 -10.573586191080459 32.98152045230856
      vertex 3.0916106078064516 -9.408389392193548 31.93237254218788
      vertex 76.07358619108047 -10.573586191080459 32.98152045230856
    endloop
  endfacet
  facet normal 1.0184673297318812e-19 -0.9781476007338055 -0.2079116908177603
    outer loop
      vertex 2.7639320225002137 -12.304226065180615 36.48828599703995
      vertex 74.3909051298846 -12.458914215262048 37.216036525492584
      vertex 3.491682550952845 -12.458914215262048 37.216036525492584
    endloop
  endfacet
  facet normal 0 -1 0
    outer loop
      vertex 3.491682550952845 -12.458914215262048 37.216036525492584
      vertex 74.3909051298846 -12.458914215262048 37.999999999999986
      vertex 3.491682550952845 -12.458914215262048 37.999999999999986
    endloop
  endfacet
  facet normal 0 -0.4999999999999972 -0.8660254037844403
    outer loop
      vertex 3.0916106078064516 -9.408389392193548 31.93237254218788
      vertex 4.4494751769315 -8.050524823068502 31.148409067680486
      vertex 74.90838939219356 -9.408389392193548 31.93237254218788
    endloop
  endfacet
  facet normal 0 -0.3090169943749497 -0.9510565162951528
    outer loop
      vertex 4.4494751769315 -8.050524823068502 31.148409067680486
      vertex 5.940662318866806 -6.559337681133195 30.663892994496447
      vertex 73.5505248230685 -8.050524823068502 31.148409067680486
    endloop
  endfacet
  facet normal 0 -0.10452846326765321 -0.9945218953682734
    outer loop
      vertex 5.940662318866806 -6.559337681133195 30.663892994496447
      vertex 7.5 -5 30.49999999999999
      vertex 72.0593376811332 -6.559337681133195 30.663892994496447
    endloop
  endfacet
  facet normal -2.643033226544578e-17 -0.9781476007338058 -0.20791169081775843
    outer loop
      vertex 2.7639320225002137 -12.304226065180615 36.48828599703995
      vertex 75.6269465723032 -12.154181830570405 35.7823833731391
      vertex 74.83164676327104 -12.412590402935223 36.99810012323397
    endloop
  endfacet
  facet normal 2.714936014790665e-17 -0.978147600733807 -0.20791169081775324
    outer loop
      vertex 2.7639320225002137 -12.304226065180615 36.48828599703995
      vertex 75.66376643624227 -12.132923872213652 35.68237254218788
      vertex 75.6269465723032 -12.154181830570405 35.7823833731391
    endloop
  endfacet
  facet normal -6.5700767830577605e-18 -0.9135454576425993 -0.406736643075804
    outer loop
      vertex 2 -11.964101615137753 35.3031915445419
      vertex 76.3511410091699 -11.73606797749979 34.79101960871989
      vertex 75.66376643624227 -12.132923872213652 35.68237254218788
    endloop
  endfacet
  facet normal 5.963861852300533e-17 -0.9135454576426028 -0.40673664307579593
    outer loop
      vertex 2 -11.964101615137753 35.3031915445419
      vertex 76.61866251869881 -11.49519052838329 34.249999999999986
      vertex 76.3511410091699 -11.73606797749979 34.79101960871989
    endloop
  endfacet
  facet normal 0 -0.8090169943749521 -0.5877852522924665
    outer loop
      vertex 1.3545992578826613 -11.49519052838329 34.249999999999986
      vertex 76.81679302195377 -11.316793021953764 34.00445689749324
      vertex 76.61866251869881 -11.49519052838329 34.249999999999986
    endloop
  endfacet
  facet normal 0 -0.6691306063588605 -0.7431448254773922
    outer loop
      vertex 3.0916106078064516 -9.408389392193548 31.93237254218788
      vertex 74.90838939219356 -9.408389392193548 31.93237254218788
      vertex 76.07358619108047 -10.573586191080459 32.98152045230856
    endloop
  endfacet
  facet normal -1.1492979255876465e-16 -0.8090169943749445 -0.5877852522924771
    outer loop
      vertex 1.3234775745645635 -11.472579301909576 34.218878316681895
      vertex 76.07358619108047 -10.573586191080459 32.98152045230856
      vertex 76.81679302195377 -11.316793021953764 34.00445689749324
    endloop
  endfacet
  facet normal -4.156210347055655e-17 -0.9781476007338064 -0.20791169081775643
    outer loop
      vertex 2.7639320225002137 -12.304226065180615 36.48828599703995
      vertex 74.83164676327104 -12.412590402935223 36.99810012323397
      vertex 74.3909051298846 -12.458914215262048 37.216036525492584
    endloop
  endfacet
  facet normal 0 -1 0
    outer loop
      vertex 3.491682550952845 -12.458914215262048 37.216036525492584
      vertex 74.3909051298846 -12.458914215262048 37.216036525492584
      vertex 74.3909051298846 -12.458914215262048 37.999999999999986
    endloop
  endfacet
  facet normal 0 -0.49999999999999717 -0.8660254037844403
    outer loop
      vertex 4.4494751769315 -8.050524823068502 31.148409067680486
      vertex 73.5505248230685 -8.050524823068502 31.148409067680486
      vertex 74.90838939219356 -9.408389392193548 31.93237254218788
    endloop
  endfacet
  facet normal 0 -0.3090169943749497 -0.9510565162951528
    outer loop
      vertex 5.940662318866806 -6.559337681133195 30.663892994496447
      vertex 72.0593376811332 -6.559337681133195 30.663892994496447
      vertex 73.5505248230685 -8.050524823068502 31.148409067680486
    endloop
  endfacet
  facet normal 0 -0.10452846326765322 -0.9945218953682734
    outer loop
      vertex 7.5 -5 30.49999999999999
      vertex 70.5 -5 30.49999999999999
      vertex 72.0593376811332 -6.559337681133195 30.663892994496447
    endloop
  endfacet
  facet normal 0 0 -1
    outer loop
      vertex 0.04108578473795177 3.60909487011539 7.5
      vertex 0 4 7.5
      vertex 0.021912418526909505 21 7.5
    endloop
  endfacet
  facet normal 0 0 -1
    outer loop
      vertex 0 4 7.5
      vertex 0 21 7.5
      vertex 0.021912418526909505 21 7.5
    endloop
  endfacet
  facet normal 0 0 -1
    outer loop
      vertex 0.04108578473795177 3.60909487011539 7.5
      vertex 0.021912418526909505 21 7.5
      vertex 0.021912418526909505 21.418113853070615 7.5
    endloop
  endfacet
  facet normal 0 0 -1
    outer loop
      vertex 0.04108578473795177 3.60909487011539 7.5
      vertex 0.021912418526909505 21.418113853070615 7.5
      vertex 0.04108578473795177 21.50831744904714 7.5
    endloop
  endfacet
  facet normal 0 0 -1
    outer loop
      vertex 77.95891421526204 3.4916825509528575 7.5
      vertex 77.95891421526204 21.390905129884608 7.5
      vertex 77.97808758147309 3.581886146929385 7.5
    endloop
  endfacet
  facet normal 0 0 -1
    outer loop
      vertex 77.97808758147309 3.581886146929385 7.5
      vertex 77.95891421526204 21.390905129884608 7.5
      vertex 77.97808758147309 4 7.5
    endloop
  endfacet
  facet normal 0 0 -1
    outer loop
      vertex 77.97808758147309 4 7.5
      vertex 78 21 7.5
      vertex 78 4 7.5
    endloop
  endfacet
  facet normal 0 0 -1
    outer loop
      vertex 77.97808758147309 4 7.5
      vertex 77.95891421526204 21.390905129884608 7.5
      vertex 78 21 7.5
    endloop
  endfacet
  facet normal -0.8090169943749463 -5.7695661409547476e-15 -0.5877852522924747
    outer loop
      vertex 1.1832069780462362 1.1832069780462362 3.504456897493263
      vertex 1.00480947161671 1.3813374813011912 3.75
      vertex 1.9264138089195413 1.926413808919543 2.4815204523085654
    endloop
  endfacet
  facet normal -0.8090169943749476 3.1877881593021786e-17 -0.587785252292473
    outer loop
      vertex 1.00480947161671 1.3813374813011912 3.75
      vertex 1.027420698090424 23.676522425435433 3.718878316681902
      vertex 1.9264138089195413 1.926413808919543 2.4815204523085654
    endloop
  endfacet
  facet normal -0.913545457642601 -8.890981141920355e-17 -0.4067366430757999
    outer loop
      vertex 1.00480947161671 1.3813374813011912 3.75
      vertex 0.7639320225002137 1.6488589908301066 4.291019608719893
      vertex 0.3670761277863477 22.620819002354025 5.182372542187892
    endloop
  endfacet
  facet normal -0.9135454576426002 4.742045486952986e-19 -0.4067366430758016
    outer loop
      vertex 0.7639320225002137 1.6488589908301066 4.291019608719893
      vertex 0.3670761277863477 2.3362335637577267 5.182372542187892
      vertex 0.3670761277863477 22.620819002354025 5.182372542187892
    endloop
  endfacet
  facet normal -0.9781476007338049 2.1583607876888118e-16 -0.2079116908177623
    outer loop
      vertex 0.3670761277863477 2.3362335637577267 5.182372542187892
      vertex 0.34581816942959875 2.3730534276967994 5.282383373139091
      vertex 0.19577393481938543 22.23606797749979 5.988285997039959
    endloop
  endfacet
  facet normal -0.6691306063588591 0 -0.7431448254773932
    outer loop
      vertex 1.9264138089195413 1.926413808919543 2.4815204523085654
      vertex 1.9264138089195413 23.07358619108046 2.4815204523085654
      vertex 3.0916106078064516 3.0916106078064516 1.432372542187892
    endloop
  endfacet
  facet normal -0.978147600733806 4.286433844830409e-17 -0.20791169081775768
    outer loop
      vertex 0.34581816942959875 2.3730534276967994 5.282383373139091
      vertex 0.08740959706477724 3.1683532367289615 6.498100123233982
      vertex 0.19577393481938543 22.23606797749979 5.988285997039959
    endloop
  endfacet
  facet normal -1 0 0
    outer loop
      vertex 0.04108578473795177 3.60909487011539 6.716036525492598
      vertex 0.04108578473795177 3.60909487011539 7.5
      vertex 0.04108578473795177 21.50831744904714 7.5
    endloop
  endfacet
  facet normal -0.9781476007338061 7.823110310433509e-17 -0.20791169081775643
    outer loop
      vertex 0.08740959706477724 3.1683532367289615 6.498100123233982
      vertex 0.04108578473795177 3.60909487011539 6.716036525492598
      vertex 0.19577393481938543 22.23606797749979 5.988285997039959
    endloop
  endfacet
  facet normal -0.5000000000000001 0 -0.8660254037844386
    outer loop
      vertex 3.0916106078064516 3.0916106078064516 1.432372542187892
      vertex 3.0916106078064516 21.90838939219355 1.432372542187892
      vertex 4.4494751769315 4.449475176931498 0.6484090676804897
    endloop
  endfacet
  facet normal -0.3090169943749456 0 -0.9510565162951542
    outer loop
      vertex 4.4494751769315 4.449475176931498 0.6484090676804897
      vertex 4.4494751769315 20.5505248230685 0.6484090676804897
      vertex 5.940662318866806 5.940662318866805 0.16389299449645733
    endloop
  endfacet
  facet normal -0.10452846326765333 0 -0.9945218953682734
    outer loop
      vertex 5.940662318866806 5.940662318866805 0.16389299449645733
      vertex 5.940662318866806 19.059337681133194 0.16389299449645733
      vertex 7.5 7.5 0
    endloop
  endfacet
  facet normal -0.9781476007338061 0 -0.20791169081775723
    outer loop
      vertex 0.3670761277863477 2.3362335637577267 5.182372542187892
      vertex 0.19577393481938543 22.23606797749979 5.988285997039959
      vertex 0.3670761277863477 22.620819002354025 5.182372542187892
    endloop
  endfacet
  facet normal -0.9135454576426018 -2.2552714235491454e-16 -0.40673664307579815
    outer loop
      vertex 1.00480947161671 1.3813374813011912 3.75
      vertex 0.3670761277863477 22.620819002354025 5.182372542187892
      vertex 0.535898384862243 23 4.803191544541917
    endloop
  endfacet
  facet normal -0.9135454576426001 0 -0.4067366430758021
    outer loop
      vertex 1.00480947161671 1.3813374813011912 3.75
      vertex 0.535898384862243 23 4.803191544541917
      vertex 1.00480947161671 23.64540074211733 3.75
    endloop
  endfacet
  facet normal -1 0 0
    outer loop
      vertex 0.04108578473795177 3.60909487011539 6.716036525492598
      vertex 0.04108578473795177 21.50831744904714 7.5
      vertex 0.04108578473795177 21.50831744904714 6.716036525492598
    endloop
  endfacet
  facet normal -0.9781476007338058 0 -0.20791169081775834
    outer loop
      vertex 0.04108578473795177 3.60909487011539 6.716036525492598
      vertex 0.04108578473795177 21.50831744904714 6.716036525492598
      vertex 0.19577393481938543 22.23606797749979 5.988285997039959
    endloop
  endfacet
  facet normal -0.8090169943749463 0 -0.5877852522924746
    outer loop
      vertex 1.9264138089195413 1.926413808919543 2.4815204523085654
      vertex 1.1832069780462362 23.816793021953764 3.504456897493256
      vertex 1.9264138089195413 23.07358619108046 2.4815204523085654
    endloop
  endfacet
  facet normal -0.809016994374954 -7.615154884679405e-16 -0.5877852522924639
    outer loop
      vertex 1.9264138089195413 1.926413808919543 2.4815204523085654
      vertex 1.027420698090424 23.676522425435433 3.718878316681902
      vertex 1.1832069780462362 23.816793021953764 3.504456897493256
    endloop
  endfacet
  facet normal -0.8090169943749367 0 -0.587785252292488
    outer loop
      vertex 1.00480947161671 1.3813374813011912 3.75
      vertex 1.00480947161671 23.64540074211733 3.75
      vertex 1.027420698090424 23.676522425435433 3.718878316681902
    endloop
  endfacet
  facet normal -0.6691306063588591 0 -0.7431448254773934
    outer loop
      vertex 3.0916106078064516 3.0916106078064516 1.432372542187892
      vertex 1.9264138089195413 23.07358619108046 2.4815204523085654
      vertex 3.0916106078064516 21.90838939219355 1.432372542187892
    endloop
  endfacet
  facet normal -0.5000000000000001 0 -0.8660254037844387
    outer loop
      vertex 4.4494751769315 4.449475176931498 0.6484090676804897
      vertex 3.0916106078064516 21.90838939219355 1.432372542187892
      vertex 4.4494751769315 20.5505248230685 0.6484090676804897
    endloop
  endfacet
  facet normal -0.30901699437494556 0 -0.9510565162951541
    outer loop
      vertex 5.940662318866806 5.940662318866805 0.16389299449645733
      vertex 4.4494751769315 20.5505248230685 0.6484090676804897
      vertex 5.940662318866806 19.059337681133194 0.16389299449645733
    endloop
  endfacet
  facet normal -0.10452846326765333 0 -0.9945218953682734
    outer loop
      vertex 7.5 7.5 0
      vertex 5.940662318866806 19.059337681133194 0.16389299449645733
      vertex 7.5 17.5 0
    endloop
  endfacet
  facet normal 0.6691306063588591 0 -0.7431448254773934
    outer loop
      vertex 74.90838939219356 3.0916106078064516 1.432372542187892
      vertex 74.90838939219356 21.90838939219355 1.432372542187892
      vertex 76.07358619108047 1.926413808919543 2.4815204523085654
    endloop
  endfacet
  facet normal 0.8090169943749465 1.4121786283891717e-18 -0.5877852522924746
    outer loop
      vertex 76.81679302195377 1.1832069780462362 3.504456897493256
      vertex 76.07358619108047 1.926413808919543 2.4815204523085654
      vertex 76.07358619108047 23.07358619108046 2.4815204523085654
    endloop
  endfacet
  facet normal 0.8090169943749672 -8.994773015275452e-17 -0.5877852522924458
    outer loop
      vertex 76.81679302195377 1.1832069780462362 3.504456897493256
      vertex 76.99519052838329 23.61866251869881 3.75
      vertex 76.97257930190958 1.323477574564567 3.718878316681902
    endloop
  endfacet
  facet normal 0.8090169943749367 -1.817865613123258e-20 -0.5877852522924879
    outer loop
      vertex 76.97257930190958 1.323477574564567 3.718878316681902
      vertex 76.99519052838329 23.61866251869881 3.75
      vertex 76.99519052838329 1.3545992578826667 3.75
    endloop
  endfacet
  facet normal 0.9135454576425978 0 -0.4067366430758072
    outer loop
      vertex 76.99519052838329 1.3545992578826667 3.75
      vertex 76.99519052838329 23.61866251869881 3.75
      vertex 77.46410161513776 2 4.803191544541917
    endloop
  endfacet
  facet normal 0.9135454576426083 3.311639790745747e-19 -0.4067366430757836
    outer loop
      vertex 77.46410161513776 2 4.803191544541917
      vertex 77.63292387221365 22.663766436242273 5.182372542187892
      vertex 77.63292387221365 2.3791809976459746 5.182372542187892
    endloop
  endfacet
  facet normal 0.9781476007338078 2.135688292107841e-19 -0.20791169081774918
    outer loop
      vertex 77.80422606518061 2.76393202250021 5.988285997039959
      vertex 77.95891421526204 21.390905129884608 6.716036525492598
      vertex 77.95891421526204 3.4916825509528575 6.716036525492598
    endloop
  endfacet
  facet normal 0.10452846326765286 1.3142306113740346e-18 -0.9945218953682734
    outer loop
      vertex 72.0593376811332 5.940662318866805 0.16389299449645733
      vertex 70.5 7.5 0
      vertex 70.5 17.5 0
    endloop
  endfacet
  facet normal 0.30901699437494695 0 -0.9510565162951538
    outer loop
      vertex 72.0593376811332 5.940662318866805 0.16389299449645733
      vertex 72.0593376811332 19.059337681133194 0.16389299449645733
      vertex 73.5505248230685 4.449475176931498 0.6484090676804897
    endloop
  endfacet
  facet normal 0.10452846326765285 0 -0.9945218953682733
    outer loop
      vertex 72.0593376811332 5.940662318866805 0.16389299449645733
      vertex 70.5 17.5 0
      vertex 72.0593376811332 19.059337681133194 0.16389299449645733
    endloop
  endfacet
  facet normal 0.4999999999999981 1.79971545876215e-18 -0.8660254037844396
    outer loop
      vertex 74.90838939219356 3.0916106078064516 1.432372542187892
      vertex 73.5505248230685 4.449475176931498 0.6484090676804897
      vertex 73.5505248230685 20.5505248230685 0.6484090676804897
    endloop
  endfacet
  facet normal 0.9781476007338061 0 -0.20791169081775723
    outer loop
      vertex 77.63292387221365 2.3791809976459746 5.182372542187892
      vertex 77.63292387221365 22.663766436242273 5.182372542187892
      vertex 77.80422606518061 2.76393202250021 5.988285997039959
    endloop
  endfacet
  facet normal 1 0 0
    outer loop
      vertex 77.95891421526204 3.4916825509528575 6.716036525492598
      vertex 77.95891421526204 21.390905129884608 7.5
      vertex 77.95891421526204 3.4916825509528575 7.5
    endloop
  endfacet
  facet normal 0.309016994374947 0 -0.9510565162951538
    outer loop
      vertex 73.5505248230685 4.449475176931498 0.6484090676804897
      vertex 72.0593376811332 19.059337681133194 0.16389299449645733
      vertex 73.5505248230685 20.5505248230685 0.6484090676804897
    endloop
  endfacet
  facet normal 0.4999999999999981 0 -0.8660254037844398
    outer loop
      vertex 74.90838939219356 3.0916106078064516 1.432372542187892
      vertex 73.5505248230685 20.5505248230685 0.6484090676804897
      vertex 74.90838939219356 21.90838939219355 1.432372542187892
    endloop
  endfacet
  facet normal 0.6691306063588591 0 -0.7431448254773932
    outer loop
      vertex 76.07358619108047 1.926413808919543 2.4815204523085654
      vertex 74.90838939219356 21.90838939219355 1.432372542187892
      vertex 76.07358619108047 23.07358619108046 2.4815204523085654
    endloop
  endfacet
  facet normal 0.8090169943749497 3.160056400517479e-16 -0.5877852522924703
    outer loop
      vertex 76.81679302195377 1.1832069780462362 3.504456897493256
      vertex 76.07358619108047 23.07358619108046 2.4815204523085654
      vertex 76.99519052838329 23.61866251869881 3.75
    endloop
  endfacet
  facet normal 0.9781476007338124 -8.864690621821972e-16 -0.2079116908177275
    outer loop
      vertex 77.80422606518061 2.76393202250021 5.988285997039959
      vertex 77.91259040293522 21.83164676327104 6.498100123233982
      vertex 77.95891421526204 21.390905129884608 6.716036525492598
    endloop
  endfacet
  facet normal 0.9135454576426004 3.8985541113431367e-16 -0.4067366430758013
    outer loop
      vertex 77.46410161513776 2 4.803191544541917
      vertex 77.23606797749979 23.351141009169893 4.291019608719893
      vertex 77.63292387221365 22.663766436242273 5.182372542187892
    endloop
  endfacet
  facet normal 0.9781476007338192 2.640423948988484e-15 -0.20791169081769484
    outer loop
      vertex 77.80422606518061 2.76393202250021 5.988285997039959
      vertex 77.63292387221365 22.663766436242273 5.182372542187892
      vertex 77.6541818305704 22.6269465723032 5.282383373139091
    endloop
  endfacet
  facet normal 1 0 0
    outer loop
      vertex 77.95891421526204 3.4916825509528575 6.716036525492598
      vertex 77.95891421526204 21.390905129884608 6.716036525492598
      vertex 77.95891421526204 21.390905129884608 7.5
    endloop
  endfacet
  facet normal 0.9781476007338048 1.0699984275543477e-16 -0.20791169081776306
    outer loop
      vertex 77.80422606518061 2.76393202250021 5.988285997039959
      vertex 77.6541818305704 22.6269465723032 5.282383373139091
      vertex 77.91259040293522 21.83164676327104 6.498100123233982
    endloop
  endfacet
  facet normal 0.9135454576426011 4.384057846381818e-16 -0.4067366430757997
    outer loop
      vertex 77.46410161513776 2 4.803191544541917
      vertex 76.99519052838329 23.61866251869881 3.75
      vertex 77.23606797749979 23.351141009169893 4.291019608719893
    endloop
  endfacet
  facet normal 0.8090169943749517 -9.580169900969276e-15 -0.5877852522924674
    outer loop
      vertex 76.07358619108047 23.07358619108046 2.4815204523085654
      vertex 76.81679302195377 23.816793021953764 3.504456897493263
      vertex 76.99519052838329 23.61866251869881 3.75
    endloop
  endfacet
  facet normal 0 -1 0
    outer loop
      vertex 4 0 7.5
      vertex 74 0 7.5
      vertex 4 0 30.49999999999999
    endloop
  endfacet
  facet normal 0 -1 0
    outer loop
      vertex 4 0 30.49999999999999
      vertex 74 0 7.5
      vertex 7.5 0 30.49999999999999
    endloop
  endfacet
  facet normal -1 0 0
    outer loop
      vertex 0 4 83.92881355932202
      vertex 0 4 117.69999999999999
      vertex 0 12.932621308016879 59.795595991561164
    endloop
  endfacet
  facet normal 0 0 1
    outer loop
      vertex 1.9715050226393116 0.5566011977493365 117.69999999999999
      vertex 3.2 6.2 117.69999999999999
      vertex 1.388180458746697 0.9804113010474989 117.69999999999999
    endloop
  endfacet
  facet normal 0 0 1
    outer loop
      vertex 1.388180458746697 0.9804113010474989 117.69999999999999
      vertex 3.2 6.2 117.69999999999999
      vertex 1.5518845816068072 17.319124518885328 117.69999999999999
    endloop
  endfacet
  facet normal -1 0 0
    outer loop
      vertex 0 4 7.5
      vertex 0 4 37.999999999999986
      vertex 0 21 37.999999999999986
    endloop
  endfacet
  facet normal -1 0 0
    outer loop
      vertex 0 4 7.5
      vertex 0 21 37.999999999999986
      vertex 0 21 7.5
    endloop
  endfacet
  facet normal 0 1 0
    outer loop
      vertex 4 25 7.5
      vertex 4 25 31.40791368207594
      vertex 4.4494751769315 25 31.148409067680486
    endloop
  endfacet
  facet normal 0 0 -1
    outer loop
      vertex 7.5 7.5 0
      vertex 7.5 17.5 0
      vertex 70.5 17.5 0
    endloop
  endfacet
  facet normal 0 1 0
    outer loop
      vertex 4 25 7.5
      vertex 4.4494751769315 25 31.148409067680486
      vertex 73.5505248230685 25 31.148409067680486
    endloop
  endfacet
  facet normal 0 0 1
    outer loop
      vertex 0.009219765075886037 3.912279794885707 117.69999999999999
      vertex 0.021912418526909505 21 117.69999999999999
      vertex 0 4 117.69999999999999
    endloop
  endfacet
  facet normal 0 0 1
    outer loop
      vertex 3.2 6.2 117.69999999999999
      vertex 3.2 13.354014708391514 117.69999999999999
      vertex 1.6488589908301066 24.23606797749979 117.69999999999999
    endloop
  endfacet
  facet normal 0 0 1
    outer loop
      vertex 3.2 6.2 117.69999999999999
      vertex 1.6488589908301066 24.23606797749979 117.69999999999999
      vertex 1.5518845816068072 17.319124518885328 117.69999999999999
    endloop
  endfacet
  facet normal 0 0 1
    outer loop
      vertex 3.2 13.354014708391514 117.69999999999999
      vertex 3.2 18.8 117.69999999999999
      vertex 3.1679362101183455 18.912369501149495 117.69999999999999
    endloop
  endfacet
  facet normal 0 0 1
    outer loop
      vertex 1.5518845816068072 17.319124518885328 117.69999999999999
      vertex 0.021912418526909505 21.418113853070615 117.69999999999999
      vertex 0.021912418526909505 21 117.69999999999999
    endloop
  endfacet
  facet normal 0 0 1
    outer loop
      vertex 3.2 13.354014708391514 117.69999999999999
      vertex 3.1679362101183455 18.912369501149495 117.69999999999999
      vertex 1.6488589908301066 24.23606797749979 117.69999999999999
    endloop
  endfacet
  facet normal 0 0 1
    outer loop
      vertex 3.1679362101183455 18.912369501149495 117.69999999999999
      vertex 3.2046135229896144 18.888031262776792 117.69999999999999
      vertex 3.2164343138951823 19.11358538980296 117.69999999999999
    endloop
  endfacet
  facet normal 0 0 1
    outer loop
      vertex 1.5518845816068072 17.319124518885328 117.69999999999999
      vertex 0.19577393481938543 22.23606797749979 117.69999999999999
      vertex 0.021912418526909505 21.418113853070615 117.69999999999999
    endloop
  endfacet
  facet normal 0 0 1
    outer loop
      vertex 1.5518845816068072 17.319124518885328 117.69999999999999
      vertex 0.5683347431612301 22.09506184989597 117.69999999999999
      vertex 0.5454708499898023 22.103715334014172 117.69999999999999
    endloop
  endfacet
  facet normal 0 0 1
    outer loop
      vertex 1.5518845816068072 17.319124518885328 117.69999999999999
      vertex 0.5454708499898023 22.103715334014172 117.69999999999999
      vertex 0.19577393481938543 22.23606797749979 117.69999999999999
    endloop
  endfacet
  facet normal 0 0 1
    outer loop
      vertex 1.5518845816068072 17.319124518885328 117.69999999999999
      vertex 1.0392543642131529 22.771216961792422 117.69999999999999
      vertex 0.5683347431612301 22.09506184989597 117.69999999999999
    endloop
  endfacet
  facet normal 0 0 1
    outer loop
      vertex 1.5518845816068072 17.319124518885328 117.69999999999999
      vertex 1.027420698090424 23.676522425435437 117.69999999999999
      vertex 1.0392543642131529 22.771216961792422 117.69999999999999
    endloop
  endfacet
  facet normal 0 0 1
    outer loop
      vertex 0.19577393481938543 22.23606797749979 117.69999999999999
      vertex 0.5454708499898023 22.103715334014172 117.69999999999999
      vertex 0.535898384862243 23 117.69999999999999
    endloop
  endfacet
  facet normal 0 0 1
    outer loop
      vertex 0.5683347431612301 22.09506184989597 117.69999999999999
      vertex 1.0392543642131529 22.771216961792422 117.69999999999999
      vertex 0.535898384862243 23 117.69999999999999
    endloop
  endfacet
  facet normal 0 0 1
    outer loop
      vertex 1.5518845816068072 17.319124518885328 117.69999999999999
      vertex 1.3381398444602652 23.95629520146761 117.69999999999999
      vertex 1.027420698090424 23.676522425435437 117.69999999999999
    endloop
  endfacet
  facet normal 0 0 1
    outer loop
      vertex 1.5518845816068072 17.319124518885328 117.69999999999999
      vertex 1.6488589908301066 24.23606797749979 117.69999999999999
      vertex 1.3381398444602652 23.95629520146761 117.69999999999999
    endloop
  endfacet
  facet normal 0 0 1
    outer loop
      vertex 3.1679362101183455 18.912369501149495 117.69999999999999
      vertex 3.2164343138951823 19.11358538980296 117.69999999999999
      vertex 1.6488589908301066 24.23606797749979 117.69999999999999
    endloop
  endfacet
  facet normal 0 0 1
    outer loop
      vertex 3.2164343138951823 19.11358538980296 117.69999999999999
      vertex 3.3468304511145393 19.727050983124844 117.69999999999999
      vertex 1.6488589908301066 24.23606797749979 117.69999999999999
    endloop
  endfacet
  facet normal 0 0 1
    outer loop
      vertex 3.3468304511145393 19.727050983124844 117.69999999999999
      vertex 3.601923788646684 20.3 117.69999999999999
      vertex 1.6488589908301066 24.23606797749979 117.69999999999999
    endloop
  endfacet
  facet normal 0 0 1
    outer loop
      vertex 3.601923788646684 20.3 117.69999999999999
      vertex 3.970565523567818 20.807391819076575 117.69999999999999
      vertex 1.6488589908301066 24.23606797749979 117.69999999999999
    endloop
  endfacet
  facet normal 0 0 1
    outer loop
      vertex 3.970565523567818 20.807391819076575 117.69999999999999
      vertex 4.436644243122584 21.227050983124844 117.69999999999999
      vertex 1.6488589908301066 24.23606797749979 117.69999999999999
    endloop
  endfacet
  facet normal 0 0 1
    outer loop
      vertex 4.436644243122584 21.227050983124844 117.69999999999999
      vertex 4.979790070772599 21.540636372927803 117.69999999999999
      vertex 1.6488589908301066 24.23606797749979 117.69999999999999
    endloop
  endfacet
  facet normal 0 0 1
    outer loop
      vertex 1.6488589908301066 24.23606797749979 117.69999999999999
      vertex 4.979790070772599 21.540636372927803 117.69999999999999
      vertex 5.576264927546721 21.734442802201418 117.69999999999999
    endloop
  endfacet
  facet normal 0 0 1
    outer loop
      vertex 1.6488589908301066 24.23606797749979 117.69999999999999
      vertex 5.576264927546721 21.734442802201418 117.69999999999999
      vertex 6.2 21.8 117.69999999999999
    endloop
  endfacet
  facet normal 0 0 1
    outer loop
      vertex 1.6488589908301066 24.23606797749979 117.69999999999999
      vertex 6.2 21.8 117.69999999999999
      vertex 39 21.8 117.69999999999999
    endloop
  endfacet
  facet normal 0 0 1
    outer loop
      vertex 1.6488589908301066 24.23606797749979 117.69999999999999
      vertex 48.65768447589893 22.751393943523468 117.69999999999999
      vertex 1.8902571364523386 24.37543926185666 117.69999999999999
    endloop
  endfacet
  facet normal 0 0 1
    outer loop
      vertex 2.373053427696803 24.65418183057041 117.69999999999999
      vertex 48.65768447589893 22.751393943523468 117.69999999999999
      vertex 3.1683532367289615 24.912590402935223 117.69999999999999
    endloop
  endfacet
  facet normal 0 0 1
    outer loop
      vertex 1.6488589908301066 24.23606797749979 117.69999999999999
      vertex 39 21.8 117.69999999999999
      vertex 71.79999999999808 21.80000000000009 117.69999999999999
    endloop
  endfacet
  facet normal 0 -1 0
    outer loop
      vertex 7.5 0 30.49999999999999
      vertex 74 0 7.5
      vertex 70.5 0 30.49999999999999
    endloop
  endfacet
  facet normal 0 -1 0
    outer loop
      vertex 74 0 7.5
      vertex 74 0 30.49999999999999
      vertex 70.5 0 30.49999999999999
    endloop
  endfacet
  facet normal 0 0 1
    outer loop
      vertex 74.8 0.08408338821254056 117.69999999999999
      vertex 75.58884399536123 0.42982533542555923 117.69999999999999
      vertex 78 21 117.69999999999999
    endloop
  endfacet
  facet normal 0 0 1
    outer loop
      vertex 74.8 0.08408338821254056 117.69999999999999
      vertex 78 21 117.69999999999999
      vertex 74.8 6.2 117.69999999999999
    endloop
  endfacet
  facet normal 0 0 -1
    outer loop
      vertex 7.5 7.5 0
      vertex 70.5 17.5 0
      vertex 70.5 7.5 0
    endloop
  endfacet
  facet normal 0 1 0
    outer loop
      vertex 4 25 7.5
      vertex 73.5505248230685 25 31.148409067680486
      vertex 74 25 7.5
    endloop
  endfacet
  facet normal 1 0 0
    outer loop
      vertex 78 4 7.5
      vertex 78 21 117.69999999999999
      vertex 78 4 37.999999999999986
    endloop
  endfacet
  facet normal 1 0 0
    outer loop
      vertex 78 4 7.5
      vertex 78 21 7.5
      vertex 78 21 117.69999999999999
    endloop
  endfacet
  facet normal 0 1 0
    outer loop
      vertex 74 25 7.5
      vertex 73.5505248230685 25 31.148409067680486
      vertex 74 25 31.40791368207594
    endloop
  endfacet
  facet normal 0 0 1
    outer loop
      vertex 1.6488589908301066 24.23606797749979 117.69999999999999
      vertex 71.79999999999808 21.80000000000009 117.69999999999999
      vertex 48.65768447589893 22.751393943523468 117.69999999999999
    endloop
  endfacet
  facet normal 0 0 1
    outer loop
      vertex 3.1683532367289615 24.912590402935223 117.69999999999999
      vertex 48.65768447589893 22.751393943523468 117.69999999999999
      vertex 71.79999999999808 21.80000000000009 117.69999999999999
    endloop
  endfacet
  facet normal 0 0 1
    outer loop
      vertex 4 25 117.69999999999999
      vertex 71.99743191721396 22.085207238310964 117.69999999999999
      vertex 74 24.97808758147309 117.69999999999999
    endloop
  endfacet
  facet normal 1 0 0
    outer loop
      vertex 78 4 37.999999999999986
      vertex 78 21 117.69999999999999
      vertex 78 4 117.69999999999999
    endloop
  endfacet
  facet normal 0 0 1
    outer loop
      vertex 78 4 117.69999999999999
      vertex 78 21 117.69999999999999
      vertex 77.9873725045777 4 117.69999999999999
    endloop
  endfacet
  facet normal 0 0 1
    outer loop
      vertex 74.8 6.2 117.69999999999999
      vertex 78 21 117.69999999999999
      vertex 74.8 18.8 117.69999999999999
    endloop
  endfacet
  facet normal 0 0 1
    outer loop
      vertex 74.7410297611095 19.361064344756706 117.69999999999999
      vertex 74.7645866445157 19.372911097967307 117.69999999999999
      vertex 74.73444280220141 19.42373507245328 117.69999999999999
    endloop
  endfacet
  facet normal 0 0 1
    outer loop
      vertex 74.7645866445157 19.372911097967307 117.69999999999999
      vertex 74.5406363729278 20.020209929227402 117.69999999999999
      vertex 74.73444280220141 19.42373507245328 117.69999999999999
    endloop
  endfacet
  facet normal 0 0 1
    outer loop
      vertex 74.8 18.8 117.69999999999999
      vertex 78 21 117.69999999999999
      vertex 74.7645866445157 19.372911097967307 117.69999999999999
    endloop
  endfacet
  facet normal 0 0 1
    outer loop
      vertex 71.8 21.783565686104822 117.69999999999999
      vertex 72.11358538980296 21.78356568610482 117.69999999999999
      vertex 71.79999999999808 21.80000000000009 117.69999999999999
    endloop
  endfacet
  facet normal 0 0 1
    outer loop
      vertex 71.79999999999808 21.80000000000009 117.69999999999999
      vertex 72.11358538980296 21.78356568610482 117.69999999999999
      vertex 71.99743191721396 22.085207238310964 117.69999999999999
    endloop
  endfacet
  facet normal 0 0 1
    outer loop
      vertex 72.4203181864639 21.71836761749514 117.69999999999999
      vertex 74 24.97808758147309 117.69999999999999
      vertex 72.11358538980296 21.78356568610482 117.69999999999999
    endloop
  endfacet
  facet normal 0 0 1
    outer loop
      vertex 72.4203181864639 21.71836761749514 117.69999999999999
      vertex 72.77908581857945 21.789083525354435 117.69999999999999
      vertex 74 24.97808758147309 117.69999999999999
    endloop
  endfacet
  facet normal 0 0 1
    outer loop
      vertex 72.11358538980296 21.78356568610482 117.69999999999999
      vertex 74 24.97808758147309 117.69999999999999
      vertex 71.99743191721396 22.085207238310964 117.69999999999999
    endloop
  endfacet
  facet normal 0 0 1
    outer loop
      vertex 73.3 21.398076211353317 117.69999999999999
      vertex 73.80739181907657 21.029434476432183 117.69999999999999
      vertex 73.35409833345732 21.67475142404152 117.69999999999999
    endloop
  endfacet
  facet normal 0 0 1
    outer loop
      vertex 74.7645866445157 19.372911097967307 117.69999999999999
      vertex 74.41811385307062 24.978087581473094 117.69999999999999
      vertex 74.5406363729278 20.020209929227402 117.69999999999999
    endloop
  endfacet
  facet normal 0 0 1
    outer loop
      vertex 73.01352549156242 21.52562288011939 117.69999999999999
      vertex 73.3 21.398076211353317 117.69999999999999
      vertex 73.35409833345732 21.67475142404152 117.69999999999999
    endloop
  endfacet
  facet normal 0 0 1
    outer loop
      vertex 74.5406363729278 20.020209929227402 117.69999999999999
      vertex 74 24.97808758147309 117.69999999999999
      vertex 74.22705098312484 20.56335575687742 117.69999999999999
    endloop
  endfacet
  facet normal 0 0 1
    outer loop
      vertex 72.77908581857945 21.789083525354435 117.69999999999999
      vertex 73.35409833345732 21.67475142404152 117.69999999999999
      vertex 74 24.97808758147309 117.69999999999999
    endloop
  endfacet
  facet normal 0 0 1
    outer loop
      vertex 73.80739181907657 21.029434476432183 117.69999999999999
      vertex 74 24.97808758147309 117.69999999999999
      vertex 73.35409833345732 21.67475142404152 117.69999999999999
    endloop
  endfacet
  facet normal 0 0 1
    outer loop
      vertex 74.22705098312484 20.56335575687742 117.69999999999999
      vertex 74 24.97808758147309 117.69999999999999
      vertex 73.80739181907657 21.029434476432183 117.69999999999999
    endloop
  endfacet
  facet normal 0 0 1
    outer loop
      vertex 74.7645866445157 19.372911097967307 117.69999999999999
      vertex 78 21 117.69999999999999
      vertex 74.41811385307062 24.978087581473094 117.69999999999999
    endloop
  endfacet
  facet normal 0 0 1
    outer loop
      vertex 78 21 117.69999999999999
      vertex 77.25569970857615 22.639785210137088 117.69999999999999
      vertex 77.2436612299608 22.640173076137803 117.69999999999999
    endloop
  endfacet
  facet normal 0 0 1
    outer loop
      vertex 78 21 117.69999999999999
      vertex 77.6541818305704 22.6269465723032 117.69999999999999
      vertex 77.25569970857615 22.639785210137088 117.69999999999999
    endloop
  endfacet
  facet normal 0 0 1
    outer loop
      vertex 78 21 117.69999999999999
      vertex 77.91259040293522 21.83164676327104 117.69999999999999
      vertex 77.6541818305704 22.6269465723032 117.69999999999999
    endloop
  endfacet
  facet normal 0 0 1
    outer loop
      vertex 78 21 117.69999999999999
      vertex 77.2436612299608 22.640173076137803 117.69999999999999
      vertex 76.66798927505276 23.363930904939785 117.69999999999999
    endloop
  endfacet
  facet normal 0 0 1
    outer loop
      vertex 74.5406363729278 20.020209929227402 117.69999999999999
      vertex 74.41811385307062 24.978087581473094 117.69999999999999
      vertex 74 24.97808758147309 117.69999999999999
    endloop
  endfacet
  facet normal 0 0 1
    outer loop
      vertex 78 21 117.69999999999999
      vertex 76 24.464101615137753 117.69999999999999
      vertex 75.23606797749979 24.804226065180615 117.69999999999999
    endloop
  endfacet
  facet normal 0 0 1
    outer loop
      vertex 78 21 117.69999999999999
      vertex 75.23606797749979 24.804226065180615 117.69999999999999
      vertex 74.41811385307062 24.978087581473094 117.69999999999999
    endloop
  endfacet
  facet normal 0 0 1
    outer loop
      vertex 76.66798927505276 23.363930904939785 117.69999999999999
      vertex 76.67652242543544 23.972579301909576 117.69999999999999
      vertex 76 24.464101615137753 117.69999999999999
    endloop
  endfacet
  facet normal 0 0 1
    outer loop
      vertex 78 21 117.69999999999999
      vertex 76.66798927505276 23.363930904939785 117.69999999999999
      vertex 76 24.464101615137753 117.69999999999999
    endloop
  endfacet
  facet normal 0 0 1
    outer loop
      vertex 77.2436612299608 22.640173076137803 117.69999999999999
      vertex 77.23606797749979 23.351141009169893 117.69999999999999
      vertex 76.66798927505276 23.363930904939785 117.69999999999999
    endloop
  endfacet
  facet normal 0 0 1
    outer loop
      vertex 77.25569970857615 22.639785210137088 117.69999999999999
      vertex 77.6541818305704 22.6269465723032 117.69999999999999
      vertex 77.23606797749979 23.351141009169893 117.69999999999999
    endloop
  endfacet
  facet normal 0 1 0
    outer loop
      vertex 74.78356568610481 6.2 11.5
      vertex 74.78356568610481 6.2 30.49999999999999
      vertex 74.8 6.2 11.5
    endloop
  endfacet
  facet normal 0 1 0
    outer loop
      vertex 74.8 6.2 11.5
      vertex 74.78356568610481 6.2 30.49999999999999
      vertex 74.8 6.2 30.49999999999999
    endloop
  endfacet
  facet normal -1 0 0
    outer loop
      vertex 71.8 21.78356568610482 11.5
      vertex 71.8 21.8 30.63663550584537
      vertex 71.8 21.8 11.5
    endloop
  endfacet
  facet normal -1 0 0
    outer loop
      vertex 71.8 21.78356568610482 11.5
      vertex 71.8 21.783565686104822 30.63663550584537
      vertex 71.8 21.8 30.63663550584537
    endloop
  endfacet
  facet normal -1 0 0
    outer loop
      vertex 71.8 21.78356568610482 11.5
      vertex 71.8 21.783565686104822 36.01485910395739
      vertex 71.8 21.783565686104822 30.63663550584537
    endloop
  endfacet
  facet normal -1 0 0
    outer loop
      vertex 71.8 21.78356568610482 11.5
      vertex 71.8 21.783565686104822 117.69999999999999
      vertex 71.8 21.783565686104822 36.01485910395739
    endloop
  endfacet
  facet normal -1 -1.167353501203803e-10 -2.3486099987072742e-14
    outer loop
      vertex 71.8 21.799999999999997 36.01485910400395
      vertex 71.8 21.783565686104822 117.69999999999999
      vertex 71.79999999999808 21.80000000000009 117.69999999999999
    endloop
  endfacet
  facet normal 1 0 0
    outer loop
      vertex 6.2 3.2 11.5
      vertex 6.2 3.2164343138951805 11.5
      vertex 6.2 3.2164343138951805 30.49999999999999
    endloop
  endfacet
  facet normal 1 0 0
    outer loop
      vertex 6.2 3.2 11.5
      vertex 6.2 3.2164343138951805 30.49999999999999
      vertex 6.2 3.2 30.49999999999999
    endloop
  endfacet
  facet normal 0 -1 0
    outer loop
      vertex 3.2164343138951823 18.8 11.5
      vertex 3.2164343138951823 18.8 31.860305541876308
      vertex 3.2 18.8 11.5
    endloop
  endfacet
  facet normal 0 -1 0
    outer loop
      vertex 3.2 18.8 11.5
      vertex 3.2164343138951823 18.8 31.860305541876308
      vertex 3.2 18.8 31.869793897427638
    endloop
  endfacet
  facet normal 0 -1 0
    outer loop
      vertex 3.2 18.8 41.999999999999986
      vertex 3.2164343138951823 18.8 117.69999999999999
      vertex 3.2 18.8 92.85390625
    endloop
  endfacet
  facet normal 0 1 0
    outer loop
      vertex 74.78356568610481 6.199999999999999 31.860305541876297
      vertex 74.78356568610481 6.199999999999999 41.999999999999986
      vertex 74.8 6.199999999999999 31.86979389742763
    endloop
  endfacet
  facet normal -5.404414357450718e-14 1 -8.76762437710513e-17
    outer loop
      vertex 74.8 6.199999999999999 31.86979389742763
      vertex 74.78356568610481 6.199999999999999 41.999999999999986
      vertex 74.8 6.2 41.999999999999986
    endloop
  endfacet
  facet normal -1 0 0
    outer loop
      vertex 71.8 21.8 30.63663550584537
      vertex 71.8 21.783565686104822 30.63663550584537
      vertex 71.8 21.783565686104822 36.01485910395739
    endloop
  endfacet
  facet normal -1 0 0
    outer loop
      vertex 71.8 21.8 30.63663550584537
      vertex 71.8 21.783565686104822 36.01485910395739
      vertex 71.8 21.799999999999997 36.01485910400395
    endloop
  endfacet
  facet normal 1 0 0
    outer loop
      vertex 6.2 3.1999999999999993 30.63663550584537
      vertex 6.2 3.2164343138951796 30.63663550584537
      vertex 6.2 3.2164343138951796 36.01485910395739
    endloop
  endfacet
  facet normal 1 0 0
    outer loop
      vertex 6.2 3.1999999999999993 30.63663550584537
      vertex 6.2 3.2164343138951796 36.01485910395739
      vertex 6.2 3.1999999999999993 36.01485910395739
    endloop
  endfacet
  facet normal 0 -1 0
    outer loop
      vertex 3.2 18.8 31.869793897427638
      vertex 3.2164343138951823 18.8 31.860305541876308
      vertex 3.2164343138951823 18.8 41.999999999999986
    endloop
  endfacet
  facet normal 0 -1 0
    outer loop
      vertex 3.2 18.8 31.869793897427638
      vertex 3.2164343138951823 18.8 41.999999999999986
      vertex 3.2 18.8 41.999999999999986
    endloop
  endfacet
  facet normal -0.10452846326765317 0.9945218953682733 0
    outer loop
      vertex 72.1909051298846 3.24108578473795 10.716036525492598
      vertex 72.1909051298846 3.24108578473795 11.5
      vertex 72.42373507245328 3.265557197798583 10.600907578786057
    endloop
  endfacet
  facet normal -0.4999999999999902 0.8660254037844441 0
    outer loop
      vertex 73.02020992922739 3.4593636270721975 9.6891200162149
      vertex 73.02020992922739 3.4593636270721975 30.49999999999999
      vertex 73.2067734530746 3.567076127786348 9.182372542187892
    endloop
  endfacet
  facet normal -0.10452846326765117 0.9945218953682735 0
    outer loop
      vertex 71.8 3.2 11.5
      vertex 71.8 3.2 30.49999999999999
      vertex 72.1909051298846 3.24108578473795 11.5
    endloop
  endfacet
  facet normal -0.10452846326765318 0.9945218953682734 0
    outer loop
      vertex 72.42373507245328 3.265557197798583 10.600907578786057
      vertex 72.1909051298846 3.24108578473795 11.5
      vertex 72.42373507245328 3.265557197798583 30.49999999999999
    endloop
  endfacet
  facet normal -0.30901699437495433 0.9510565162951514 2.930396974958829e-19
    outer loop
      vertex 72.42373507245328 3.265557197798583 10.600907578786057
      vertex 73.02020992922739 3.4593636270721975 30.49999999999999
      vertex 73.02020992922739 3.4593636270721975 9.6891200162149
    endloop
  endfacet
  facet normal -0.3090169943749544 0.9510565162951513 0
    outer loop
      vertex 72.42373507245328 3.265557197798583 10.600907578786057
      vertex 72.42373507245328 3.265557197798583 30.49999999999999
      vertex 73.02020992922739 3.4593636270721975 30.49999999999999
    endloop
  endfacet
  facet normal -0.10452846326765193 0.9945218953682736 -1.553521399153921e-17
    outer loop
      vertex 72.1909051298846 3.24108578473795 11.5
      vertex 71.8 3.2 30.49999999999999
      vertex 72.42373507245328 3.265557197798583 30.49999999999999
    endloop
  endfacet
  facet normal -0.4999999999999996 0.8660254037844388 -4.772742641426153e-19
    outer loop
      vertex 73.2067734530746 3.567076127786348 9.182372542187892
      vertex 73.56335575687741 3.772949016875157 30.49999999999999
      vertex 73.56335575687741 3.772949016875157 8.719974462544528
    endloop
  endfacet
  facet normal -0.4999999999999965 0.8660254037844407 -7.203177426364595e-17
    outer loop
      vertex 73.2067734530746 3.567076127786348 9.182372542187892
      vertex 73.02020992922739 3.4593636270721975 30.49999999999999
      vertex 73.56335575687741 3.772949016875157 30.49999999999999
    endloop
  endfacet
  facet normal -0.6691306063588695 0.7431448254773841 -1.1128245227133594e-14
    outer loop
      vertex 73.56335575687741 3.772949016875157 8.719974462544528
      vertex 74.02943447643217 4.192608180923426 8.276120521382325
      vertex 73.91259476646532 4.087405233534677 8.013694236144445
    endloop
  endfacet
  facet normal -0.9135454576426015 0.4067366430757986 1.162086733997915e-15
    outer loop
      vertex 74.39807621135331 4.7 9.104103414411028
      vertex 74.65316954888546 5.272949016875158 10.218546984140545
      vertex 74.43292387221365 4.778269127776858 9.182372542187892
    endloop
  endfacet
  facet normal -0.9781476007338092 0.2079116908177424 7.840983499222873e-18
    outer loop
      vertex 74.65316954888546 5.272949016875158 10.218546984140545
      vertex 74.75891421526204 5.770438558227213 11.5
      vertex 74.75891421526204 5.770438558227213 10.716036525492598
    endloop
  endfacet
  facet normal -0.6691306063588636 0.7431448254773894 3.733352857137234e-19
    outer loop
      vertex 73.56335575687741 3.772949016875157 8.719974462544528
      vertex 74.02943447643217 4.192608180923426 30.49999999999999
      vertex 74.02943447643217 4.192608180923426 8.276120521382325
    endloop
  endfacet
  facet normal -0.809016994374941 0.5877852522924819 0
    outer loop
      vertex 74.02943447643217 4.192608180923426 8.276120521382325
      vertex 74.02943447643217 4.192608180923426 30.49999999999999
      vertex 74.39807621135331 4.7 9.104103414411028
    endloop
  endfacet
  facet normal -0.9135454576426008 0.40673664307580043 0
    outer loop
      vertex 74.39807621135331 4.7 9.104103414411028
      vertex 74.39807621135331 4.7 30.49999999999999
      vertex 74.65316954888546 5.272949016875158 10.218546984140545
    endloop
  endfacet
  facet normal -0.9781476007338092 0.2079116908177424 0
    outer loop
      vertex 74.65316954888546 5.272949016875158 10.218546984140545
      vertex 74.65316954888546 5.272949016875158 30.49999999999999
      vertex 74.75891421526204 5.770438558227213 11.5
    endloop
  endfacet
  facet normal -0.9781476007338065 0.20791169081775546 3.5722941799403917e-16
    outer loop
      vertex 74.75891421526204 5.770438558227213 11.5
      vertex 74.65316954888546 5.272949016875158 30.49999999999999
      vertex 74.78356568610481 5.88641461019704 11.5
    endloop
  endfacet
  facet normal -1 0 0
    outer loop
      vertex 74.78356568610481 5.88641461019704 11.5
      vertex 74.78356568610481 5.88641461019704 30.49999999999999
      vertex 74.78356568610481 6.2 11.5
    endloop
  endfacet
  facet normal -0.6691306063588637 0.7431448254773894 0
    outer loop
      vertex 73.56335575687741 3.772949016875157 8.719974462544528
      vertex 73.56335575687741 3.772949016875157 30.49999999999999
      vertex 74.02943447643217 4.192608180923426 30.49999999999999
    endloop
  endfacet
  facet normal -0.809016994374941 0.5877852522924819 0
    outer loop
      vertex 74.39807621135331 4.7 9.104103414411028
      vertex 74.02943447643217 4.192608180923426 30.49999999999999
      vertex 74.39807621135331 4.7 30.49999999999999
    endloop
  endfacet
  facet normal -0.9135454576426008 0.40673664307580043 0
    outer loop
      vertex 74.65316954888546 5.272949016875158 10.218546984140545
      vertex 74.39807621135331 4.7 30.49999999999999
      vertex 74.65316954888546 5.272949016875158 30.49999999999999
    endloop
  endfacet
  facet normal -0.9781476007338088 0.2079116908177449 0
    outer loop
      vertex 74.78356568610481 5.88641461019704 11.5
      vertex 74.65316954888546 5.272949016875158 30.49999999999999
      vertex 74.78356568610481 5.88641461019704 30.49999999999999
    endloop
  endfacet
  facet normal -1 0 0
    outer loop
      vertex 74.78356568610481 6.2 11.5
      vertex 74.78356568610481 5.88641461019704 30.49999999999999
      vertex 74.78356568610481 6.2 30.49999999999999
    endloop
  endfacet
  facet normal -0.9945218953682765 -0.10452846326762354 0
    outer loop
      vertex 74.75891421526204 19.190905129884612 10.716036525492598
      vertex 74.75891421526204 19.190905129884612 11.5
      vertex 74.73444280220141 19.42373507245328 10.600907578786064
    endloop
  endfacet
  facet normal -0.9945218953682716 -0.1045284632676707 0
    outer loop
      vertex 74.8 18.8 11.5
      vertex 74.8 18.8 31.86979389742763
      vertex 74.75891421526204 19.190905129884612 11.5
    endloop
  endfacet
  facet normal -0.9945218953682765 -0.10452846326762352 0
    outer loop
      vertex 74.73444280220141 19.42373507245328 10.600907578786064
      vertex 74.75891421526204 19.190905129884612 11.5
      vertex 74.73444280220141 19.42373507245328 31.8319444316313
    endloop
  endfacet
  facet normal -0.9945218953682766 -0.10452846326762213 -1.6203504023682193e-17
    outer loop
      vertex 74.75891421526204 19.190905129884612 11.5
      vertex 74.7463368910758 19.310570376051427 66.08253780725644
      vertex 74.73444280220141 19.42373507245328 31.8319444316313
    endloop
  endfacet
  facet normal -0.9945218953682707 -0.10452846326767873 -1.5559187979775166e-16
    outer loop
      vertex 74.75891421526204 19.190905129884612 11.5
      vertex 74.8 18.8 31.86979389742763
      vertex 74.78160337529496 18.975032192171145 70.14774911482311
    endloop
  endfacet
  facet normal -0.8660254037844217 -0.5000000000000292 -7.438364383151581e-20
    outer loop
      vertex 74.43292387221365 20.206773453074607 9.182372542187892
      vertex 74.5406363729278 20.020209929227402 9.6891200162149
      vertex 74.5406363729278 20.020209929227402 117.69999999999999
    endloop
  endfacet
  facet normal -0.9510565162951568 -0.30901699437493746 -6.929729056972559e-20
    outer loop
      vertex 74.73444280220141 19.42373507245328 10.600907578786064
      vertex 74.5406363729278 20.020209929227402 117.69999999999999
      vertex 74.5406363729278 20.020209929227402 9.6891200162149
    endloop
  endfacet
  facet normal -0.9945218953682671 -0.10452846326771237 0
    outer loop
      vertex 74.8 18.8 31.86979389742763
      vertex 74.8 18.8 41.999999999999986
      vertex 74.78160337529496 18.975032192171145 70.14774911482311
    endloop
  endfacet
  facet normal -0.9945218953682792 -0.10452846326759828 -6.907811883278554e-17
    outer loop
      vertex 74.75891421526204 19.190905129884612 11.5
      vertex 74.7590753254879 19.189372268478433 68.03256842824021
      vertex 74.7463368910758 19.310570376051427 66.08253780725644
    endloop
  endfacet
  facet normal -0.9945218953682732 -0.1045284632676559 -7.06576792413735e-17
    outer loop
      vertex 74.75891421526204 19.190905129884612 11.5
      vertex 74.78160337529496 18.975032192171145 70.14774911482311
      vertex 74.7590753254879 19.189372268478433 68.03256842824021
    endloop
  endfacet
  facet normal -0.9510565162951569 -0.30901699437493746 0
    outer loop
      vertex 74.73444280220141 19.42373507245328 10.600907578786064
      vertex 74.73444280220141 19.42373507245328 31.8319444316313
      vertex 74.5406363729278 20.020209929227402 117.69999999999999
    endloop
  endfacet
  facet normal -0.20791169081775684 -0.9781476007338062 0
    outer loop
      vertex 72.22956144177279 21.75891421526205 10.716036525492598
      vertex 72.72705098312484 21.65316954888546 10.218546984140538
      vertex 72.22956144177279 21.75891421526205 11.5
    endloop
  endfacet
  facet normal -0.7431448254773936 -0.669130606358859 3.5222960639671424e-15
    outer loop
      vertex 74.22705098312484 20.56335575687742 8.719974462544528
      vertex 73.80739181907657 21.029434476432183 8.276120521382325
      vertex 73.91259476646532 20.912594766465322 8.01369423614446
    endloop
  endfacet
  facet normal -0.40673664307579543 -0.9135454576426032 -1.5707668396531457e-16
    outer loop
      vertex 72.72705098312484 21.65316954888546 10.218546984140538
      vertex 73.22173087222315 21.432923872213653 9.182372542187892
      vertex 72.72705098312484 21.653169548885458 30.880846197750245
    endloop
  endfacet
  facet normal -0.20791169081775723 -0.9781476007338061 -1.6818449510807306e-16
    outer loop
      vertex 72.72705098312484 21.65316954888546 10.218546984140538
      vertex 72.72705098312484 21.653169548885458 30.880846197750245
      vertex 72.22956144177279 21.75891421526205 11.5
    endloop
  endfacet
  facet normal -0.4067366430757962 -0.9135454576426028 -1.7931031125519592e-16
    outer loop
      vertex 73.22173087222315 21.432923872213653 9.182372542187892
      vertex 73.3 21.398076211353317 31.067008618270265
      vertex 72.72705098312484 21.653169548885458 30.880846197750245
    endloop
  endfacet
  facet normal -0.20791169081777025 -0.9781476007338032 1.8082096274874704e-16
    outer loop
      vertex 72.22956144177279 21.75891421526205 11.5
      vertex 72.72705098312484 21.653169548885458 30.880846197750245
      vertex 72.47830621244881 21.706041882073755 30.800024122422663
    endloop
  endfacet
  facet normal -0.406736643075838 -0.9135454576425841 -3.530297599109337e-20
    outer loop
      vertex 73.22173087222315 21.432923872213653 9.182372542187892
      vertex 73.3 21.398076211353317 9.104103414411043
      vertex 73.3 21.398076211353317 31.067008618270265
    endloop
  endfacet
  facet normal -0.5877852522924746 -0.8090169943749465 -6.363823508518471e-17
    outer loop
      vertex 73.3 21.398076211353317 9.104103414411043
      vertex 73.80739181907657 21.029434476432183 8.276120521382325
      vertex 73.5505248230685 21.21605927307303 31.148409067680486
    endloop
  endfacet
  facet normal -0.5877852522924782 -0.8090169943749437 0
    outer loop
      vertex 73.3 21.398076211353317 9.104103414411043
      vertex 73.5505248230685 21.21605927307303 31.148409067680486
      vertex 73.3 21.398076211353317 31.067008618270265
    endloop
  endfacet
  facet normal -0.40673664307579827 -0.9135454576426016 -9.6010776861691e-16
    outer loop
      vertex 72.77589605244339 21.631422322888962 32.914404282603016
      vertex 72.852821663738 21.597172834105706 33.81229634219456
      vertex 72.72705098312484 21.65316954888546 33.86521287809177
    endloop
  endfacet
  facet normal -0.20791169081776 -0.9781476007338054 1.2338722453828176e-17
    outer loop
      vertex 72.22956144177279 21.75891421526205 11.5
      vertex 72.5944692144514 21.68135067377482 94.74812790416397
      vertex 72.11358538980296 21.78356568610482 11.5
    endloop
  endfacet
  facet normal -0.207911690817759 -0.9781476007338057 2.932549464979803e-17
    outer loop
      vertex 72.22956144177279 21.75891421526205 11.5
      vertex 72.47830621244881 21.706041882073755 30.800024122422663
      vertex 72.61953388027995 21.676023014586896 94.74812790416397
    endloop
  endfacet
  facet normal 0 -1 0
    outer loop
      vertex 71.8 21.78356568610482 11.5
      vertex 72.11358538980296 21.78356568610482 11.5
      vertex 72.11358538980296 21.78356568610482 117.69999999999999
    endloop
  endfacet
  facet normal -0.20791169081775684 -0.9781476007338061 -4.30417319153789e-20
    outer loop
      vertex 72.47830621244881 21.706041882073755 30.800024122422663
      vertex 72.72705098312484 21.65316954888546 33.86521287809177
      vertex 72.72705098312484 21.65316954888546 77.27478977921663
    endloop
  endfacet
  facet normal -0.406736643075798 -0.9135454576426019 0
    outer loop
      vertex 72.72705098312484 21.65316954888546 33.86521287809177
      vertex 72.852821663738 21.597172834105706 33.81229634219456
      vertex 72.72705098312484 21.65316954888546 77.27478977921663
    endloop
  endfacet
  facet normal -0.4067366430757879 -0.9135454576426064 -1.1448462522058096e-16
    outer loop
      vertex 72.852821663738 21.597172834105706 33.81229634219456
      vertex 73.12352117449093 21.476649646819517 37.32552644476799
      vertex 73.27655695798542 21.4085137261291 85.19697649539928
    endloop
  endfacet
  facet normal -0.8660254037844409 -0.49999999999999595 -1.2217728195015395e-19
    outer loop
      vertex 74.43292387221365 20.206773453074607 9.182372542187892
      vertex 74.22705098312484 20.56335575687742 117.69999999999999
      vertex 74.22705098312484 20.56335575687742 8.719974462544528
    endloop
  endfacet
  facet normal -0.7431448254773919 -0.6691306063588609 3.8885612823624174e-20
    outer loop
      vertex 74.22705098312484 20.56335575687742 8.719974462544528
      vertex 73.80739181907657 21.029434476432183 117.69999999999999
      vertex 73.80739181907657 21.029434476432183 8.276120521382325
    endloop
  endfacet
  facet normal -0.5877852522924708 -0.809016994374949 0
    outer loop
      vertex 73.80739181907657 21.029434476432183 8.276120521382325
      vertex 73.80739181907657 21.029434476432183 117.69999999999999
      vertex 73.5505248230685 21.21605927307303 31.148409067680486
    endloop
  endfacet
  facet normal -0.9510565162951569 -0.30901699437493746 0
    outer loop
      vertex 74.73444280220141 19.42373507245328 31.8319444316313
      vertex 74.73444280220141 19.42373507245328 117.69999999999999
      vertex 74.5406363729278 20.020209929227402 117.69999999999999
    endloop
  endfacet
  facet normal -0.20791169081769031 -0.9781476007338202 -3.0826032620116477e-16
    outer loop
      vertex 72.22956144177279 21.75891421526205 11.5
      vertex 72.61953388027995 21.676023014586896 94.74812790416397
      vertex 72.5944692144514 21.68135067377482 94.74812790416397
    endloop
  endfacet
  facet normal -0.4067366430757895 -0.9135454576426056 2.926435585145657e-17
    outer loop
      vertex 72.852821663738 21.597172834105706 33.81229634219456
      vertex 72.77589605244339 21.631422322888962 90.79384015076951
      vertex 72.72705098312484 21.65316954888546 77.27478977921663
    endloop
  endfacet
  facet normal -0.20791169081776426 -0.9781476007338045 4.142097382028188e-17
    outer loop
      vertex 72.47830621244881 21.706041882073755 30.800024122422663
      vertex 72.72705098312484 21.65316954888546 77.27478977921663
      vertex 72.61953388027995 21.676023014586896 94.74812790416397
    endloop
  endfacet
  facet normal -0.587785252292519 -0.8090169943749141 2.1822775804270276e-16
    outer loop
      vertex 73.5505248230685 21.21605927307303 31.148409067680486
      vertex 73.80739181907657 21.029434476432183 117.69999999999999
      vertex 73.54759526419164 21.218187722185363 34.658504309135125
    endloop
  endfacet
  facet normal -0.5877852522924734 -0.8090169943749475 0
    outer loop
      vertex 73.54759526419164 21.218187722185363 34.658504309135125
      vertex 73.80739181907657 21.029434476432183 117.69999999999999
      vertex 73.54759526419164 21.218187722185363 37.909214354772324
    endloop
  endfacet
  facet normal -0.207911690817758 -0.9781476007338059 0
    outer loop
      vertex 72.11358538980296 21.78356568610482 11.5
      vertex 72.5944692144514 21.68135067377482 94.74812790416397
      vertex 72.11358538980296 21.78356568610482 117.69999999999999
    endloop
  endfacet
  facet normal -0.406736643075803 -0.9135454576425996 7.564218812347606e-18
    outer loop
      vertex 72.852821663738 21.597172834105706 33.81229634219456
      vertex 73.3 21.398076211353317 117.69999999999999
      vertex 72.77589605244339 21.631422322888962 90.79384015076951
    endloop
  endfacet
  facet normal -1.1329334191981196e-14 -1 3.345304782298024e-17
    outer loop
      vertex 71.8 21.78356568610482 11.5
      vertex 72.11358538980296 21.78356568610482 117.69999999999999
      vertex 71.8 21.783565686104822 117.69999999999999
    endloop
  endfacet
  facet normal -0.5877852522924749 -0.8090169943749461 7.921693144455445e-18
    outer loop
      vertex 73.54759526419164 21.218187722185363 37.909214354772324
      vertex 73.80739181907657 21.029434476432183 117.69999999999999
      vertex 73.3 21.398076211353317 77.63421435477233
    endloop
  endfacet
  facet normal -0.40673664307579516 -0.9135454576426031 -4.196889013854816e-17
    outer loop
      vertex 72.852821663738 21.597172834105706 33.81229634219456
      vertex 73.27655695798542 21.4085137261291 85.19697649539928
      vertex 73.3 21.398076211353317 117.69999999999999
    endloop
  endfacet
  facet normal -0.7431448254773918 -0.6691306063588608 0
    outer loop
      vertex 74.22705098312484 20.56335575687742 8.719974462544528
      vertex 74.22705098312484 20.56335575687742 117.69999999999999
      vertex 73.80739181907657 21.029434476432183 117.69999999999999
    endloop
  endfacet
  facet normal -0.8660254037844345 -0.5000000000000074 5.0171669336719383e-17
    outer loop
      vertex 74.43292387221365 20.206773453074607 9.182372542187892
      vertex 74.5406363729278 20.020209929227402 117.69999999999999
      vertex 74.22705098312484 20.56335575687742 117.69999999999999
    endloop
  endfacet
  facet normal -0.40673664307584384 -0.9135454576425814 0
    outer loop
      vertex 73.3 21.398076211353317 77.63421435477233
      vertex 73.3 21.398076211353317 117.69999999999999
      vertex 73.27655695798542 21.4085137261291 85.19697649539928
    endloop
  endfacet
  facet normal -0.20791169081775743 -0.978147600733806 1.2127501933764043e-17
    outer loop
      vertex 72.5944692144514 21.68135067377482 94.74812790416397
      vertex 72.4203181864639 21.71836761749514 117.69999999999999
      vertex 72.11358538980296 21.78356568610482 117.69999999999999
    endloop
  endfacet
  facet normal -0.4067366430758009 -0.9135454576426005 -3.997163200689194e-17
    outer loop
      vertex 72.77589605244339 21.631422322888962 90.79384015076951
      vertex 73.3 21.398076211353317 117.69999999999999
      vertex 73.01352549156242 21.52562288011939 117.69999999999999
    endloop
  endfacet
  facet normal -0.5877852522924745 -0.8090169943749463 0
    outer loop
      vertex 73.3 21.398076211353317 77.63421435477233
      vertex 73.80739181907657 21.029434476432183 117.69999999999999
      vertex 73.3 21.398076211353317 117.69999999999999
    endloop
  endfacet
  facet normal 0.20791169081775734 0.9781476007338061 0
    outer loop
      vertex 5.770438558227217 3.24108578473795 10.716036525492598
      vertex 5.272949016875157 3.3468304511145393 10.218546984140538
      vertex 5.770438558227217 3.24108578473795 11.5
    endloop
  endfacet
  facet normal 0.40673664307580726 0.9135454576425978 0
    outer loop
      vertex 4.7 3.601923788646684 9.104103414411043
      vertex 4.7 3.601923788646684 30.49999999999999
      vertex 4.7782691277768565 3.567076127786348 9.182372542187892
    endloop
  endfacet
  facet normal 0.5877852522924745 0.8090169943749465 0
    outer loop
      vertex 4.7 3.601923788646684 9.104103414411043
      vertex 4.192608180923426 3.970565523567818 30.49999999999999
      vertex 4.7 3.601923788646684 30.49999999999999
    endloop
  endfacet
  facet normal 0.20791169081775732 0.978147600733806 0
    outer loop
      vertex 5.272949016875157 3.3468304511145393 10.218546984140538
      vertex 5.272949016875157 3.3468304511145393 30.49999999999999
      vertex 5.770438558227217 3.24108578473795 11.5
    endloop
  endfacet
  facet normal 0.4067366430758001 0.9135454576426011 -3.171453499520471e-17
    outer loop
      vertex 4.7782691277768565 3.567076127786348 9.182372542187892
      vertex 4.7 3.601923788646684 30.49999999999999
      vertex 5.272949016875157 3.3468304511145393 10.218546984140538
    endloop
  endfacet
  facet normal 0.20791169081776 0.9781476007338054 7.396085930676903e-17
    outer loop
      vertex 5.770438558227217 3.24108578473795 11.5
      vertex 5.272949016875157 3.3468304511145393 30.49999999999999
      vertex 5.886414610197041 3.2164343138951805 11.5
    endloop
  endfacet
  facet normal 0 1 0
    outer loop
      vertex 5.886414610197041 3.2164343138951805 11.5
      vertex 5.886414610197041 3.2164343138951805 30.49999999999999
      vertex 6.2 3.2164343138951805 11.5
    endloop
  endfacet
  facet normal 0.406736643075801 0.9135454576426005 0
    outer loop
      vertex 5.272949016875157 3.3468304511145393 10.218546984140538
      vertex 4.7 3.601923788646684 30.49999999999999
      vertex 5.272949016875157 3.3468304511145393 30.49999999999999
    endloop
  endfacet
  facet normal 0.20791169081775784 0.9781476007338059 0
    outer loop
      vertex 5.886414610197041 3.2164343138951805 11.5
      vertex 5.272949016875157 3.3468304511145393 30.49999999999999
      vertex 5.886414610197041 3.2164343138951805 30.49999999999999
    endloop
  endfacet
  facet normal 0 1 0
    outer loop
      vertex 6.2 3.2164343138951805 11.5
      vertex 5.886414610197041 3.2164343138951805 30.49999999999999
      vertex 6.2 3.2164343138951805 30.49999999999999
    endloop
  endfacet
  facet normal 0.9945218953682734 0.10452846326765315 1.5526182549914495e-18
    outer loop
      vertex 3.265557197798583 5.576264927546722 10.600907578786064
      vertex 3.241085784737952 5.80909487011539 10.716036525492598
      vertex 3.241085784737952 5.80909487011539 11.5
    endloop
  endfacet
  facet normal 0.866025403784439 0.4999999999999992 -1.0831702359468212e-19
    outer loop
      vertex 3.567076127786348 4.793226546925392 9.182372542187892
      vertex 3.4593636270721975 4.9797900707726 9.6891200162149
      vertex 3.4593636270721975 4.9797900707726 30.49999999999999
    endloop
  endfacet
  facet normal 0.7431448254773925 0.6691306063588602 2.2311357270228415e-17
    outer loop
      vertex 4.087405233534679 4.087405233534677 8.01369423614446
      vertex 3.772949016875157 4.43664424312258 30.49999999999999
      vertex 4.192608180923426 3.970565523567818 8.276120521382325
    endloop
  endfacet
  facet normal 0.7431448254773918 0.6691306063588611 2.153286154368494e-19
    outer loop
      vertex 4.087405233534679 4.087405233534677 8.01369423614446
      vertex 3.772949016875157 4.43664424312258 8.719974462544528
      vertex 3.772949016875157 4.43664424312258 30.49999999999999
    endloop
  endfacet
  facet normal 0.5877852522924744 0.8090169943749465 7.097937318323633e-19
    outer loop
      vertex 4.7 3.601923788646684 9.104103414411043
      vertex 4.192608180923426 3.970565523567818 8.276120521382325
      vertex 4.192608180923426 3.970565523567818 30.49999999999999
    endloop
  endfacet
  facet normal 0.8660254037844399 0.49999999999999784 -6.703017038724416e-20
    outer loop
      vertex 3.567076127786348 4.793226546925392 9.182372542187892
      vertex 3.772949016875157 4.43664424312258 30.49999999999999
      vertex 3.772949016875157 4.43664424312258 8.719974462544528
    endloop
  endfacet
  facet normal 0.9510565162951535 0.3090169943749477 0
    outer loop
      vertex 3.4593636270721975 4.9797900707726 9.6891200162149
      vertex 3.265557197798583 5.576264927546722 10.600907578786064
      vertex 3.4593636270721975 4.9797900707726 30.49999999999999
    endloop
  endfacet
  facet normal 0.9945218953682733 0.10452846326765314 0
    outer loop
      vertex 3.265557197798583 5.576264927546722 10.600907578786064
      vertex 3.241085784737952 5.80909487011539 11.5
      vertex 3.265557197798583 5.576264927546722 30.49999999999999
    endloop
  endfacet
  facet normal 0.9945218953682734 0.10452846326765329 -1.4311554798812171e-19
    outer loop
      vertex 3.241085784737952 5.80909487011539 11.5
      vertex 3.2 6.2 11.5
      vertex 3.2 6.2 30.49999999999999
    endloop
  endfacet
  facet normal 0.8660254037844396 0.4999999999999983 1.0580552437107323e-17
    outer loop
      vertex 3.567076127786348 4.793226546925392 9.182372542187892
      vertex 3.4593636270721975 4.9797900707726 30.49999999999999
      vertex 3.772949016875157 4.43664424312258 30.49999999999999
    endloop
  endfacet
  facet normal 0.7431448254773918 0.6691306063588608 0
    outer loop
      vertex 4.192608180923426 3.970565523567818 8.276120521382325
      vertex 3.772949016875157 4.43664424312258 30.49999999999999
      vertex 4.192608180923426 3.970565523567818 30.49999999999999
    endloop
  endfacet
  facet normal 0.9510565162951535 0.30901699437494773 0
    outer loop
      vertex 3.265557197798583 5.576264927546722 10.600907578786064
      vertex 3.265557197798583 5.576264927546722 30.49999999999999
      vertex 3.4593636270721975 4.9797900707726 30.49999999999999
    endloop
  endfacet
  facet normal 0.9945218953682734 0.10452846326765323 1.0011253291241896e-18
    outer loop
      vertex 3.241085784737952 5.80909487011539 11.5
      vertex 3.2 6.2 30.49999999999999
      vertex 3.265557197798583 5.576264927546722 30.49999999999999
    endloop
  endfacet
  facet normal 0.9781476007338065 -0.20791169081775543 0
    outer loop
      vertex 3.241085784737952 19.229561441772788 10.716036525492598
      vertex 3.3468304511145393 19.727050983124844 10.218546984140545
      vertex 3.241085784737952 19.229561441772788 11.5
    endloop
  endfacet
  facet normal 1 0 0
    outer loop
      vertex 3.2164343138951823 18.8 11.5
      vertex 3.2164343138951823 19.11358538980296 11.5
      vertex 3.2164343138951823 18.8 31.860305541876308
    endloop
  endfacet
  facet normal 0.9781476007338067 -0.20791169081775393 0
    outer loop
      vertex 3.2164343138951823 19.11358538980296 11.5
      vertex 3.241085784737952 19.229561441772788 11.5
      vertex 3.2164343138951823 19.11358538980296 31.860305541876308
    endloop
  endfacet
  facet normal 0.9781476007338065 -0.2079116908177555 -3.424995190391452e-17
    outer loop
      vertex 3.3468304511145393 19.727050983124844 10.218546984140545
      vertex 3.3468304511145393 19.72705098312484 31.785021296951424
      vertex 3.241085784737952 19.229561441772788 11.5
    endloop
  endfacet
  facet normal 0.913545457642601 -0.40673664307580015 -6.735093527641281e-17
    outer loop
      vertex 3.567076127786348 20.221730872223144 9.182372542187892
      vertex 3.3468304511145393 19.72705098312484 31.785021296951424
      vertex 3.3468304511145393 19.727050983124844 10.218546984140545
    endloop
  endfacet
  facet normal 1 0 0
    outer loop
      vertex 3.2164343138951823 19.11358538980296 11.5
      vertex 3.2164343138951823 19.11358538980296 31.860305541876308
      vertex 3.2164343138951823 18.8 31.860305541876308
    endloop
  endfacet
  facet normal 0.9781476007338062 -0.20791169081775626 -1.4038838466614038e-17
    outer loop
      vertex 3.241085784737952 19.229561441772788 11.5
      vertex 3.3468304511145393 19.72705098312484 31.785021296951424
      vertex 3.2164343138951823 19.11358538980296 31.860305541876308
    endloop
  endfacet
  facet normal 0.9135454576426005 -0.406736643075801 -9.049513341494387e-17
    outer loop
      vertex 3.567076127786348 20.221730872223144 9.182372542187892
      vertex 3.601923788646684 20.299999999999997 31.637743089858763
      vertex 3.3468304511145393 19.72705098312484 31.785021296951424
    endloop
  endfacet
  facet normal 0.9781476007338067 -0.207911690817754 1.2192398168611786e-18
    outer loop
      vertex 3.2164343138951823 19.11358538980296 31.860305541876308
      vertex 3.2425117498379055 19.236270080117094 32.73854092746906
      vertex 3.241085784737952 19.229561441772788 41.216036525492584
    endloop
  endfacet
  facet normal 0.669130606358857 -0.7431448254773954 1.941763018683359e-15
    outer loop
      vertex 3.970565523567818 20.807391819076575 8.276120521382325
      vertex 4.087405233534679 20.912594766465322 8.013694236144445
      vertex 4.436644243122584 21.227050983124844 8.719974462544528
    endloop
  endfacet
  facet normal 0.10452846326764564 -0.9945218953682741 -1.0053056953203134e-18
    outer loop
      vertex 5.576264927546721 21.734442802201418 10.600907578786057
      vertex 5.809094870115406 21.75891421526205 10.716036525492598
      vertex 5.809094870115406 21.75891421526205 11.5
    endloop
  endfacet
  facet normal 0.9135454576425978 -0.4067366430758073 -6.410533682511198e-17
    outer loop
      vertex 3.567076127786348 20.221730872223144 9.182372542187892
      vertex 3.601923788646684 20.3 9.104103414411028
      vertex 3.601923788646684 20.299999999999997 31.637743089858763
    endloop
  endfacet
  facet normal 0.8090169943749463 -0.5877852522924746 -9.08905966217255e-17
    outer loop
      vertex 3.601923788646684 20.3 9.104103414411028
      vertex 3.970565523567818 20.807391819076575 8.276120521382325
      vertex 3.970565523567818 20.80739181907657 31.424907684967515
    endloop
  endfacet
  facet normal 0.669130606358858 -0.7431448254773944 -1.140526615129347e-16
    outer loop
      vertex 3.970565523567818 20.807391819076575 8.276120521382325
      vertex 4.436644243122584 21.227050983124844 8.719974462544528
      vertex 3.970565523567818 20.80739181907657 31.424907684967515
    endloop
  endfacet
  facet normal 0.49999999999999983 -0.8660254037844388 -1.371350459248604e-16
    outer loop
      vertex 4.436644243122584 21.227050983124844 8.719974462544528
      vertex 4.793226546925394 21.432923872213653 9.182372542187892
      vertex 4.436644243122584 21.22705098312484 31.155817010769017
    endloop
  endfacet
  facet normal 0.8090169943749466 -0.5877852522924746 -9.267178920465211e-17
    outer loop
      vertex 3.601923788646684 20.3 9.104103414411028
      vertex 3.970565523567818 20.80739181907657 31.424907684967515
      vertex 3.601923788646684 20.299999999999997 31.637743089858763
    endloop
  endfacet
  facet normal 0.669130606358858 -0.7431448254773944 -1.1767691724206217e-16
    outer loop
      vertex 4.436644243122584 21.227050983124844 8.719974462544528
      vertex 4.436644243122584 21.22705098312484 31.155817010769017
      vertex 3.970565523567818 20.80739181907657 31.424907684967515
    endloop
  endfacet
  facet normal 0.5000000000000947 -0.8660254037843839 1.917567626624125e-15
    outer loop
      vertex 4.793226546925394 21.432923872213653 9.182372542187892
      vertex 4.4494751769315 21.234458926213374 31.148409067680486
      vertex 4.436644243122584 21.22705098312484 31.155817010769017
    endloop
  endfacet
  facet normal 0.49999999999999967 -0.8660254037844387 -6.529797978927513e-17
    outer loop
      vertex 4.793226546925394 21.432923872213653 9.182372542187892
      vertex 4.777394805709606 21.423783412160976 31.041861521509095
      vertex 4.4494751769315 21.234458926213374 31.148409067680486
    endloop
  endfacet
  facet normal 0.3090169943749477 -0.9510565162951535 -1.4226597527319038e-19
    outer loop
      vertex 4.979790070772599 21.540636372927803 9.6891200162149
      vertex 5.576264927546721 21.734442802201418 10.600907578786057
      vertex 5.27802749915966 21.63753958756461 30.87919609882904
    endloop
  endfacet
  facet normal 0.10452846326764632 -0.9945218953682741 -1.7507477747798524e-16
    outer loop
      vertex 5.576264927546721 21.734442802201418 10.600907578786057
      vertex 5.809094870115406 21.75891421526205 11.5
      vertex 5.576264927546721 21.734442802201414 30.782292884192234
    endloop
  endfacet
  facet normal 0.10452846326765751 -0.994521895368273 -1.846398764535954e-16
    outer loop
      vertex 5.809094870115406 21.75891421526205 11.5
      vertex 6.2 21.8 11.5
      vertex 6.2 21.799999999999997 30.63663550584537
    endloop
  endfacet
  facet normal 0.30901699437493735 -0.9510565162951568 -1.6742316960020755e-16
    outer loop
      vertex 5.576264927546721 21.734442802201418 10.600907578786057
      vertex 5.576264927546721 21.734442802201414 30.782292884192234
      vertex 5.27802749915966 21.63753958756461 30.87919609882904
    endloop
  endfacet
  facet normal 0.10452846326766278 -0.9945218953682723 2.597936883766463e-17
    outer loop
      vertex 5.809094870115406 21.75891421526205 11.5
      vertex 5.8328797297364705 21.761414104743423 30.69891368061587
      vertex 5.576264927546721 21.734442802201414 30.782292884192234
    endloop
  endfacet
  facet normal 0.10452846326763693 -0.9945218953682751 2.399739189375396e-16
    outer loop
      vertex 5.809094870115406 21.75891421526205 11.5
      vertex 6.2 21.799999999999997 30.63663550584537
      vertex 6.070331159433403 21.78637125567446 30.650264250170906
    endloop
  endfacet
  facet normal 0.10452846326767316 -0.9945218953682713 1.2982207728152844e-17
    outer loop
      vertex 5.809094870115406 21.75891421526205 11.5
      vertex 5.882514981891172 21.766630979963363 31.446568296221507
      vertex 5.8328797297364705 21.761414104743423 30.69891368061587
    endloop
  endfacet
  facet normal 0.10452846326764613 -0.9945218953682742 1.136604089989305e-16
    outer loop
      vertex 5.809094870115406 21.75891421526205 11.5
      vertex 6.070331159433403 21.78637125567446 30.650264250170906
      vertex 5.882514981891172 21.766630979963363 31.446568296221507
    endloop
  endfacet
  facet normal 0.6691306063588581 -0.7431448254773945 0
    outer loop
      vertex 4.087687497592264 20.912848918164332 34.837453842483754
      vertex 4.320726857369647 21.122678500188467 38.090453405981364
      vertex 4.087687497592264 20.912848918164332 38.51306026069115
    endloop
  endfacet
  facet normal 0.10452846326764564 -0.9945218953682741 0
    outer loop
      vertex 6.070331159433403 21.78637125567446 30.650264250170906
      vertex 6.070331159433403 21.78637125567446 33.33937604922692
      vertex 5.882514981891172 21.766630979963363 31.446568296221507
    endloop
  endfacet
  facet normal 0.49999999999999867 -0.8660254037844395 3.867380351793749e-17
    outer loop
      vertex 4.774637686984783 21.422191588923013 34.84872051184133
      vertex 4.6164865519964495 21.330882988564856 64.3434412831935
      vertex 4.70386997339864 21.38133383043412 36.37599166874203
    endloop
  endfacet
  facet normal 0.5000000000000006 -0.8660254037844383 -1.0968595892530068e-19
    outer loop
      vertex 4.70386997339864 21.38133383043412 36.37599166874203
      vertex 4.614935395023989 21.32998742766925 63.44118627109394
      vertex 4.614935395023989 21.32998742766925 37.68551009390566
    endloop
  endfacet
  facet normal 0.669130606358858 -0.7431448254773944 -3.6453611306821795e-18
    outer loop
      vertex 4.087687497592264 20.912848918164332 38.51306026069115
      vertex 4.320726857369647 21.122678500188467 38.090453405981364
      vertex 4.436644243122584 21.227050983124844 77.81545340598137
    endloop
  endfacet
  facet normal 0.5000000000000232 -0.8660254037844253 -4.2650329419581226e-17
    outer loop
      vertex 4.793226546925394 21.432923872213653 9.182372542187892
      vertex 4.979790070772599 21.540636372927803 117.69999999999999
      vertex 4.777394805709606 21.423783412160976 31.041861521509095
    endloop
  endfacet
  facet normal 0.5000000000002175 -0.866025403784313 9.450105374041704e-16
    outer loop
      vertex 4.70386997339864 21.38133383043412 36.37599166874203
      vertex 4.6164865519964495 21.330882988564856 64.3434412831935
      vertex 4.614935395023989 21.32998742766925 63.44118627109394
    endloop
  endfacet
  facet normal 0.5000000000000046 -0.8660254037844359 6.214246961970778e-20
    outer loop
      vertex 4.793226546925394 21.432923872213653 9.182372542187892
      vertex 4.979790070772599 21.540636372927803 9.6891200162149
      vertex 4.979790070772599 21.540636372927803 117.69999999999999
    endloop
  endfacet
  facet normal 0.1045284632676657 -0.9945218953682722 -3.964722100921292e-17
    outer loop
      vertex 5.896646029636791 21.768116212930167 35.285651377652975
      vertex 6.004547435057703 21.779457107631025 36.19084538389982
      vertex 6.2 21.8 76.8574295519787
    endloop
  endfacet
  facet normal 0.3090169943749477 -0.9510565162951534 0
    outer loop
      vertex 4.979790070772599 21.540636372927803 9.6891200162149
      vertex 5.27802749915966 21.63753958756461 30.87919609882904
      vertex 4.979790070772599 21.540636372927803 117.69999999999999
    endloop
  endfacet
  facet normal 0.9781476007338072 -0.20791169081775196 -2.0721310364656148e-17
    outer loop
      vertex 3.2425117498379055 19.236270080117094 32.73854092746906
      vertex 3.26360229147737 19.33549327733933 34.11346219780264
      vertex 3.3468304511145393 19.727050983124844 117.69999999999999
    endloop
  endfacet
  facet normal 0.9781476007338065 -0.20791169081775543 1.346087547641478e-19
    outer loop
      vertex 3.2425117498379055 19.236270080117094 32.73854092746906
      vertex 3.3468304511145393 19.727050983124844 117.69999999999999
      vertex 3.241085784737952 19.229561441772788 41.216036525492584
    endloop
  endfacet
  facet normal 0.9781476007338062 -0.2079116908177562 5.735117953370896e-20
    outer loop
      vertex 3.26360229147737 19.33549327733933 34.11346219780264
      vertex 3.3468304511145393 19.727050983124844 36.25178414054598
      vertex 3.3468304511145393 19.727050983124844 117.69999999999999
    endloop
  endfacet
  facet normal 0.9135454576426011 -0.4067366430758 -8.111736074423645e-18
    outer loop
      vertex 3.4569532894504436 19.974390927673994 35.73369691956965
      vertex 3.601923788646684 20.3 117.69999999999999
      vertex 3.3468304511145393 19.727050983124844 36.25178414054598
    endloop
  endfacet
  facet normal 0.9781476007338065 -0.20791169081775543 0
    outer loop
      vertex 3.241085784737952 19.229561441772788 41.216036525492584
      vertex 3.3468304511145393 19.727050983124844 117.69999999999999
      vertex 3.241085784737952 19.229561441772788 41.999999999999986
    endloop
  endfacet
  facet normal 0.9781476007338068 -0.20791169081775393 0
    outer loop
      vertex 3.2164343138951823 19.11358538980296 41.999999999999986
      vertex 3.241085784737952 19.229561441772788 41.999999999999986
      vertex 3.2164343138951823 19.11358538980296 117.69999999999999
    endloop
  endfacet
  facet normal 0.9135454576426005 -0.406736643075801 0
    outer loop
      vertex 3.3468304511145393 19.727050983124844 36.25178414054598
      vertex 3.601923788646684 20.3 117.69999999999999
      vertex 3.3468304511145393 19.727050983124844 117.69999999999999
    endloop
  endfacet
  facet normal 0.9781476007338065 -0.20791169081775515 -1.9097984827382246e-18
    outer loop
      vertex 3.241085784737952 19.229561441772788 41.999999999999986
      vertex 3.3468304511145393 19.727050983124844 117.69999999999999
      vertex 3.2164343138951823 19.11358538980296 117.69999999999999
    endloop
  endfacet
  facet normal 0.49999999999991845 -0.8660254037844857 2.8343222357771835e-16
    outer loop
      vertex 4.777394805709606 21.423783412160976 31.041861521509095
      vertex 4.979790070772599 21.540636372927803 117.69999999999999
      vertex 4.774637686984783 21.422191588923013 34.84872051184133
    endloop
  endfacet
  facet normal 0.9135454576426005 -0.40673664307580093 -3.741042151748654e-18
    outer loop
      vertex 3.4569532894504436 19.974390927673994 35.73369691956965
      vertex 3.584499958216516 20.260865436111573 39.64323797829945
      vertex 3.601923788646684 20.3 117.69999999999999
    endloop
  endfacet
  facet normal 0.669130606358858 -0.7431448254773944 -3.833588564028643e-18
    outer loop
      vertex 4.087687497592264 20.912848918164332 38.51306026069115
      vertex 4.436644243122584 21.227050983124844 77.81545340598137
      vertex 4.203604883345201 21.01722140110071 78.23806026069116
    endloop
  endfacet
  facet normal 0.4999999999999967 -0.8660254037844405 2.4923901668806224e-17
    outer loop
      vertex 4.774637686984783 21.422191588923013 34.84872051184133
      vertex 4.979790070772599 21.540636372927803 117.69999999999999
      vertex 4.6164865519964495 21.330882988564856 64.3434412831935
    endloop
  endfacet
  facet normal 0.3090169943749476 -0.9510565162951535 3.2913814579148e-20
    outer loop
      vertex 5.27802749915966 21.63753958756461 30.87919609882904
      vertex 5.576264927546721 21.734442802201418 33.67938278497848
      vertex 4.979790070772599 21.540636372927803 117.69999999999999
    endloop
  endfacet
  facet normal 0.10452846326763869 -0.9945218953682748 0
    outer loop
      vertex 5.576264927546721 21.734442802201418 33.67938278497848
      vertex 5.758969584442727 21.753645835443947 34.36349118034172
      vertex 5.576264927546721 21.734442802201418 117.69999999999999
    endloop
  endfacet
  facet normal 0.10452846326765602 -0.994521895368273 3.8471585943725256e-17
    outer loop
      vertex 5.758969584442727 21.753645835443947 34.36349118034172
      vertex 5.896646029636791 21.768116212930167 35.285651377652975
      vertex 5.576264927546721 21.734442802201418 117.69999999999999
    endloop
  endfacet
  facet normal 0.9135454576425978 -0.40673664307580726 6.3034583897014014e-21
    outer loop
      vertex 3.584499958216516 20.260865436111573 39.64323797829945
      vertex 3.601923788646684 20.3 78.65205170720552
      vertex 3.601923788646684 20.3 117.69999999999999
    endloop
  endfacet
  facet normal 0.5000000000003897 -0.8660254037842138 -3.542101185022769e-15
    outer loop
      vertex 4.611970640095512 21.32827572561321 64.3434412831935
      vertex 4.6164865519964495 21.330882988564856 64.3434412831935
      vertex 4.979790070772599 21.540636372927803 117.69999999999999
    endloop
  endfacet
  facet normal 0.49999999999999517 -0.8660254037844414 7.389186834536682e-20
    outer loop
      vertex 4.611970640095512 21.32827572561321 64.3434412831935
      vertex 4.436644243122584 21.227050983124844 117.69999999999999
      vertex 4.436644243122584 21.227050983124844 77.81545340598137
    endloop
  endfacet
  facet normal 0.10452846326766028 -0.9945218953682727 -2.788811113585142e-20
    outer loop
      vertex 5.896646029636791 21.768116212930167 35.285651377652975
      vertex 6.2 21.8 76.8574295519787
      vertex 6.2 21.8 117.69999999999999
    endloop
  endfacet
  facet normal 0.8090169943749465 -0.5877852522924745 0
    outer loop
      vertex 3.601923788646684 20.3 78.65205170720552
      vertex 3.786244656107251 20.553695909538288 78.65205170720552
      vertex 3.601923788646684 20.3 117.69999999999999
    endloop
  endfacet
  facet normal 0.8090169943749465 -0.5877852522924745 -1.9986815720575875e-19
    outer loop
      vertex 3.786244656107251 20.553695909538288 78.65205170720552
      vertex 3.970565523567818 20.807391819076575 78.23806026069116
      vertex 3.970565523567818 20.807391819076575 117.69999999999999
    endloop
  endfacet
  facet normal 0.669130606358858 -0.7431448254773945 0
    outer loop
      vertex 3.970565523567818 20.807391819076575 78.23806026069116
      vertex 4.203604883345201 21.01722140110071 78.23806026069116
      vertex 3.970565523567818 20.807391819076575 117.69999999999999
    endloop
  endfacet
  facet normal 0.669130606358858 -0.7431448254773945 -2.1069548299022606e-19
    outer loop
      vertex 4.203604883345201 21.01722140110071 78.23806026069116
      vertex 4.436644243122584 21.227050983124844 77.81545340598137
      vertex 4.436644243122584 21.227050983124844 117.69999999999999
    endloop
  endfacet
  facet normal 0.5000000000000013 -0.8660254037844378 2.6887350269725454e-17
    outer loop
      vertex 4.611970640095512 21.32827572561321 64.3434412831935
      vertex 4.979790070772599 21.540636372927803 117.69999999999999
      vertex 4.436644243122584 21.227050983124844 117.69999999999999
    endloop
  endfacet
  facet normal 0.30901699437494773 -0.9510565162951535 0
    outer loop
      vertex 5.576264927546721 21.734442802201418 33.67938278497848
      vertex 5.576264927546721 21.734442802201418 117.69999999999999
      vertex 4.979790070772599 21.540636372927803 117.69999999999999
    endloop
  endfacet
  facet normal 0.10452846326765308 -0.9945218953682733 2.6840363877050993e-17
    outer loop
      vertex 5.896646029636791 21.768116212930167 35.285651377652975
      vertex 6.2 21.8 117.69999999999999
      vertex 5.576264927546721 21.734442802201418 117.69999999999999
    endloop
  endfacet
  facet normal 0.8090169943749465 -0.5877852522924745 1.0099359275319186e-19
    outer loop
      vertex 3.786244656107251 20.553695909538288 78.65205170720552
      vertex 3.970565523567818 20.807391819076575 117.69999999999999
      vertex 3.601923788646684 20.3 117.69999999999999
    endloop
  endfacet
  facet normal 0.669130606358858 -0.7431448254773945 1.064759343304916e-19
    outer loop
      vertex 4.203604883345201 21.01722140110071 78.23806026069116
      vertex 4.436644243122584 21.227050983124844 117.69999999999999
      vertex 3.970565523567818 20.807391819076575 117.69999999999999
    endloop
  endfacet
  facet normal -0.10452846326765358 0.9945218953682733 0
    outer loop
      vertex 71.8 3.1999999999999993 30.63663550584537
      vertex 71.8 3.1999999999999993 36.01485910395739
      vertex 72.0593376811332 3.2272574886510785 30.663892994496447
    endloop
  endfacet
  facet normal -0.10452846326765076 0.9945218953682736 1.3882398598582715e-16
    outer loop
      vertex 72.0593376811332 3.2272574886510785 30.663892994496447
      vertex 71.8 3.1999999999999993 36.01485910395739
      vertex 72.42373507245328 3.2655571977985822 30.782292884192234
    endloop
  endfacet
  facet normal -0.30901699437495433 0.9510565162951513 0
    outer loop
      vertex 72.42373507245328 3.2655571977985822 30.782292884192234
      vertex 72.42373507245328 3.2655571977985822 36.576472685764735
      vertex 73.02020992922739 3.4593636270721966 30.976099313465845
    endloop
  endfacet
  facet normal -0.10452846326765193 0.9945218953682735 0
    outer loop
      vertex 72.42373507245328 3.2655571977985822 30.782292884192234
      vertex 71.8 3.1999999999999993 36.01485910395739
      vertex 72.42373507245328 3.2655571977985822 36.576472685764735
    endloop
  endfacet
  facet normal -0.3090169943749558 0.9510565162951508 -1.754878156294932e-16
    outer loop
      vertex 73.02020992922739 3.4593636270721966 30.976099313465845
      vertex 72.42373507245328 3.2655571977985822 36.576472685764735
      vertex 72.87358619108046 3.411722686612963 36.98152045230856
    endloop
  endfacet
  facet normal -0.30901699437494934 0.951056516295153 0
    outer loop
      vertex 73.02020992922739 3.4593636270721966 30.976099313465845
      vertex 72.87358619108046 3.411722686612963 36.98152045230856
      vertex 73.02020992922739 3.4593636270721966 37.18333071460589
    endloop
  endfacet
  facet normal -0.4999999999999965 0.8660254037844406 0
    outer loop
      vertex 73.02020992922739 3.4593636270721966 30.976099313465845
      vertex 73.02020992922739 3.4593636270721966 37.18333071460589
      vertex 73.5505248230685 3.7655410737866255 31.148409067680486
    endloop
  endfacet
  facet normal -0.49999999999999245 0.8660254037844429 -3.222234067181587e-20
    outer loop
      vertex 73.5505248230685 3.7655410737866255 31.148409067680486
      vertex 73.56335575687741 3.772949016875156 37.930906811962736
      vertex 73.56335575687741 3.772949016875156 31.155817010769017
    endloop
  endfacet
  facet normal -0.49999999999999645 0.8660254037844406 9.463171090927412e-18
    outer loop
      vertex 73.02020992922739 3.4593636270721966 37.18333071460589
      vertex 73.56335575687741 3.772949016875156 37.930906811962736
      vertex 73.5505248230685 3.7655410737866255 31.148409067680486
    endloop
  endfacet
  facet normal -0.6691306063588636 0.7431448254773894 0
    outer loop
      vertex 73.56335575687741 3.772949016875156 31.155817010769017
      vertex 73.56335575687741 3.772949016875156 37.930906811962736
      vertex 74.02943447643217 4.1926081809234255 31.424907684967508
    endloop
  endfacet
  facet normal -0.809016994374941 0.5877852522924819 0
    outer loop
      vertex 74.02943447643217 4.1926081809234255 31.424907684967508
      vertex 74.02943447643217 4.1926081809234255 38.776120521382296
      vertex 74.39807621135331 4.699999999999999 31.63774308985876
    endloop
  endfacet
  facet normal -0.6691306063588637 0.7431448254773896 1.1787483702390518e-17
    outer loop
      vertex 73.56335575687741 3.772949016875156 37.930906811962736
      vertex 73.79519052838329 3.981693982747913 38.249999999999986
      vertex 74.02943447643217 4.1926081809234255 31.424907684967508
    endloop
  endfacet
  facet normal -0.6691306063588638 0.7431448254773894 0
    outer loop
      vertex 74.02943447643217 4.1926081809234255 31.424907684967508
      vertex 73.79519052838329 3.981693982747913 38.249999999999986
      vertex 74.02943447643217 4.1926081809234255 38.776120521382296
    endloop
  endfacet
  facet normal -0.809016994374941 0.5877852522924819 0
    outer loop
      vertex 74.39807621135331 4.699999999999999 31.63774308985876
      vertex 74.02943447643217 4.1926081809234255 38.776120521382296
      vertex 74.39807621135331 4.699999999999999 39.60410341441103
    endloop
  endfacet
  facet normal -0.9135454576426006 0.40673664307580093 0
    outer loop
      vertex 74.39807621135331 4.699999999999999 31.63774308985876
      vertex 74.39807621135331 4.699999999999999 39.60410341441103
      vertex 74.65316954888546 5.272949016875156 31.785021296951417
    endloop
  endfacet
  facet normal -0.9781476007338088 0.20791169081774427 0
    outer loop
      vertex 74.65316954888546 5.272949016875156 31.785021296951417
      vertex 74.65316954888546 5.272949016875156 40.71854698414053
      vertex 74.78356568610481 5.88641461019704 31.860305541876297
    endloop
  endfacet
  facet normal -1 0 0
    outer loop
      vertex 74.78356568610481 5.88641461019704 31.860305541876297
      vertex 74.78356568610481 5.88641461019704 41.999999999999986
      vertex 74.78356568610481 6.199999999999999 31.860305541876297
    endloop
  endfacet
  facet normal -0.913545457642598 0.40673664307580676 5.176915956072865e-16
    outer loop
      vertex 74.65316954888546 5.272949016875156 31.785021296951417
      vertex 74.39807621135331 4.699999999999999 39.60410341441103
      vertex 74.43292387221365 4.778269127776856 39.68237254218788
    endloop
  endfacet
  facet normal -0.913545457642601 0.4067366430758 0
    outer loop
      vertex 74.65316954888546 5.272949016875156 31.785021296951417
      vertex 74.43292387221365 4.778269127776856 39.68237254218788
      vertex 74.65316954888546 5.272949016875156 40.71854698414053
    endloop
  endfacet
  facet normal -0.9781476007338092 0.20791169081774216 -1.5203404829897892e-16
    outer loop
      vertex 74.78356568610481 5.88641461019704 31.860305541876297
      vertex 74.65316954888546 5.272949016875156 40.71854698414053
      vertex 74.75891421526204 5.770438558227212 41.216036525492584
    endloop
  endfacet
  facet normal -0.9781476007338067 0.20791169081775387 1.2942128432846567e-18
    outer loop
      vertex 74.78356568610481 5.88641461019704 31.860305541876297
      vertex 74.75891421526204 5.770438558227212 41.216036525492584
      vertex 74.75891421526204 5.770438558227212 41.999999999999986
    endloop
  endfacet
  facet normal -0.9781476007338069 0.20791169081775393 0
    outer loop
      vertex 74.78356568610481 5.88641461019704 31.860305541876297
      vertex 74.75891421526204 5.770438558227212 41.999999999999986
      vertex 74.78356568610481 5.88641461019704 41.999999999999986
    endloop
  endfacet
  facet normal -1 0 0
    outer loop
      vertex 74.78356568610481 6.199999999999999 31.860305541876297
      vertex 74.78356568610481 5.88641461019704 41.999999999999986
      vertex 74.78356568610481 6.199999999999999 41.999999999999986
    endloop
  endfacet
  facet normal -0.20791169081777056 -0.9781476007338032 1.1651058375950134e-15
    outer loop
      vertex 72.47830621244881 21.706041882073755 30.800024122422663
      vertex 72.72705098312484 21.653169548885458 30.880846197750245
      vertex 72.72705098312484 21.65316954888546 33.86521287809177
    endloop
  endfacet
  facet normal -0.40673664307576507 -0.9135454576426165 1.0875223426638623e-15
    outer loop
      vertex 72.72705098312484 21.653169548885458 30.880846197750245
      vertex 72.77589605244339 21.631422322888962 32.914404282603016
      vertex 72.72705098312484 21.65316954888546 33.86521287809177
    endloop
  endfacet
  facet normal -0.40673664307579604 -0.9135454576426026 -4.979464929137755e-16
    outer loop
      vertex 72.72705098312484 21.653169548885458 30.880846197750245
      vertex 73.3 21.398076211353317 31.067008618270265
      vertex 73.3 21.398076211353313 37.56842870954466
    endloop
  endfacet
  facet normal -0.40673664307582974 -0.9135454576425878 2.9470403497637793e-15
    outer loop
      vertex 72.72705098312484 21.653169548885458 30.880846197750245
      vertex 73.3 21.398076211353313 37.56842870954466
      vertex 72.77589605244339 21.631422322888962 32.914404282603016
    endloop
  endfacet
  facet normal -0.40673664307580826 -0.9135454576425973 7.8019802390379e-17
    outer loop
      vertex 72.77589605244339 21.631422322888962 32.914404282603016
      vertex 73.3 21.398076211353313 37.56842870954466
      vertex 72.852821663738 21.597172834105706 33.81229634219456
    endloop
  endfacet
  facet normal -0.4067366430758422 -0.9135454576425822 4.898170114446511e-15
    outer loop
      vertex 72.852821663738 21.597172834105706 33.81229634219456
      vertex 73.3 21.398076211353313 37.56842870954466
      vertex 73.12352117449093 21.476649646819517 37.32552644476799
    endloop
  endfacet
  facet normal -0.5877852522924784 -0.8090169943749438 2.7143506816526457e-16
    outer loop
      vertex 73.3 21.398076211353317 31.067008618270265
      vertex 73.5505248230685 21.21605927307303 31.148409067680486
      vertex 73.54759526419164 21.218187722185363 34.658504309135125
    endloop
  endfacet
  facet normal -0.5877852522924716 -0.8090169943749486 -4.4208891318305055e-16
    outer loop
      vertex 73.3 21.398076211353317 31.067008618270265
      vertex 73.54759526419164 21.218187722185363 34.658504309135125
      vertex 73.3 21.398076211353313 37.56842870954466
    endloop
  endfacet
  facet normal -0.5877852522924681 -0.8090169943749511 0
    outer loop
      vertex 73.54759526419164 21.218187722185363 34.658504309135125
      vertex 73.54759526419164 21.218187722185363 37.909214354772324
      vertex 73.3 21.398076211353313 37.56842870954466
    endloop
  endfacet
  facet normal -0.9945218953682742 -0.10452846326764535 -9.382957598663391e-17
    outer loop
      vertex 74.73444280220141 19.42373507245328 31.8319444316313
      vertex 74.7463368910758 19.310570376051427 66.08253780725644
      vertex 74.74492994432968 19.32395658016162 102.30059713115789
    endloop
  endfacet
  facet normal -0.9945218953682652 -0.10452846326773017 1.1202281741470647e-16
    outer loop
      vertex 74.8 18.8 41.999999999999986
      vertex 74.78239282452013 18.967521084524847 102.30059713115789
      vertex 74.78160337529496 18.975032192171145 70.14774911482311
    endloop
  endfacet
  facet normal -0.9945218953682791 -0.10452846326759895 -1.1116845084834994e-16
    outer loop
      vertex 74.7463368910758 19.310570376051427 66.08253780725644
      vertex 74.7590753254879 19.189372268478433 68.03256842824021
      vertex 74.74492994432968 19.32395658016162 102.30059713115789
    endloop
  endfacet
  facet normal -0.9945218953682733 -0.10452846326765394 1.3005868443964624e-16
    outer loop
      vertex 74.78160337529496 18.975032192171145 70.14774911482311
      vertex 74.78239282452013 18.967521084524847 102.30059713115789
      vertex 74.7590753254879 19.189372268478433 68.03256842824021
    endloop
  endfacet
  facet normal -0.9945218953682811 -0.10452846326757982 0
    outer loop
      vertex 74.73444280220141 19.42373507245328 31.8319444316313
      vertex 74.74492994432968 19.32395658016162 102.30059713115789
      vertex 74.73444280220141 19.42373507245328 117.69999999999999
    endloop
  endfacet
  facet normal -0.9945218953682695 -0.1045284632676903 0
    outer loop
      vertex 74.8 18.8 41.999999999999986
      vertex 74.8 18.8 117.69999999999999
      vertex 74.78239282452013 18.967521084524847 102.30059713115789
    endloop
  endfacet
  facet normal -0.9945218953682731 -0.1045284632676561 1.1584457765975921e-16
    outer loop
      vertex 74.7590753254879 19.189372268478433 68.03256842824021
      vertex 74.78239282452013 18.967521084524847 102.30059713115789
      vertex 74.74492994432968 19.32395658016162 102.30059713115789
    endloop
  endfacet
  facet normal -0.9945218953682723 -0.10452846326766312 2.9883972168577317e-16
    outer loop
      vertex 74.78239282452013 18.967521084524847 102.30059713115789
      vertex 74.8 18.8 117.69999999999999
      vertex 74.78894095837028 18.90521975257958 117.69999999999999
    endloop
  endfacet
  facet normal -0.9945218953682803 -0.1045284632675865 4.369272287009012e-17
    outer loop
      vertex 74.74492994432968 19.32395658016162 102.30059713115789
      vertex 74.7410297611095 19.361064344756706 117.69999999999999
      vertex 74.73444280220141 19.42373507245328 117.69999999999999
    endloop
  endfacet
  facet normal 0.5877852522924748 0.8090169943749462 -9.823149456302231e-17
    outer loop
      vertex 4.7 3.6019237886466833 31.067008618270265
      vertex 4.4494751769315 3.783940726926968 31.148409067680486
      vertex 4.20480947161671 3.9617007669825917 38.249999999999986
    endloop
  endfacet
  facet normal 0.5877852522924757 0.8090169943749457 0
    outer loop
      vertex 4.7 3.6019237886466833 31.067008618270265
      vertex 4.20480947161671 3.9617007669825917 38.249999999999986
      vertex 4.7 3.6019237886466833 37.56842870954466
    endloop
  endfacet
  facet normal 0.20791169081775784 0.9781476007338059 1.2747586415383966e-18
    outer loop
      vertex 5.886414610197041 3.2164343138951796 30.68151914351876
      vertex 5.272949016875157 3.3468304511145384 30.880846197750245
      vertex 5.272949016875157 3.3468304511145384 36.84957955843329
    endloop
  endfacet
  facet normal 0 1 0
    outer loop
      vertex 5.940662318866806 3.2164343138951796 30.663892994496447
      vertex 5.886414610197041 3.2164343138951796 30.68151914351876
      vertex 6.2 3.2164343138951796 36.01485910395739
    endloop
  endfacet
  facet normal 0 1 0
    outer loop
      vertex 5.940662318866806 3.2164343138951796 30.663892994496447
      vertex 6.2 3.2164343138951796 36.01485910395739
      vertex 6.2 3.2164343138951796 30.63663550584537
    endloop
  endfacet
  facet normal 0.40673664307580437 0.9135454576425991 0
    outer loop
      vertex 5.272949016875157 3.3468304511145384 30.880846197750245
      vertex 5.1264138089195415 3.412072129104031 36.98152045230856
      vertex 5.272949016875157 3.3468304511145384 36.84957955843329
    endloop
  endfacet
  facet normal 0.40673664307580093 0.9135454576426004 0
    outer loop
      vertex 4.7 3.6019237886466833 31.067008618270265
      vertex 4.7 3.6019237886466833 37.56842870954466
      vertex 5.272949016875157 3.3468304511145384 30.880846197750245
    endloop
  endfacet
  facet normal 0.20791169081775784 0.978147600733806 0
    outer loop
      vertex 5.886414610197041 3.2164343138951796 30.68151914351876
      vertex 5.272949016875157 3.3468304511145384 36.84957955843329
      vertex 5.886414610197041 3.2164343138951796 36.29721265716869
    endloop
  endfacet
  facet normal 0 1 0
    outer loop
      vertex 5.886414610197041 3.2164343138951796 30.68151914351876
      vertex 5.886414610197041 3.2164343138951796 36.29721265716869
      vertex 6.2 3.2164343138951796 36.01485910395739
    endloop
  endfacet
  facet normal 0.40673664307579965 0.9135454576426011 -1.341494233538798e-16
    outer loop
      vertex 4.7 3.6019237886466833 37.56842870954466
      vertex 5.1264138089195415 3.412072129104031 36.98152045230856
      vertex 5.272949016875157 3.3468304511145384 30.880846197750245
    endloop
  endfacet
  facet normal 0.8660254037844394 0.49999999999999895 4.664413429403629e-17
    outer loop
      vertex 3.4593636270721975 4.979790070772598 31.72005023751951
      vertex 3.567076127786348 4.793226546925389 39.68237254218788
      vertex 3.772949016875157 4.436644243122579 31.539001628302834
    endloop
  endfacet
  facet normal 0.7431448254773918 0.6691306063588608 5.539681890418411e-19
    outer loop
      vertex 4.192608180923426 3.9705655235678172 31.296711296971676
      vertex 3.772949016875157 4.436644243122579 31.539001628302834
      vertex 3.772949016875157 4.436644243122579 39.21997446254451
    endloop
  endfacet
  facet normal 0.587785252292474 0.8090169943749467 -1.3297268395987157e-16
    outer loop
      vertex 4.4494751769315 3.783940726926968 31.148409067680486
      vertex 4.192608180923426 3.9705655235678172 31.296711296971676
      vertex 4.20480947161671 3.9617007669825917 38.249999999999986
    endloop
  endfacet
  facet normal 0.5877852522924242 0.809016994374983 0
    outer loop
      vertex 4.192608180923426 3.9705655235678172 31.296711296971676
      vertex 4.192608180923426 3.9705655235678172 38.2774045475862
      vertex 4.20480947161671 3.9617007669825917 38.249999999999986
    endloop
  endfacet
  facet normal 0.7431448254773918 0.6691306063588608 0
    outer loop
      vertex 4.192608180923426 3.9705655235678172 31.296711296971676
      vertex 3.772949016875157 4.436644243122579 39.21997446254451
      vertex 4.192608180923426 3.9705655235678172 38.2774045475862
    endloop
  endfacet
  facet normal 0.9510565162951535 0.3090169943749477 0
    outer loop
      vertex 3.4593636270721975 4.979790070772598 31.72005023751951
      vertex 3.265557197798583 5.57626492754672 31.831944431631307
      vertex 3.4593636270721975 4.979790070772598 40.18912001621489
    endloop
  endfacet
  facet normal 0.9945218953682734 0.10452846326765308 5.143723184864003e-19
    outer loop
      vertex 3.265557197798583 5.57626492754672 31.831944431631307
      vertex 3.2 6.199999999999999 31.869793897427638
      vertex 3.2 6.199999999999999 41.999999999999986
    endloop
  endfacet
  facet normal 0.8660254037844402 0.4999999999999974 0
    outer loop
      vertex 3.4593636270721975 4.979790070772598 31.72005023751951
      vertex 3.4593636270721975 4.979790070772598 40.18912001621489
      vertex 3.567076127786348 4.793226546925389 39.68237254218788
    endloop
  endfacet
  facet normal 0.8660254037844388 0.49999999999999967 0
    outer loop
      vertex 3.772949016875157 4.436644243122579 31.539001628302834
      vertex 3.567076127786348 4.793226546925389 39.68237254218788
      vertex 3.772949016875157 4.436644243122579 39.21997446254451
    endloop
  endfacet
  facet normal 0.9510565162951535 0.3090169943749477 0
    outer loop
      vertex 3.265557197798583 5.57626492754672 31.831944431631307
      vertex 3.265557197798583 5.57626492754672 41.10090757878606
      vertex 3.4593636270721975 4.979790070772598 40.18912001621489
    endloop
  endfacet
  facet normal 0.9945218953682733 0.10452846326765355 0
    outer loop
      vertex 3.265557197798583 5.57626492754672 31.831944431631307
      vertex 3.241085784737952 5.809094870115388 41.216036525492584
      vertex 3.265557197798583 5.57626492754672 41.10090757878606
    endloop
  endfacet
  facet normal 0.9945218953682734 0.10452846326765279 1.94769229694611e-17
    outer loop
      vertex 3.265557197798583 5.57626492754672 31.831944431631307
      vertex 3.2 6.199999999999999 41.999999999999986
      vertex 3.241085784737952 5.809094870115388 41.216036525492584
    endloop
  endfacet
  facet normal 0.9945218953682734 0.10452846326765283 0
    outer loop
      vertex 3.241085784737952 5.809094870115388 41.216036525492584
      vertex 3.2 6.199999999999999 41.999999999999986
      vertex 3.241085784737952 5.809094870115388 41.999999999999986
    endloop
  endfacet
  facet normal 0.9781476007338062 -0.2079116908177562 3.219848763864093e-16
    outer loop
      vertex 3.2164343138951823 19.11358538980296 31.860305541876308
      vertex 3.3468304511145393 19.72705098312484 31.785021296951424
      vertex 3.2425117498379055 19.236270080117094 32.73854092746906
    endloop
  endfacet
  facet normal 0.9781476007338062 -0.20791169081775626 3.054328436440852e-16
    outer loop
      vertex 3.2425117498379055 19.236270080117094 32.73854092746906
      vertex 3.3468304511145393 19.72705098312484 31.785021296951424
      vertex 3.26360229147737 19.33549327733933 34.11346219780264
    endloop
  endfacet
  facet normal 1 0 0
    outer loop
      vertex 3.2164343138951823 18.8 31.860305541876308
      vertex 3.2164343138951823 19.11358538980296 31.860305541876308
      vertex 3.2164343138951823 19.11358538980296 41.999999999999986
    endloop
  endfacet
  facet normal 0.9781476007338061 -0.2079116908177571 1.6536600079631024e-16
    outer loop
      vertex 3.3468304511145393 19.72705098312484 31.785021296951424
      vertex 3.3468304511145393 19.727050983124844 36.25178414054598
      vertex 3.26360229147737 19.33549327733933 34.11346219780264
    endloop
  endfacet
  facet normal 0.9135454576426012 -0.40673664307579943 3.2350471384371374e-16
    outer loop
      vertex 3.3468304511145393 19.72705098312484 31.785021296951424
      vertex 3.4569532894504436 19.974390927673994 35.73369691956965
      vertex 3.3468304511145393 19.727050983124844 36.25178414054598
    endloop
  endfacet
  facet normal 0.9135454576426005 -0.406736643075801 8.446617969680089e-19
    outer loop
      vertex 3.3468304511145393 19.72705098312484 31.785021296951424
      vertex 3.601923788646684 20.299999999999997 31.637743089858763
      vertex 3.601923788646684 20.299999999999997 39.60410341441103
    endloop
  endfacet
  facet normal 0.9135454576425852 -0.40673664307583546 3.038628068972164e-15
    outer loop
      vertex 3.3468304511145393 19.72705098312484 31.785021296951424
      vertex 3.601923788646684 20.299999999999997 39.60410341441103
      vertex 3.4569532894504436 19.974390927673994 35.73369691956965
    endloop
  endfacet
  facet normal 1 0 0
    outer loop
      vertex 3.2164343138951823 18.8 31.860305541876308
      vertex 3.2164343138951823 19.11358538980296 41.999999999999986
      vertex 3.2164343138951823 18.8 41.999999999999986
    endloop
  endfacet
  facet normal 0.9781476007338069 -0.20791169081775393 0
    outer loop
      vertex 3.2164343138951823 19.11358538980296 31.860305541876308
      vertex 3.241085784737952 19.229561441772788 41.999999999999986
      vertex 3.2164343138951823 19.11358538980296 41.999999999999986
    endloop
  endfacet
  facet normal 0.9781476007338068 -0.207911690817754 1.2942128432846586e-18
    outer loop
      vertex 3.2164343138951823 19.11358538980296 31.860305541876308
      vertex 3.241085784737952 19.229561441772788 41.216036525492584
      vertex 3.241085784737952 19.229561441772788 41.999999999999986
    endloop
  endfacet
  facet normal 0.49999999999999983 -0.8660254037844387 3.615475431113079e-16
    outer loop
      vertex 4.4494751769315 21.234458926213374 31.148409067680486
      vertex 4.777394805709606 21.423783412160976 31.041861521509095
      vertex 4.774637686984783 21.422191588923013 34.84872051184133
    endloop
  endfacet
  facet normal 0.8090169943749465 -0.5877852522924745 -2.145818751537319e-18
    outer loop
      vertex 3.601923788646684 20.299999999999997 31.637743089858763
      vertex 3.970565523567818 20.80739181907657 31.424907684967515
      vertex 3.970565523567818 20.80739181907657 38.77612052138231
    endloop
  endfacet
  facet normal 0.8090169943749466 -0.5877852522924746 0
    outer loop
      vertex 3.601923788646684 20.299999999999997 31.637743089858763
      vertex 3.970565523567818 20.80739181907657 38.77612052138231
      vertex 3.601923788646684 20.299999999999997 39.60410341441103
    endloop
  endfacet
  facet normal 0.6691306063588458 -0.7431448254774053 1.5763288064414391e-15
    outer loop
      vertex 3.970565523567818 20.80739181907657 31.424907684967515
      vertex 4.436644243122584 21.22705098312484 37.93090681196274
      vertex 4.087687497592264 20.912848918164332 34.837453842483754
    endloop
  endfacet
  facet normal 0.669130606358858 -0.7431448254773945 -2.4807032984248528e-18
    outer loop
      vertex 3.970565523567818 20.80739181907657 31.424907684967515
      vertex 4.436644243122584 21.22705098312484 31.155817010769017
      vertex 4.436644243122584 21.22705098312484 37.93090681196274
    endloop
  endfacet
  facet normal 0.5000000000000945 -0.8660254037843841 0
    outer loop
      vertex 4.436644243122584 21.22705098312484 31.155817010769017
      vertex 4.4494751769315 21.234458926213374 31.148409067680486
      vertex 4.436644243122584 21.22705098312484 37.93090681196274
    endloop
  endfacet
  facet normal 0.5000000000000012 -0.8660254037844379 1.966489484401211e-16
    outer loop
      vertex 4.4494751769315 21.234458926213374 31.148409067680486
      vertex 4.774637686984783 21.422191588923013 34.84872051184133
      vertex 4.70386997339864 21.38133383043412 36.37599166874203
    endloop
  endfacet
  facet normal 0.6691306063588712 -0.7431448254773825 0
    outer loop
      vertex 3.970565523567818 20.80739181907657 31.424907684967515
      vertex 4.087687497592264 20.912848918164332 34.837453842483754
      vertex 3.970565523567818 20.80739181907657 38.77612052138231
    endloop
  endfacet
  facet normal 0.5000000000000077 -0.8660254037844342 -2.1902960556897508e-16
    outer loop
      vertex 4.4494751769315 21.234458926213374 31.148409067680486
      vertex 4.70386997339864 21.38133383043412 36.37599166874203
      vertex 4.436644243122584 21.22705098312484 37.93090681196274
    endloop
  endfacet
  facet normal 0.9135454576425851 -0.4067366430758357 3.0181203491757435e-15
    outer loop
      vertex 3.4569532894504436 19.974390927673994 35.73369691956965
      vertex 3.601923788646684 20.299999999999997 39.60410341441103
      vertex 3.584499958216516 20.260865436111573 39.64323797829945
    endloop
  endfacet
  facet normal 0.6691306063588712 -0.7431448254773825 0
    outer loop
      vertex 4.087687497592264 20.912848918164332 34.837453842483754
      vertex 4.087687497592264 20.912848918164332 38.51306026069115
      vertex 3.970565523567818 20.80739181907657 38.77612052138231
    endloop
  endfacet
  facet normal 0.6691306063588459 -0.7431448254774053 1.5754766975208434e-15
    outer loop
      vertex 4.087687497592264 20.912848918164332 34.837453842483754
      vertex 4.436644243122584 21.22705098312484 37.93090681196274
      vertex 4.320726857369647 21.122678500188467 38.090453405981364
    endloop
  endfacet
  facet normal 0.5000000000000139 -0.8660254037844306 1.2087388361612985e-15
    outer loop
      vertex 4.70386997339864 21.38133383043412 36.37599166874203
      vertex 4.614935395023989 21.32998742766925 37.68551009390566
      vertex 4.436644243122584 21.22705098312484 37.93090681196274
    endloop
  endfacet
  facet normal 0.10452846326766299 -0.9945218953682723 6.916454369745717e-16
    outer loop
      vertex 5.576264927546721 21.734442802201414 30.782292884192234
      vertex 5.8328797297364705 21.761414104743423 30.69891368061587
      vertex 5.882514981891172 21.766630979963363 31.446568296221507
    endloop
  endfacet
  facet normal 0.3090169943749378 -0.9510565162951566 1.1675764443842828e-15
    outer loop
      vertex 5.27802749915966 21.63753958756461 30.87919609882904
      vertex 5.576264927546721 21.734442802201414 30.782292884192234
      vertex 5.576264927546721 21.734442802201418 33.67938278497848
    endloop
  endfacet
  facet normal 0.10452846326766967 -0.9945218953682716 -2.407507303708174e-15
    outer loop
      vertex 5.576264927546721 21.734442802201414 30.782292884192234
      vertex 5.882514981891172 21.766630979963363 31.446568296221507
      vertex 6.070331159433403 21.78637125567446 33.33937604922692
    endloop
  endfacet
  facet normal 0.10452846326763418 -0.9945218953682755 1.2195864341602168e-15
    outer loop
      vertex 5.576264927546721 21.734442802201414 30.782292884192234
      vertex 5.758969584442727 21.753645835443947 34.36349118034172
      vertex 5.576264927546721 21.734442802201418 33.67938278497848
    endloop
  endfacet
  facet normal 0.10452846326763693 -0.9945218953682752 0
    outer loop
      vertex 6.070331159433403 21.78637125567446 30.650264250170906
      vertex 6.2 21.799999999999997 30.63663550584537
      vertex 6.070331159433403 21.78637125567446 33.33937604922692
    endloop
  endfacet
  facet normal 0.10452846326765551 -0.9945218953682732 1.184426923084036e-16
    outer loop
      vertex 5.576264927546721 21.734442802201414 30.782292884192234
      vertex 5.896646029636791 21.768116212930167 35.285651377652975
      vertex 5.758969584442727 21.753645835443947 34.36349118034172
    endloop
  endfacet
  facet normal 0.10452846326766416 -0.9945218953682722 -1.334713974387183e-15
    outer loop
      vertex 5.576264927546721 21.734442802201414 30.782292884192234
      vertex 6.070331159433403 21.78637125567446 33.33937604922692
      vertex 6.2 21.799999999999997 36.01485910395739
    endloop
  endfacet
  facet normal 0.10452846326764706 -0.994521895368274 7.278112363566897e-16
    outer loop
      vertex 5.576264927546721 21.734442802201414 30.782292884192234
      vertex 6.2 21.799999999999997 36.01485910395739
      vertex 5.896646029636791 21.768116212930167 35.285651377652975
    endloop
  endfacet
  facet normal 0.10452846326764213 -0.9945218953682745 2.798531127320038e-15
    outer loop
      vertex 5.896646029636791 21.768116212930167 35.285651377652975
      vertex 6.2 21.799999999999997 36.01485910395739
      vertex 6.004547435057703 21.779457107631025 36.19084538389982
    endloop
  endfacet
  facet normal 0.10452846326763693 -0.9945218953682752 0
    outer loop
      vertex 6.2 21.799999999999997 30.63663550584537
      vertex 6.2 21.799999999999997 36.01485910395739
      vertex 6.070331159433403 21.78637125567446 33.33937604922692
    endloop
  endfacet
  facet normal 1 0 0
    outer loop
      vertex 3.2164343138951823 18.8 41.999999999999986
      vertex 3.2164343138951823 19.11358538980296 41.999999999999986
      vertex 3.2164343138951823 18.880187252289346 117.69999999999999
    endloop
  endfacet
  facet normal 1 0 0
    outer loop
      vertex 3.2164343138951823 18.8 41.999999999999986
      vertex 3.2164343138951823 18.880187252289346 117.69999999999999
      vertex 3.2164343138951823 18.8 117.69999999999999
    endloop
  endfacet
  facet normal 0 0 1
    outer loop
      vertex 5.770438558227217 3.24108578473795 11.5
      vertex 5.886414610197041 3.2164343138951805 11.5
      vertex 72.1909051298846 3.24108578473795 11.5
    endloop
  endfacet
  facet normal 0 0 1
    outer loop
      vertex 6.2 3.2 11.5
      vertex 71.8 3.2 11.5
      vertex 6.2 3.2164343138951805 11.5
    endloop
  endfacet
  facet normal 0 0 1
    outer loop
      vertex 5.886414610197041 3.2164343138951805 11.5
      vertex 6.2 3.2164343138951805 11.5
      vertex 72.1909051298846 3.24108578473795 11.5
    endloop
  endfacet
  facet normal 0 0 1
    outer loop
      vertex 6.2 3.2164343138951805 11.5
      vertex 71.8 3.2 11.5
      vertex 72.1909051298846 3.24108578473795 11.5
    endloop
  endfacet
  facet normal 0 0 1
    outer loop
      vertex 5.809094870115406 21.75891421526205 11.5
      vertex 71.8 21.78356568610482 11.5
      vertex 6.2 21.8 11.5
    endloop
  endfacet
  facet normal 0 0 1
    outer loop
      vertex 5.809094870115406 21.75891421526205 11.5
      vertex 72.11358538980296 21.78356568610482 11.5
      vertex 71.8 21.78356568610482 11.5
    endloop
  endfacet
  facet normal 0 0 1
    outer loop
      vertex 6.2 21.8 11.5
      vertex 71.8 21.78356568610482 11.5
      vertex 71.8 21.8 11.5
    endloop
  endfacet
  facet normal 0 0 1
    outer loop
      vertex 5.809094870115406 21.75891421526205 11.5
      vertex 72.22956144177279 21.75891421526205 11.5
      vertex 72.11358538980296 21.78356568610482 11.5
    endloop
  endfacet
  facet normal 0 0 1
    outer loop
      vertex 5.886414610197041 -9.283565686104819 41.999999999999986
      vertex 72.1909051298846 -9.258914215262049 41.999999999999986
      vertex 5.770438558227217 -9.258914215262049 41.999999999999986
    endloop
  endfacet
  facet normal 0 0 1
    outer loop
      vertex 6.2 -9.3 41.999999999999986
      vertex 71.8 -9.3 41.999999999999986
      vertex 6.2 -9.283565686104819 41.999999999999986
    endloop
  endfacet
  facet normal 0 0 1
    outer loop
      vertex 5.886414610197041 -9.283565686104819 41.999999999999986
      vertex 6.2 -9.283565686104819 41.999999999999986
      vertex 72.1909051298846 -9.258914215262049 41.999999999999986
    endloop
  endfacet
  facet normal 0 0 1
    outer loop
      vertex 6.2 -9.283565686104819 41.999999999999986
      vertex 71.8 -9.3 41.999999999999986
      vertex 72.1909051298846 -9.258914215262049 41.999999999999986
    endloop
  endfacet
  facet normal 7.699811358231637e-16 0.9135454576425843 0.40673664307583735
    outer loop
      vertex 4.7 3.601923788646684 9.104103414411043
      vertex 4.7782691277768565 3.567076127786348 9.182372542187892
      vertex 73.91259476646532 4.087405233534677 8.013694236144445
    endloop
  endfacet
  facet normal 0 0.978147600733806 0.20791169081775732
    outer loop
      vertex 5.770438558227217 3.24108578473795 10.716036525492598
      vertex 72.1909051298846 3.24108578473795 10.716036525492598
      vertex 5.272949016875157 3.3468304511145393 10.218546984140538
    endloop
  endfacet
  facet normal 0 0.9781476007338057 0.2079116908177596
    outer loop
      vertex 4.7782691277768565 3.567076127786348 9.182372542187892
      vertex 5.272949016875157 3.3468304511145393 10.218546984140538
      vertex 73.2067734530746 3.567076127786348 9.182372542187892
    endloop
  endfacet
  facet normal 0 1 0
    outer loop
      vertex 5.770438558227217 3.24108578473795 10.716036525492598
      vertex 5.770438558227217 3.24108578473795 11.5
      vertex 72.1909051298846 3.24108578473795 11.5
    endloop
  endfacet
  facet normal 0 0.8090169943749486 0.5877852522924716
    outer loop
      vertex 4.20480947161671 4.20480947161671 7.75
      vertex 73.79519052838329 4.20480947161671 7.75
      vertex 5.1264138089195415 5.126413808919543 6.481520452308558
    endloop
  endfacet
  facet normal 0 0.6691306063588572 0.7431448254773951
    outer loop
      vertex 5.1264138089195415 5.126413808919543 6.481520452308558
      vertex 72.87358619108046 5.126413808919543 6.481520452308558
      vertex 6.291610607806452 6.291610607806452 5.432372542187892
    endloop
  endfacet
  facet normal 6.985909357269006e-17 0.9135454576425988 0.40673664307580515
    outer loop
      vertex 4.087405233534679 4.087405233534677 8.01369423614446
      vertex 4.192608180923426 3.970565523567818 8.276120521382325
      vertex 73.79519052838329 4.20480947161671 7.75
    endloop
  endfacet
  facet normal 6.766803955394845e-20 0.9135454576426056 0.4067366430757897
    outer loop
      vertex 4.087405233534679 4.087405233534677 8.01369423614446
      vertex 73.79519052838329 4.20480947161671 7.75
      vertex 4.20480947161671 4.20480947161671 7.75
    endloop
  endfacet
  facet normal 2.0393328218403426e-17 0.9135454576426011 0.4067366430757997
    outer loop
      vertex 4.7 3.601923788646684 9.104103414411043
      vertex 73.79519052838329 4.20480947161671 7.75
      vertex 4.192608180923426 3.970565523567818 8.276120521382325
    endloop
  endfacet
  facet normal 0 0.5000000000000007 0.8660254037844384
    outer loop
      vertex 6.291610607806452 6.291610607806452 5.432372542187892
      vertex 71.70838939219355 6.291610607806452 5.432372542187892
      vertex 7.6494751769315 7.649475176931499 4.64840906768049
    endloop
  endfacet
  facet normal 0 0.3090169943749495 0.9510565162951529
    outer loop
      vertex 7.6494751769315 7.649475176931499 4.64840906768049
      vertex 70.3505248230685 7.649475176931499 4.64840906768049
      vertex 9.140662318866806 9.140662318866806 4.16389299449645
    endloop
  endfacet
  facet normal 0 0.10452846326764886 0.9945218953682738
    outer loop
      vertex 9.140662318866806 9.140662318866806 4.16389299449645
      vertex 68.8593376811332 9.140662318866806 4.16389299449645
      vertex 10.7 10.7 4
    endloop
  endfacet
  facet normal 2.479130886494269e-17 0.9781476007338067 0.20791169081775418
    outer loop
      vertex 5.272949016875157 3.3468304511145393 10.218546984140538
      vertex 72.1909051298846 3.24108578473795 10.716036525492598
      vertex 72.42373507245328 3.265557197798583 10.600907578786057
    endloop
  endfacet
  facet normal 0 0.9135454576425994 0.4067366430758039
    outer loop
      vertex 4.7782691277768565 3.567076127786348 9.182372542187892
      vertex 73.2067734530746 3.567076127786348 9.182372542187892
      vertex 73.56335575687741 3.772949016875157 8.719974462544528
    endloop
  endfacet
  facet normal -6.022891371974973e-17 0.9135454576426025 0.40673664307579643
    outer loop
      vertex 4.7782691277768565 3.567076127786348 9.182372542187892
      vertex 73.56335575687741 3.772949016875157 8.719974462544528
      vertex 73.91259476646532 4.087405233534677 8.013694236144445
    endloop
  endfacet
  facet normal 1.44146378161472e-17 0.9781476007338054 0.20791169081776045
    outer loop
      vertex 5.272949016875157 3.3468304511145393 10.218546984140538
      vertex 73.02020992922739 3.4593636270721975 9.6891200162149
      vertex 73.2067734530746 3.567076127786348 9.182372542187892
    endloop
  endfacet
  facet normal 0 1 0
    outer loop
      vertex 5.770438558227217 3.24108578473795 10.716036525492598
      vertex 72.1909051298846 3.24108578473795 11.5
      vertex 72.1909051298846 3.24108578473795 10.716036525492598
    endloop
  endfacet
  facet normal -1.4335087432199234e-18 0.9781476007338058 0.20791169081775857
    outer loop
      vertex 5.272949016875157 3.3468304511145393 10.218546984140538
      vertex 72.42373507245328 3.265557197798583 10.600907578786057
      vertex 73.02020992922739 3.4593636270721975 9.6891200162149
    endloop
  endfacet
  facet normal 0 0.8090169943749485 0.5877852522924716
    outer loop
      vertex 5.1264138089195415 5.126413808919543 6.481520452308558
      vertex 73.79519052838329 4.20480947161671 7.75
      vertex 72.87358619108046 5.126413808919543 6.481520452308558
    endloop
  endfacet
  facet normal 0 0.6691306063588572 0.7431448254773952
    outer loop
      vertex 6.291610607806452 6.291610607806452 5.432372542187892
      vertex 72.87358619108046 5.126413808919543 6.481520452308558
      vertex 71.70838939219355 6.291610607806452 5.432372542187892
    endloop
  endfacet
  facet normal 2.1421182771370543e-16 0.9135454576425973 0.40673664307580804
    outer loop
      vertex 4.7 3.601923788646684 9.104103414411043
      vertex 73.91259476646532 4.087405233534677 8.013694236144445
      vertex 73.79519052838329 4.20480947161671 7.75
    endloop
  endfacet
  facet normal 0 0.5000000000000006 0.8660254037844384
    outer loop
      vertex 7.6494751769315 7.649475176931499 4.64840906768049
      vertex 71.70838939219355 6.291610607806452 5.432372542187892
      vertex 70.3505248230685 7.649475176931499 4.64840906768049
    endloop
  endfacet
  facet normal 0 0.30901699437494956 0.9510565162951529
    outer loop
      vertex 9.140662318866806 9.140662318866806 4.16389299449645
      vertex 70.3505248230685 7.649475176931499 4.64840906768049
      vertex 68.8593376811332 9.140662318866806 4.16389299449645
    endloop
  endfacet
  facet normal 0 0.10452846326764884 0.9945218953682737
    outer loop
      vertex 10.7 10.7 4
      vertex 68.8593376811332 9.140662318866806 4.16389299449645
      vertex 67.3 10.7 4
    endloop
  endfacet
  facet normal 0 -0.1045284632676486 0.994521895368274
    outer loop
      vertex 10.7 14.3 4
      vertex 67.3 14.3 4
      vertex 9.140662318866806 15.859337681133198 4.16389299449645
    endloop
  endfacet
  facet normal 0 -0.3090169943749497 0.9510565162951529
    outer loop
      vertex 9.140662318866806 15.859337681133198 4.16389299449645
      vertex 68.8593376811332 15.859337681133198 4.16389299449645
      vertex 7.6494751769315 17.350524823068504 4.64840906768049
    endloop
  endfacet
  facet normal 0 -0.5000000000000011 0.866025403784438
    outer loop
      vertex 7.6494751769315 17.350524823068504 4.64840906768049
      vertex 70.3505248230685 17.350524823068504 4.64840906768049
      vertex 6.291610607806452 18.70838939219355 5.432372542187892
    endloop
  endfacet
  facet normal 0 -0.6691306063588567 0.7431448254773957
    outer loop
      vertex 6.291610607806452 18.70838939219355 5.432372542187892
      vertex 71.70838939219355 18.70838939219355 5.432372542187892
      vertex 5.1264138089195415 19.87358619108046 6.481520452308558
    endloop
  endfacet
  facet normal 0 -0.809016994374949 0.5877852522924709
    outer loop
      vertex 5.1264138089195415 19.87358619108046 6.481520452308558
      vertex 72.87358619108046 19.87358619108046 6.481520452308558
      vertex 4.20480947161671 20.79519052838329 7.75
    endloop
  endfacet
  facet normal -9.431389972715373e-17 -0.9135454576425998 0.4067366430758029
    outer loop
      vertex 4.20480947161671 20.79519052838329 7.75
      vertex 73.3 21.398076211353317 9.104103414411043
      vertex 4.087405233534679 20.912594766465322 8.013694236144445
    endloop
  endfacet
  facet normal 4.493230710018929e-17 -0.9135454576426018 0.4067366430757984
    outer loop
      vertex 4.087405233534679 20.912594766465322 8.013694236144445
      vertex 73.22173087222315 21.432923872213653 9.182372542187892
      vertex 4.436644243122584 21.227050983124844 8.719974462544528
    endloop
  endfacet
  facet normal 1.116321164888271e-19 -0.9135454576425994 0.4067366430758039
    outer loop
      vertex 4.436644243122584 21.227050983124844 8.719974462544528
      vertex 73.22173087222315 21.432923872213653 9.182372542187892
      vertex 4.793226546925394 21.432923872213653 9.182372542187892
    endloop
  endfacet
  facet normal -1.4139494640976816e-17 -0.9781476007338054 0.20791169081776048
    outer loop
      vertex 4.793226546925394 21.432923872213653 9.182372542187892
      vertex 72.72705098312484 21.65316954888546 10.218546984140538
      vertex 4.979790070772599 21.540636372927803 9.6891200162149
    endloop
  endfacet
  facet normal 1.5057922294669525e-18 -0.9781476007338058 0.20791169081775854
    outer loop
      vertex 4.979790070772599 21.540636372927803 9.6891200162149
      vertex 72.72705098312484 21.65316954888546 10.218546984140538
      vertex 5.576264927546721 21.734442802201418 10.600907578786057
    endloop
  endfacet
  facet normal 0 -1 0
    outer loop
      vertex 5.809094870115406 21.75891421526205 10.716036525492598
      vertex 72.22956144177279 21.75891421526205 10.716036525492598
      vertex 5.809094870115406 21.75891421526205 11.5
    endloop
  endfacet
  facet normal -1.0975160404159327e-16 -0.9781476007338097 0.20791169081773986
    outer loop
      vertex 5.576264927546721 21.734442802201418 10.600907578786057
      vertex 72.72705098312484 21.65316954888546 10.218546984140538
      vertex 5.809094870115406 21.75891421526205 10.716036525492598
    endloop
  endfacet
  facet normal 0 -0.10452846326764863 0.9945218953682738
    outer loop
      vertex 9.140662318866806 15.859337681133198 4.16389299449645
      vertex 67.3 14.3 4
      vertex 68.8593376811332 15.859337681133198 4.16389299449645
    endloop
  endfacet
  facet normal 0 -0.3090169943749497 0.9510565162951529
    outer loop
      vertex 7.6494751769315 17.350524823068504 4.64840906768049
      vertex 68.8593376811332 15.859337681133198 4.16389299449645
      vertex 70.3505248230685 17.350524823068504 4.64840906768049
    endloop
  endfacet
  facet normal 0 -0.5000000000000011 0.8660254037844379
    outer loop
      vertex 6.291610607806452 18.70838939219355 5.432372542187892
      vertex 70.3505248230685 17.350524823068504 4.64840906768049
      vertex 71.70838939219355 18.70838939219355 5.432372542187892
    endloop
  endfacet
  facet normal 0 -0.6691306063588567 0.7431448254773957
    outer loop
      vertex 5.1264138089195415 19.87358619108046 6.481520452308558
      vertex 71.70838939219355 18.70838939219355 5.432372542187892
      vertex 72.87358619108046 19.87358619108046 6.481520452308558
    endloop
  endfacet
  facet normal 0 -0.8090169943749491 0.5877852522924708
    outer loop
      vertex 4.20480947161671 20.79519052838329 7.75
      vertex 72.87358619108046 19.87358619108046 6.481520452308558
      vertex 73.79519052838329 20.79519052838329 7.75
    endloop
  endfacet
  facet normal -2.053222059519007e-17 -0.9135454576426011 0.4067366430757997
    outer loop
      vertex 4.20480947161671 20.79519052838329 7.75
      vertex 73.80739181907657 21.029434476432183 8.276120521382325
      vertex 73.3 21.398076211353317 9.104103414411043
    endloop
  endfacet
  facet normal -7.447610715442477e-16 -0.9135454576425842 0.4067366430758376
    outer loop
      vertex 4.087405233534679 20.912594766465322 8.013694236144445
      vertex 73.3 21.398076211353317 9.104103414411043
      vertex 73.22173087222315 21.432923872213653 9.182372542187892
    endloop
  endfacet
  facet normal 0 -0.9135454576426079 0.4067366430757846
    outer loop
      vertex 4.20480947161671 20.79519052838329 7.75
      vertex 73.79519052838329 20.79519052838329 7.75
      vertex 73.91259476646532 20.912594766465322 8.01369423614446
    endloop
  endfacet
  facet normal -1.1650244525570342e-16 -0.9135454576425963 0.4067366430758103
    outer loop
      vertex 4.20480947161671 20.79519052838329 7.75
      vertex 73.91259476646532 20.912594766465322 8.01369423614446
      vertex 73.80739181907657 21.029434476432183 8.276120521382325
    endloop
  endfacet
  facet normal 0 -0.9781476007338057 0.2079116908177596
    outer loop
      vertex 4.793226546925394 21.432923872213653 9.182372542187892
      vertex 73.22173087222315 21.432923872213653 9.182372542187892
      vertex 72.72705098312484 21.65316954888546 10.218546984140538
    endloop
  endfacet
  facet normal 0 -0.9781476007338068 0.207911690817754
    outer loop
      vertex 5.809094870115406 21.75891421526205 10.716036525492598
      vertex 72.72705098312484 21.65316954888546 10.218546984140538
      vertex 72.22956144177279 21.75891421526205 10.716036525492598
    endloop
  endfacet
  facet normal 0 -1 0
    outer loop
      vertex 5.809094870115406 21.75891421526205 11.5
      vertex 72.22956144177279 21.75891421526205 10.716036525492598
      vertex 72.22956144177279 21.75891421526205 11.5
    endloop
  endfacet
  facet normal 0 0.9781476007338058 0.2079116908177582
    outer loop
      vertex 4.7782691277768565 -8.932923872213653 39.68237254218788
      vertex 5.272949016875157 -9.153169548885462 40.71854698414053
      vertex 73.2067734530746 -8.932923872213653 39.68237254218788
    endloop
  endfacet
  facet normal 2.0611188869662532e-17 0.9135454576426011 0.4067366430757997
    outer loop
      vertex 4.192608180923426 -8.529434476432183 38.77612052138231
      vertex 4.7 -8.898076211353317 39.60410341441103
      vertex 73.79519052838329 -8.29519052838329 38.249999999999986
    endloop
  endfacet
  facet normal 7.469409472609088e-16 0.9135454576425843 0.40673664307583735
    outer loop
      vertex 4.7 -8.898076211353317 39.60410341441103
      vertex 4.7782691277768565 -8.932923872213653 39.68237254218788
      vertex 73.91259476646532 -8.412594766465322 38.51369423614443
    endloop
  endfacet
  facet normal -5.626047114626942e-20 0.9781476007338062 0.20791169081775687
    outer loop
      vertex 5.272949016875157 -9.153169548885462 40.71854698414053
      vertex 5.770438558227217 -9.258914215262049 41.216036525492584
      vertex 72.1909051298846 -9.258914215262049 41.216036525492584
    endloop
  endfacet
  facet normal 0 1 0
    outer loop
      vertex 5.770438558227217 -9.258914215262049 41.216036525492584
      vertex 5.770438558227217 -9.258914215262049 41.999999999999986
      vertex 72.1909051298846 -9.258914215262049 41.999999999999986
    endloop
  endfacet
  facet normal -4.960781553633069e-17 0.9135454576426045 0.40673664307579194
    outer loop
      vertex 4.087405233534679 -8.412594766465322 38.51369423614443
      vertex 4.192608180923426 -8.529434476432183 38.77612052138231
      vertex 73.79519052838329 -8.29519052838329 38.249999999999986
    endloop
  endfacet
  facet normal 5.0259343704728346e-20 0.9135454576425998 0.40673664307580293
    outer loop
      vertex 4.087405233534679 -8.412594766465322 38.51369423614443
      vertex 73.79519052838329 -8.29519052838329 38.249999999999986
      vertex 4.20480947161671 -8.29519052838329 38.249999999999986
    endloop
  endfacet
  facet normal 0 0.8090169943749451 0.5877852522924762
    outer loop
      vertex 4.20480947161671 -8.29519052838329 38.249999999999986
      vertex 73.79519052838329 -8.29519052838329 38.249999999999986
      vertex 5.1264138089195415 -7.373586191080457 36.98152045230856
    endloop
  endfacet
  facet normal -6.020084133572941e-20 0.6691306063588622 0.7431448254773906
    outer loop
      vertex 6.291610607806452 -6.208389392193548 35.93237254218788
      vertex 5.1264138089195415 -7.373586191080457 36.98152045230856
      vertex 72.87358619108046 -7.373586191080457 36.98152045230856
    endloop
  endfacet
  facet normal 0 0.4999999999999938 0.8660254037844421
    outer loop
      vertex 6.291610607806452 -6.208389392193548 35.93237254218788
      vertex 71.70838939219355 -6.208389392193548 35.93237254218788
      vertex 7.6494751769315 -4.850524823068501 35.14840906768049
    endloop
  endfacet
  facet normal 0 0.3090169943749495 0.9510565162951529
    outer loop
      vertex 7.6494751769315 -4.850524823068501 35.14840906768049
      vertex 70.3505248230685 -4.850524823068501 35.14840906768049
      vertex 9.140662318866806 -3.3593376811331943 34.66389299449645
    endloop
  endfacet
  facet normal 0 0.10452846326765781 0.994521895368273
    outer loop
      vertex 9.140662318866806 -3.3593376811331943 34.66389299449645
      vertex 68.8593376811332 -3.3593376811331943 34.66389299449645
      vertex 10.7 -1.8000000000000007 34.499999999999986
    endloop
  endfacet
  facet normal 0 0.9135454576425994 0.4067366430758039
    outer loop
      vertex 4.7782691277768565 -8.932923872213653 39.68237254218788
      vertex 73.2067734530746 -8.932923872213653 39.68237254218788
      vertex 73.56335575687741 -8.727050983124844 39.21997446254451
    endloop
  endfacet
  facet normal 3.597995596491329e-17 0.9781476007338054 0.20791169081776045
    outer loop
      vertex 5.272949016875157 -9.153169548885462 40.71854698414053
      vertex 73.02020992922739 -9.040636372927803 40.189120016214886
      vertex 73.2067734530746 -8.932923872213653 39.68237254218788
    endloop
  endfacet
  facet normal -4.45189080977075e-17 0.9135454576426018 0.4067366430757984
    outer loop
      vertex 4.7782691277768565 -8.932923872213653 39.68237254218788
      vertex 73.56335575687741 -8.727050983124844 39.21997446254451
      vertex 73.91259476646532 -8.412594766465322 38.51369423614443
    endloop
  endfacet
  facet normal 9.46504859652636e-17 0.9135454576425996 0.40673664307580304
    outer loop
      vertex 4.7 -8.898076211353317 39.60410341441103
      vertex 73.91259476646532 -8.412594766465322 38.51369423614443
      vertex 73.79519052838329 -8.29519052838329 38.249999999999986
    endloop
  endfacet
  facet normal 3.770990472641565e-17 0.9781476007338071 0.20791169081775207
    outer loop
      vertex 5.272949016875157 -9.153169548885462 40.71854698414053
      vertex 72.1909051298846 -9.258914215262049 41.216036525492584
      vertex 72.42373507245328 -9.234442802201418 41.10090757878605
    endloop
  endfacet
  facet normal 7.757914353117633e-18 0.9781476007338061 0.20791169081775698
    outer loop
      vertex 5.272949016875157 -9.153169548885462 40.71854698414053
      vertex 72.42373507245328 -9.234442802201418 41.10090757878605
      vertex 73.02020992922739 -9.040636372927803 40.189120016214886
    endloop
  endfacet
  facet normal 0 1 0
    outer loop
      vertex 5.770438558227217 -9.258914215262049 41.216036525492584
      vertex 72.1909051298846 -9.258914215262049 41.999999999999986
      vertex 72.1909051298846 -9.258914215262049 41.216036525492584
    endloop
  endfacet
  facet normal 0 0.8090169943749451 0.5877852522924762
    outer loop
      vertex 5.1264138089195415 -7.373586191080457 36.98152045230856
      vertex 73.79519052838329 -8.29519052838329 38.249999999999986
      vertex 72.87358619108046 -7.373586191080457 36.98152045230856
    endloop
  endfacet
  facet normal 0 0.6691306063588622 0.7431448254773907
    outer loop
      vertex 6.291610607806452 -6.208389392193548 35.93237254218788
      vertex 72.87358619108046 -7.373586191080457 36.98152045230856
      vertex 71.70838939219355 -6.208389392193548 35.93237254218788
    endloop
  endfacet
  facet normal 0 0.4999999999999938 0.8660254037844421
    outer loop
      vertex 7.6494751769315 -4.850524823068501 35.14840906768049
      vertex 71.70838939219355 -6.208389392193548 35.93237254218788
      vertex 70.3505248230685 -4.850524823068501 35.14840906768049
    endloop
  endfacet
  facet normal 0 0.30901699437494956 0.9510565162951529
    outer loop
      vertex 9.140662318866806 -3.3593376811331943 34.66389299449645
      vertex 70.3505248230685 -4.850524823068501 35.14840906768049
      vertex 68.8593376811332 -3.3593376811331943 34.66389299449645
    endloop
  endfacet
  facet normal 0 0.10452846326765783 0.994521895368273
    outer loop
      vertex 10.7 -1.8000000000000007 34.499999999999986
      vertex 68.8593376811332 -3.3593376811331943 34.66389299449645
      vertex 67.3 -1.8000000000000007 34.499999999999986
    endloop
  endfacet
  facet normal 0 0 1
    outer loop
      vertex 3.241085784737952 5.80909487011539 11.5
      vertex 3.2164343138951823 18.8 11.5
      vertex 3.2 6.2 11.5
    endloop
  endfacet
  facet normal 0 0 1
    outer loop
      vertex 3.241085784737952 5.80909487011539 11.5
      vertex 3.2164343138951823 19.11358538980296 11.5
      vertex 3.2164343138951823 18.8 11.5
    endloop
  endfacet
  facet normal 0 0 1
    outer loop
      vertex 3.2 6.2 11.5
      vertex 3.2164343138951823 18.8 11.5
      vertex 3.2 18.8 11.5
    endloop
  endfacet
  facet normal 0 0 1
    outer loop
      vertex 3.241085784737952 5.80909487011539 11.5
      vertex 3.241085784737952 19.229561441772788 11.5
      vertex 3.2164343138951823 19.11358538980296 11.5
    endloop
  endfacet
  facet normal 0 0 1
    outer loop
      vertex 74.75891421526204 5.770438558227213 11.5
      vertex 74.78356568610481 5.88641461019704 11.5
      vertex 74.75891421526204 19.190905129884612 11.5
    endloop
  endfacet
  facet normal 0 0 1
    outer loop
      vertex 74.78356568610481 6.2 11.5
      vertex 74.8 6.2 11.5
      vertex 74.8 18.8 11.5
    endloop
  endfacet
  facet normal 0 0 1
    outer loop
      vertex 74.78356568610481 5.88641461019704 11.5
      vertex 74.78356568610481 6.2 11.5
      vertex 74.75891421526204 19.190905129884612 11.5
    endloop
  endfacet
  facet normal 0 0 1
    outer loop
      vertex 74.78356568610481 6.2 11.5
      vertex 74.8 18.8 11.5
      vertex 74.75891421526204 19.190905129884612 11.5
    endloop
  endfacet
  facet normal 0.9135454576426035 2.6216577777990833e-14 0.4067366430757943
    outer loop
      vertex 4.087405233534679 4.087405233534677 8.01369423614446
      vertex 4.20480947161671 4.20480947161671 7.75
      vertex 3.772949016875157 4.43664424312258 8.719974462544528
    endloop
  endfacet
  facet normal 0.8090169943749491 0 0.5877852522924708
    outer loop
      vertex 4.20480947161671 4.20480947161671 7.75
      vertex 5.1264138089195415 5.126413808919543 6.481520452308558
      vertex 4.20480947161671 20.79519052838329 7.75
    endloop
  endfacet
  facet normal 0.9135454576425993 1.653193775899239e-16 0.40673664307580376
    outer loop
      vertex 3.567076127786348 4.793226546925392 9.182372542187892
      vertex 3.772949016875157 4.43664424312258 8.719974462544528
      vertex 3.601923788646684 20.3 9.104103414411028
    endloop
  endfacet
  facet normal 0.9781476007338055 -1.6828398504891376e-16 0.2079116908177605
    outer loop
      vertex 3.567076127786348 4.793226546925392 9.182372542187892
      vertex 3.3468304511145393 19.727050983124844 10.218546984140545
      vertex 3.4593636270721975 4.9797900707726 9.6891200162149
    endloop
  endfacet
  facet normal 0.978147600733806 -3.6822735262893006e-17 0.20791169081775698
    outer loop
      vertex 3.4593636270721975 4.9797900707726 9.6891200162149
      vertex 3.3468304511145393 19.727050983124844 10.218546984140545
      vertex 3.265557197798583 5.576264927546722 10.600907578786064
    endloop
  endfacet
  facet normal 0.9781476007338072 -1.7068527507234964e-16 0.20791169081775226
    outer loop
      vertex 3.265557197798583 5.576264927546722 10.600907578786064
      vertex 3.3468304511145393 19.727050983124844 10.218546984140545
      vertex 3.241085784737952 5.80909487011539 10.716036525492598
    endloop
  endfacet
  facet normal 0.9135454576426012 2.8735015898562166e-16 0.4067366430757995
    outer loop
      vertex 4.20480947161671 4.20480947161671 7.75
      vertex 3.601923788646684 20.3 9.104103414411028
      vertex 3.772949016875157 4.43664424312258 8.719974462544528
    endloop
  endfacet
  facet normal 1 0 0
    outer loop
      vertex 3.241085784737952 5.80909487011539 10.716036525492598
      vertex 3.241085784737952 19.229561441772788 11.5
      vertex 3.241085784737952 5.80909487011539 11.5
    endloop
  endfacet
  facet normal 0.6691306063588567 0 0.7431448254773956
    outer loop
      vertex 5.1264138089195415 5.126413808919543 6.481520452308558
      vertex 6.291610607806452 6.291610607806452 5.432372542187892
      vertex 5.1264138089195415 19.87358619108046 6.481520452308558
    endloop
  endfacet
  facet normal 0.5000000000000002 0 0.8660254037844387
    outer loop
      vertex 6.291610607806452 6.291610607806452 5.432372542187892
      vertex 7.6494751769315 7.649475176931499 4.64840906768049
      vertex 6.291610607806452 18.70838939219355 5.432372542187892
    endloop
  endfacet
  facet normal 0.3090169943749499 0 0.9510565162951528
    outer loop
      vertex 7.6494751769315 7.649475176931499 4.64840906768049
      vertex 9.140662318866806 9.140662318866806 4.16389299449645
      vertex 7.6494751769315 17.350524823068504 4.64840906768049
    endloop
  endfacet
  facet normal 0.10452846326764886 0 0.9945218953682738
    outer loop
      vertex 9.140662318866806 9.140662318866806 4.16389299449645
      vertex 10.7 10.7 4
      vertex 9.140662318866806 15.859337681133198 4.16389299449645
    endloop
  endfacet
  facet normal 0.5000000000000001 0 0.8660254037844387
    outer loop
      vertex 7.6494751769315 7.649475176931499 4.64840906768049
      vertex 7.6494751769315 17.350524823068504 4.64840906768049
      vertex 6.291610607806452 18.70838939219355 5.432372542187892
    endloop
  endfacet
  facet normal 0.3090169943749499 0 0.9510565162951528
    outer loop
      vertex 9.140662318866806 9.140662318866806 4.16389299449645
      vertex 9.140662318866806 15.859337681133198 4.16389299449645
      vertex 7.6494751769315 17.350524823068504 4.64840906768049
    endloop
  endfacet
  facet normal 0.8090169943749491 0 0.5877852522924708
    outer loop
      vertex 5.1264138089195415 5.126413808919543 6.481520452308558
      vertex 5.1264138089195415 19.87358619108046 6.481520452308558
      vertex 4.20480947161671 20.79519052838329 7.75
    endloop
  endfacet
  facet normal 0.9135454576426114 0 0.40673664307577645
    outer loop
      vertex 3.567076127786348 4.793226546925392 9.182372542187892
      vertex 3.601923788646684 20.3 9.104103414411028
      vertex 3.567076127786348 20.221730872223144 9.182372542187892
    endloop
  endfacet
  facet normal 0.9781476007338058 0 0.20791169081775818
    outer loop
      vertex 3.567076127786348 4.793226546925392 9.182372542187892
      vertex 3.567076127786348 20.221730872223144 9.182372542187892
      vertex 3.3468304511145393 19.727050983124844 10.218546984140545
    endloop
  endfacet
  facet normal 1 0 0
    outer loop
      vertex 3.241085784737952 5.80909487011539 10.716036525492598
      vertex 3.241085784737952 19.229561441772788 10.716036525492598
      vertex 3.241085784737952 19.229561441772788 11.5
    endloop
  endfacet
  facet normal 0.9781476007338061 0 0.20791169081775682
    outer loop
      vertex 3.241085784737952 5.80909487011539 10.716036525492598
      vertex 3.3468304511145393 19.727050983124844 10.218546984140545
      vertex 3.241085784737952 19.229561441772788 10.716036525492598
    endloop
  endfacet
  facet normal 0.9135454576426045 2.0547373041998162e-16 0.40673664307579205
    outer loop
      vertex 4.20480947161671 4.20480947161671 7.75
      vertex 4.087405233534679 20.912594766465322 8.013694236144445
      vertex 3.970565523567818 20.807391819076575 8.276120521382325
    endloop
  endfacet
  facet normal 0.9135454576425996 0 0.4067366430758029
    outer loop
      vertex 4.20480947161671 4.20480947161671 7.75
      vertex 4.20480947161671 20.79519052838329 7.75
      vertex 4.087405233534679 20.912594766465322 8.013694236144445
    endloop
  endfacet
  facet normal 0.9135454576425985 -3.007292342563021e-16 0.40673664307580537
    outer loop
      vertex 4.20480947161671 4.20480947161671 7.75
      vertex 3.970565523567818 20.807391819076575 8.276120521382325
      vertex 3.601923788646684 20.3 9.104103414411028
    endloop
  endfacet
  facet normal 0.6691306063588567 0 0.7431448254773957
    outer loop
      vertex 6.291610607806452 6.291610607806452 5.432372542187892
      vertex 6.291610607806452 18.70838939219355 5.432372542187892
      vertex 5.1264138089195415 19.87358619108046 6.481520452308558
    endloop
  endfacet
  facet normal 0.10452846326764886 0 0.994521895368274
    outer loop
      vertex 10.7 10.7 4
      vertex 10.7 14.3 4
      vertex 9.140662318866806 15.859337681133198 4.16389299449645
    endloop
  endfacet
  facet normal -0.10452846326764836 0 0.9945218953682738
    outer loop
      vertex 67.3 10.7 4
      vertex 68.8593376811332 9.140662318866806 4.16389299449645
      vertex 67.3 14.3 4
    endloop
  endfacet
  facet normal -0.30901699437495106 2.641791840748455e-18 0.9510565162951524
    outer loop
      vertex 70.3505248230685 7.649475176931499 4.64840906768049
      vertex 68.8593376811332 15.859337681133198 4.16389299449645
      vertex 68.8593376811332 9.140662318866806 4.16389299449645
    endloop
  endfacet
  facet normal -0.4999999999999981 0 0.8660254037844397
    outer loop
      vertex 70.3505248230685 7.649475176931499 4.64840906768049
      vertex 71.70838939219355 6.291610607806452 5.432372542187892
      vertex 70.3505248230685 17.350524823068504 4.64840906768049
    endloop
  endfacet
  facet normal -0.6691306063588567 -1.717778287427844e-18 0.7431448254773956
    outer loop
      vertex 72.87358619108046 5.126413808919543 6.481520452308558
      vertex 71.70838939219355 18.70838939219355 5.432372542187892
      vertex 71.70838939219355 6.291610607806452 5.432372542187892
    endloop
  endfacet
  facet normal -0.10452846326764838 -1.1804523813300109e-18 0.9945218953682738
    outer loop
      vertex 67.3 14.3 4
      vertex 68.8593376811332 9.140662318866806 4.16389299449645
      vertex 68.8593376811332 15.859337681133198 4.16389299449645
    endloop
  endfacet
  facet normal -0.30901699437495106 0 0.9510565162951524
    outer loop
      vertex 70.3505248230685 7.649475176931499 4.64840906768049
      vertex 70.3505248230685 17.350524823068504 4.64840906768049
      vertex 68.8593376811332 15.859337681133198 4.16389299449645
    endloop
  endfacet
  facet normal -0.49999999999999806 0 0.8660254037844396
    outer loop
      vertex 71.70838939219355 6.291610607806452 5.432372542187892
      vertex 71.70838939219355 18.70838939219355 5.432372542187892
      vertex 70.3505248230685 17.350524823068504 4.64840906768049
    endloop
  endfacet
  facet normal -0.6691306063588567 0 0.7431448254773956
    outer loop
      vertex 72.87358619108046 5.126413808919543 6.481520452308558
      vertex 72.87358619108046 19.87358619108046 6.481520452308558
      vertex 71.70838939219355 18.70838939219355 5.432372542187892
    endloop
  endfacet
  facet normal -0.8090169943749512 0 0.5877852522924678
    outer loop
      vertex 72.87358619108046 5.126413808919543 6.481520452308558
      vertex 73.79519052838329 4.20480947161671 7.75
      vertex 72.87358619108046 19.87358619108046 6.481520452308558
    endloop
  endfacet
  facet normal -0.9135454576425996 -2.1081895998094172e-19 0.4067366430758028
    outer loop
      vertex 73.91259476646532 4.087405233534677 8.013694236144445
      vertex 73.79519052838329 20.79519052838329 7.75
      vertex 73.79519052838329 4.20480947161671 7.75
    endloop
  endfacet
  facet normal -0.9135454576426136 -5.939617097113074e-16 0.40673664307577145
    outer loop
      vertex 73.91259476646532 4.087405233534677 8.013694236144445
      vertex 74.02943447643217 4.192608180923426 8.276120521382325
      vertex 73.79519052838329 20.79519052838329 7.75
    endloop
  endfacet
  facet normal -0.9135454576425955 -2.1743224495600343e-16 0.4067366430758122
    outer loop
      vertex 74.02943447643217 4.192608180923426 8.276120521382325
      vertex 74.39807621135331 4.7 9.104103414411028
      vertex 74.43292387221365 20.206773453074607 9.182372542187892
    endloop
  endfacet
  facet normal -0.9135454576426116 1.3558835616871833e-20 0.40673664307577645
    outer loop
      vertex 74.39807621135331 4.7 9.104103414411028
      vertex 74.43292387221365 4.778269127776858 9.182372542187892
      vertex 74.43292387221365 20.206773453074607 9.182372542187892
    endloop
  endfacet
  facet normal -0.9781476007338058 0 0.20791169081775818
    outer loop
      vertex 74.43292387221365 4.778269127776858 9.182372542187892
      vertex 74.65316954888546 5.272949016875158 10.218546984140545
      vertex 74.43292387221365 20.206773453074607 9.182372542187892
    endloop
  endfacet
  facet normal -0.978147600733809 -1.5796561900491565e-19 0.20791169081774347
    outer loop
      vertex 74.65316954888546 5.272949016875158 10.218546984140545
      vertex 74.75891421526204 5.770438558227213 10.716036525492598
      vertex 74.75891421526204 19.190905129884612 10.716036525492598
    endloop
  endfacet
  facet normal -1 0 0
    outer loop
      vertex 74.75891421526204 5.770438558227213 10.716036525492598
      vertex 74.75891421526204 5.770438558227213 11.5
      vertex 74.75891421526204 19.190905129884612 11.5
    endloop
  endfacet
  facet normal -0.9781476007338188 1.7173220881280474e-15 0.20791169081769748
    outer loop
      vertex 74.65316954888546 5.272949016875158 10.218546984140545
      vertex 74.75891421526204 19.190905129884612 10.716036525492598
      vertex 74.73444280220141 19.42373507245328 10.600907578786064
    endloop
  endfacet
  facet normal -0.8090169943749512 0 0.5877852522924678
    outer loop
      vertex 73.79519052838329 4.20480947161671 7.75
      vertex 73.79519052838329 20.79519052838329 7.75
      vertex 72.87358619108046 19.87358619108046 6.481520452308558
    endloop
  endfacet
  facet normal -0.9135454576425992 3.3246205199211124e-16 0.40673664307580415
    outer loop
      vertex 74.02943447643217 4.192608180923426 8.276120521382325
      vertex 74.43292387221365 20.206773453074607 9.182372542187892
      vertex 74.22705098312484 20.56335575687742 8.719974462544528
    endloop
  endfacet
  facet normal -0.9135454576426012 4.766070968716716e-16 0.4067366430757997
    outer loop
      vertex 74.02943447643217 4.192608180923426 8.276120521382325
      vertex 74.22705098312484 20.56335575687742 8.719974462544528
      vertex 73.79519052838329 20.79519052838329 7.75
    endloop
  endfacet
  facet normal -0.9781476007338076 2.386353676907356e-16 0.20791169081774985
    outer loop
      vertex 74.65316954888546 5.272949016875158 10.218546984140545
      vertex 74.73444280220141 19.42373507245328 10.600907578786064
      vertex 74.5406363729278 20.020209929227402 9.6891200162149
    endloop
  endfacet
  facet normal -1 0 0
    outer loop
      vertex 74.75891421526204 5.770438558227213 10.716036525492598
      vertex 74.75891421526204 19.190905129884612 11.5
      vertex 74.75891421526204 19.190905129884612 10.716036525492598
    endloop
  endfacet
  facet normal -0.9781476007338026 1.1437516113422133e-15 0.20791169081777405
    outer loop
      vertex 74.65316954888546 5.272949016875158 10.218546984140545
      vertex 74.5406363729278 20.020209929227402 9.6891200162149
      vertex 74.43292387221365 20.206773453074607 9.182372542187892
    endloop
  endfacet
  facet normal -0.9135454576426034 -2.6253727322757864e-14 0.4067366430757944
    outer loop
      vertex 74.22705098312484 20.56335575687742 8.719974462544528
      vertex 73.91259476646532 20.912594766465322 8.01369423614446
      vertex 73.79519052838329 20.79519052838329 7.75
    endloop
  endfacet
  facet normal 0 1 0
    outer loop
      vertex 6.2 3.2 11.5
      vertex 6.2 3.2 30.49999999999999
      vertex 71.8 3.2 11.5
    endloop
  endfacet
  facet normal 6.832141690000965e-16 1 2.3588868150740186e-15
    outer loop
      vertex 6.2 3.2 30.49999999999999
      vertex 7.5 3.1999999999999993 30.49999999999999
      vertex 71.8 3.2 11.5
    endloop
  endfacet
  facet normal 1 0 0
    outer loop
      vertex 3.2 6.2 11.5
      vertex 3.2 18.8 11.5
      vertex 3.2 6.2 30.49999999999999
    endloop
  endfacet
  facet normal 1 0 0
    outer loop
      vertex 3.2 6.2 30.49999999999999
      vertex 3.2 18.8 11.5
      vertex 3.2 18.8 31.869793897427638
    endloop
  endfacet
  facet normal 1 0 0
    outer loop
      vertex 3.2 6.2 30.49999999999999
      vertex 3.2 18.8 31.869793897427638
      vertex 3.2 6.199999999999999 31.869793897427638
    endloop
  endfacet
  facet normal -1.9512586432143615e-17 -1 -1.8564985875993244e-16
    outer loop
      vertex 6.2 21.8 11.5
      vertex 7.5 21.799999999999997 30.49999999999999
      vertex 6.2 21.799999999999997 30.63663550584537
    endloop
  endfacet
  facet normal 0 0 1
    outer loop
      vertex 10.7 10.7 4
      vertex 67.3 14.3 4
      vertex 10.7 14.3 4
    endloop
  endfacet
  facet normal 0 -1 -1.8698493046318437e-16
    outer loop
      vertex 6.2 21.8 11.5
      vertex 71.8 21.8 11.5
      vertex 7.5 21.799999999999997 30.49999999999999
    endloop
  endfacet
  facet normal 1 0 0
    outer loop
      vertex 3.2 13.354014708391514 117.69999999999999
      vertex 3.2 18.8 92.85390625
      vertex 3.2 18.8 117.69999999999999
    endloop
  endfacet
  facet normal 0 -1 0
    outer loop
      vertex 6.2 21.8 76.8574295519787
      vertex 39 21.8 117.69999999999999
      vertex 6.2 21.8 117.69999999999999
    endloop
  endfacet
  facet normal 0 1 4.674623261579609e-17
    outer loop
      vertex 7.5 3.1999999999999993 30.49999999999999
      vertex 70.5 3.1999999999999993 30.49999999999999
      vertex 71.8 3.2 11.5
    endloop
  endfacet
  facet normal -6.8321416900009785e-16 1 0
    outer loop
      vertex 71.8 3.2 11.5
      vertex 70.5 3.1999999999999993 30.49999999999999
      vertex 71.8 3.2 30.49999999999999
    endloop
  endfacet
  facet normal 0 0 1
    outer loop
      vertex 10.7 10.7 4
      vertex 67.3 10.7 4
      vertex 67.3 14.3 4
    endloop
  endfacet
  facet normal 0 -1 -1.8698493046318437e-16
    outer loop
      vertex 7.5 21.799999999999997 30.49999999999999
      vertex 71.8 21.8 11.5
      vertex 70.5 21.799999999999997 30.49999999999999
    endloop
  endfacet
  facet normal -1 0 0
    outer loop
      vertex 74.8 6.2 11.5
      vertex 74.8 6.2 30.49999999999999
      vertex 74.8 18.8 11.5
    endloop
  endfacet
  facet normal -1 0 0
    outer loop
      vertex 74.8 6.2 30.49999999999999
      vertex 74.8 18.8 31.86979389742763
      vertex 74.8 18.8 11.5
    endloop
  endfacet
  facet normal -1 0 0
    outer loop
      vertex 74.8 6.2 30.49999999999999
      vertex 74.8 6.199999999999999 31.86979389742763
      vertex 74.8 18.8 31.86979389742763
    endloop
  endfacet
  facet normal -1 0 0
    outer loop
      vertex 74.8 6.199999999999999 31.86979389742763
      vertex 74.8 6.2 41.999999999999986
      vertex 74.8 18.8 31.86979389742763
    endloop
  endfacet
  facet normal 2.7328566760003914e-15 -1 0
    outer loop
      vertex 71.8 21.8 11.5
      vertex 71.8 21.8 30.63663550584537
      vertex 70.5 21.799999999999997 30.49999999999999
    endloop
  endfacet
  facet normal -1 0 0
    outer loop
      vertex 74.8 6.2 80.000796812749
      vertex 74.8 18.8 117.69999999999999
      vertex 74.8 18.8 41.999999999999986
    endloop
  endfacet
  facet normal -1 0 0
    outer loop
      vertex 74.8 6.2 80.000796812749
      vertex 74.8 6.2 117.69999999999999
      vertex 74.8 18.8 117.69999999999999
    endloop
  endfacet
  facet normal 0 1 0
    outer loop
      vertex 6.2 3.1999999999999993 30.63663550584537
      vertex 6.291610607806452 3.1999999999999993 35.93237254218788
      vertex 7.5 3.1999999999999993 30.49999999999999
    endloop
  endfacet
  facet normal 0 1 0
    outer loop
      vertex 6.2 3.1999999999999993 30.63663550584537
      vertex 6.2 3.1999999999999993 36.01485910395739
      vertex 6.291610607806452 3.1999999999999993 35.93237254218788
    endloop
  endfacet
  facet normal 0 1 0
    outer loop
      vertex 6.291610607806452 3.1999999999999993 35.93237254218788
      vertex 7.6494751769315 3.1999999999999993 35.14840906768049
      vertex 7.5 3.1999999999999993 30.49999999999999
    endloop
  endfacet
  facet normal 0 1 0
    outer loop
      vertex 7.5 3.1999999999999993 30.49999999999999
      vertex 7.6494751769315 3.1999999999999993 35.14840906768049
      vertex 9.140662318866806 3.1999999999999993 34.66389299449645
    endloop
  endfacet
  facet normal 0 1 0
    outer loop
      vertex 7.5 3.1999999999999993 30.49999999999999
      vertex 9.140662318866806 3.1999999999999993 34.66389299449645
      vertex 10.7 3.1999999999999993 34.499999999999986
    endloop
  endfacet
  facet normal 0 1 0
    outer loop
      vertex 7.5 3.1999999999999993 30.49999999999999
      vertex 10.7 3.1999999999999993 34.499999999999986
      vertex 70.5 3.1999999999999993 30.49999999999999
    endloop
  endfacet
  facet normal 1 0 0
    outer loop
      vertex 3.2 6.199999999999999 31.869793897427638
      vertex 3.2 13.354014708391514 117.69999999999999
      vertex 3.2 6.199999999999999 41.999999999999986
    endloop
  endfacet
  facet normal 1 0 0
    outer loop
      vertex 3.2 6.199999999999999 41.999999999999986
      vertex 3.2 13.354014708391514 117.69999999999999
      vertex 3.2 6.2 117.69999999999999
    endloop
  endfacet
  facet normal 1 0 0
    outer loop
      vertex 3.2 6.199999999999999 31.869793897427638
      vertex 3.2 18.8 31.869793897427638
      vertex 3.2 18.8 41.999999999999986
    endloop
  endfacet
  facet normal 0 -1 0
    outer loop
      vertex 6.2 21.799999999999997 30.63663550584537
      vertex 7.5 21.799999999999997 30.49999999999999
      vertex 7.6494751769315 21.799999999999997 35.14840906768049
    endloop
  endfacet
  facet normal 0 -1 0
    outer loop
      vertex 6.2 21.799999999999997 30.63663550584537
      vertex 6.291610607806452 21.799999999999997 35.93237254218788
      vertex 6.2 21.799999999999997 36.01485910395739
    endloop
  endfacet
  facet normal 0 -1 0
    outer loop
      vertex 6.2 21.799999999999997 30.63663550584537
      vertex 7.6494751769315 21.799999999999997 35.14840906768049
      vertex 6.291610607806452 21.799999999999997 35.93237254218788
    endloop
  endfacet
  facet normal 0 -1 0
    outer loop
      vertex 7.5 21.799999999999997 30.49999999999999
      vertex 9.140662318866806 21.799999999999997 34.66389299449645
      vertex 7.6494751769315 21.799999999999997 35.14840906768049
    endloop
  endfacet
  facet normal 0 -1 0
    outer loop
      vertex 7.5 21.799999999999997 30.49999999999999
      vertex 10.700000000000017 21.799999999999997 34.499999999999986
      vertex 9.140662318866806 21.799999999999997 34.66389299449645
    endloop
  endfacet
  facet normal 0 -1 0
    outer loop
      vertex 7.5 21.799999999999997 30.49999999999999
      vertex 70.5 21.799999999999997 30.49999999999999
      vertex 10.700000000000017 21.799999999999997 34.499999999999986
    endloop
  endfacet
  facet normal 1 0 0
    outer loop
      vertex 3.2 6.199999999999999 31.869793897427638
      vertex 3.2 18.8 41.999999999999986
      vertex 3.2 13.354014708391514 117.69999999999999
    endloop
  endfacet
  facet normal 1 0 0
    outer loop
      vertex 3.2 18.8 41.999999999999986
      vertex 3.2 18.8 92.85390625
      vertex 3.2 13.354014708391514 117.69999999999999
    endloop
  endfacet
  facet normal 0 1 0
    outer loop
      vertex 10.7 3.1999999999999993 34.499999999999986
      vertex 67.3 3.1999999999999993 34.499999999999986
      vertex 70.5 3.1999999999999993 30.49999999999999
    endloop
  endfacet
  facet normal 0 1 0
    outer loop
      vertex 67.3 3.1999999999999993 34.499999999999986
      vertex 68.8593376811332 3.1999999999999993 34.66389299449645
      vertex 70.5 3.1999999999999993 30.49999999999999
    endloop
  endfacet
  facet normal 0 1 0
    outer loop
      vertex 70.5 3.1999999999999993 30.49999999999999
      vertex 68.8593376811332 3.1999999999999993 34.66389299449645
      vertex 70.3505248230685 3.1999999999999993 35.14840906768049
    endloop
  endfacet
  facet normal 0 1 0
    outer loop
      vertex 70.5 3.1999999999999993 30.49999999999999
      vertex 70.3505248230685 3.1999999999999993 35.14840906768049
      vertex 71.8 3.1999999999999993 30.63663550584537
    endloop
  endfacet
  facet normal 0 1 0
    outer loop
      vertex 70.3505248230685 3.1999999999999993 35.14840906768049
      vertex 71.70838939219355 3.1999999999999993 35.93237254218788
      vertex 71.8 3.1999999999999993 30.63663550584537
    endloop
  endfacet
  facet normal 0 1 0
    outer loop
      vertex 71.8 3.1999999999999993 30.63663550584537
      vertex 71.70838939219355 3.1999999999999993 35.93237254218788
      vertex 71.8 3.1999999999999993 36.01485910395739
    endloop
  endfacet
  facet normal 0 -1 0
    outer loop
      vertex 10.700000000000017 21.799999999999997 34.499999999999986
      vertex 70.5 21.799999999999997 30.49999999999999
      vertex 67.3 21.799999999999997 34.499999999999986
    endloop
  endfacet
  facet normal -1 0 0
    outer loop
      vertex 74.8 6.2 41.999999999999986
      vertex 74.8 18.8 41.999999999999986
      vertex 74.8 18.8 31.86979389742763
    endloop
  endfacet
  facet normal 0 -1 0
    outer loop
      vertex 67.3 21.799999999999997 34.499999999999986
      vertex 70.5 21.799999999999997 30.49999999999999
      vertex 68.8593376811332 21.799999999999997 34.66389299449645
    endloop
  endfacet
  facet normal 0 -1 0
    outer loop
      vertex 70.5 21.799999999999997 30.49999999999999
      vertex 70.3505248230685 21.799999999999997 35.14840906768049
      vertex 68.8593376811332 21.799999999999997 34.66389299449645
    endloop
  endfacet
  facet normal 2.7982794043070416e-15 -1 -6.224556806990546e-16
    outer loop
      vertex 70.5 21.799999999999997 30.49999999999999
      vertex 71.8 21.8 30.63663550584537
      vertex 71.7083893921936 21.799999999999997 35.93237254218792
    endloop
  endfacet
  facet normal 0 -1 0
    outer loop
      vertex 70.5 21.799999999999997 30.49999999999999
      vertex 71.7083893921936 21.799999999999997 35.93237254218792
      vertex 70.3505248230685 21.799999999999997 35.14840906768049
    endloop
  endfacet
  facet normal 5.947833346916468e-16 -1 -6.605738147474739e-16
    outer loop
      vertex 71.8 21.8 30.63663550584537
      vertex 71.8 21.799999999999997 36.01485910400395
      vertex 71.7083893921936 21.799999999999997 35.93237254218792
    endloop
  endfacet
  facet normal 0 0 -1
    outer loop
      vertex 0.04108578473795177 -8.89090512988461 37.999999999999986
      vertex 0 -8.5 37.999999999999986
      vertex 0 4 37.999999999999986
    endloop
  endfacet
  facet normal 0 0 -1
    outer loop
      vertex 0.04108578473795177 -8.89090512988461 37.999999999999986
      vertex 0 4 37.999999999999986
      vertex 0.04108578473795177 3.6090948701153898 37.999999999999986
    endloop
  endfacet
  facet normal 0 0 -1
    outer loop
      vertex 77.95891421526204 -9.008317449047142 37.999999999999986
      vertex 77.95891421526204 3.491682550952847 37.999999999999986
      vertex 77.97808758147309 -8.918113853070615 37.999999999999986
    endloop
  endfacet
  facet normal 0 0 -1
    outer loop
      vertex 77.97808758147309 -8.918113853070615 37.999999999999986
      vertex 77.95891421526204 3.491682550952847 37.999999999999986
      vertex 77.97808758147309 -8.5 37.999999999999986
    endloop
  endfacet
  facet normal 0 0 -1
    outer loop
      vertex 77.97808758147309 -8.5 37.999999999999986
      vertex 77.97808758147309 3.581886146929385 37.999999999999986
      vertex 78 -8.5 37.999999999999986
    endloop
  endfacet
  facet normal 0 0 -1
    outer loop
      vertex 77.97808758147309 -8.5 37.999999999999986
      vertex 77.95891421526204 3.491682550952847 37.999999999999986
      vertex 77.97808758147309 3.581886146929385 37.999999999999986
    endloop
  endfacet
  facet normal 0 0 -1
    outer loop
      vertex 78 -8.5 37.999999999999986
      vertex 77.97808758147309 3.581886146929385 37.999999999999986
      vertex 77.97808758147309 4 37.999999999999986
    endloop
  endfacet
  facet normal 0 0 -1
    outer loop
      vertex 78 -8.5 37.999999999999986
      vertex 77.97808758147309 4 37.999999999999986
      vertex 78 4 37.999999999999986
    endloop
  endfacet
  facet normal -0.8090169943749425 -1.688014908717649e-14 -0.5877852522924799
    outer loop
      vertex 1.9264138089195413 -10.573586191080459 32.98152045230856
      vertex 1.1832069780462362 -11.316793021953764 34.004456897493256
      vertex 1.00480947161671 -11.118662518698809 34.249999999999986
    endloop
  endfacet
  facet normal -0.6691306063588605 0 -0.7431448254773924
    outer loop
      vertex 1.9264138089195413 -10.573586191080459 32.98152045230856
      vertex 1.9264138089195413 0.5893618821561281 32.98152045230856
      vertex 3.0916106078064516 -9.408389392193548 31.93237254218788
    endloop
  endfacet
  facet normal -0.913545457642601 -1.432085937322172e-16 -0.4067366430757998
    outer loop
      vertex 1.00480947161671 -11.118662518698809 34.249999999999986
      vertex 0.7639320225002137 -10.851141009169893 34.79101960871988
      vertex 0.3670761277863477 2.3362335637577267 35.68237254218788
    endloop
  endfacet
  facet normal -0.9135454576426003 7.695234146704627e-19 -0.40673664307580165
    outer loop
      vertex 0.7639320225002137 -10.851141009169893 34.79101960871988
      vertex 0.3670761277863477 -10.163766436242273 35.68237254218788
      vertex 0.3670761277863477 2.3362335637577267 35.68237254218788
    endloop
  endfacet
  facet normal -0.978147600733808 -9.436710257627423e-16 -0.20791169081774777
    outer loop
      vertex 0.3670761277863477 -10.163766436242273 35.68237254218788
      vertex 0.34581816942959875 -10.1269465723032 35.78238337313908
      vertex 0.08740959706477724 3.1683532367289615 36.998100123233975
    endloop
  endfacet
  facet normal -0.8090169943749459 2.1580235916129862e-18 -0.5877852522924751
    outer loop
      vertex 1.9264138089195413 -10.573586191080459 32.98152045230856
      vertex 1.00480947161671 -11.118662518698809 34.249999999999986
      vertex 1.00480947161671 1.3813374813011912 34.249999999999986
    endloop
  endfacet
  facet normal -0.9781476007338057 1.1986412584682336e-16 -0.2079116908177589
    outer loop
      vertex 0.34581816942959875 -10.1269465723032 35.78238337313908
      vertex 0.08740959706477724 -9.331646763271038 36.99810012323397
      vertex 0.08740959706477724 3.1683532367289615 36.998100123233975
    endloop
  endfacet
  facet normal -0.49999999999999667 -6.189730399606515e-17 -0.8660254037844406
    outer loop
      vertex 3.0916106078064516 -9.408389392193548 31.93237254218788
      vertex 4.192608180923426 3.9705655235678172 31.296711296971676
      vertex 4.4494751769315 -8.050524823068502 31.148409067680486
    endloop
  endfacet
  facet normal -0.9781476007338062 1.1818411327212545e-16 -0.2079116908177565
    outer loop
      vertex 0.08740959706477724 -9.331646763271038 36.99810012323397
      vertex 0.04108578473795177 -8.89090512988461 37.216036525492584
      vertex 0.08740959706477724 3.1683532367289615 36.998100123233975
    endloop
  endfacet
  facet normal -1 0 0
    outer loop
      vertex 0.04108578473795177 -8.89090512988461 37.216036525492584
      vertex 0.04108578473795177 -8.89090512988461 37.999999999999986
      vertex 0.04108578473795177 3.6090948701153898 37.999999999999986
    endloop
  endfacet
  facet normal -0.6691306063588424 3.8972086579786965e-15 -0.7431448254774085
    outer loop
      vertex 3.0916106078064516 -9.408389392193548 31.93237254218788
      vertex 1.9264138089195413 0.5893618821561281 32.98152045230856
      vertex 2 0.5358983848622465 32.91526314825524
    endloop
  endfacet
  facet normal -0.913545457642601 0 -0.4067366430757999
    outer loop
      vertex 1.00480947161671 -11.118662518698809 34.249999999999986
      vertex 0.7639320225002137 1.6488589908301066 34.79101960871988
      vertex 1.00480947161671 1.3813374813011912 34.249999999999986
    endloop
  endfacet
  facet normal -0.9135454576426002 8.81339119317577e-17 -0.40673664307580165
    outer loop
      vertex 1.00480947161671 -11.118662518698809 34.249999999999986
      vertex 0.3670761277863477 2.3362335637577267 35.68237254218788
      vertex 0.7639320225002137 1.6488589908301066 34.79101960871988
    endloop
  endfacet
  facet normal -0.978147600733805 0 -0.20791169081776226
    outer loop
      vertex 0.3670761277863477 -10.163766436242273 35.68237254218788
      vertex 0.34581816942959875 2.3730534276967994 35.782383373139076
      vertex 0.3670761277863477 2.3362335637577267 35.68237254218788
    endloop
  endfacet
  facet normal -0.8090169943749421 8.440464568581352e-16 -0.5877852522924805
    outer loop
      vertex 1.9264138089195413 -10.573586191080459 32.98152045230856
      vertex 1.00480947161671 1.3813374813011912 34.249999999999986
      vertex 1.3234775745645635 1.027420698090424 33.81139098447172
    endloop
  endfacet
  facet normal -0.8090169943749478 0 -0.5877852522924726
    outer loop
      vertex 1.9264138089195413 -10.573586191080459 32.98152045230856
      vertex 1.3234775745645635 1.027420698090424 33.81139098447172
      vertex 1.9264138089195413 0.5893618821561281 32.98152045230856
    endloop
  endfacet
  facet normal -0.669130606358857 0 -0.7431448254773954
    outer loop
      vertex 3.0916106078064516 -9.408389392193548 31.93237254218788
      vertex 2.7639320225002137 0.19577393481938543 32.22741566562741
      vertex 3.0916106078064516 0.12612370139379397 31.93237254218788
    endloop
  endfacet
  facet normal -0.4999999999999908 0 -0.866025403784444
    outer loop
      vertex 3.0916106078064516 -9.408389392193548 31.93237254218788
      vertex 3.0916106078064516 0.12612370139379397 31.93237254218788
      vertex 3.2 0.1030848248676296 31.869793897427638
    endloop
  endfacet
  facet normal -0.6691306063588636 -4.087427994021967e-16 -0.7431448254773895
    outer loop
      vertex 3.0916106078064516 -9.408389392193548 31.93237254218788
      vertex 2 0.5358983848622465 32.91526314825524
      vertex 2.7639320225002137 0.19577393481938543 32.22741566562741
    endloop
  endfacet
  facet normal -0.3090169943749497 0 -0.951056516295153
    outer loop
      vertex 4.4494751769315 -8.050524823068502 31.148409067680486
      vertex 4.4494751769315 3.783940726926968 31.148409067680486
      vertex 5.940662318866806 -6.559337681133195 30.663892994496447
    endloop
  endfacet
  facet normal -0.10452846326765335 0 -0.9945218953682734
    outer loop
      vertex 5.940662318866806 -6.559337681133195 30.663892994496447
      vertex 5.940662318866806 3.2164343138951796 30.663892994496447
      vertex 7.5 -5 30.49999999999999
    endloop
  endfacet
  facet normal -0.9781476007338062 -4.817534524253217e-17 -0.20791169081775646
    outer loop
      vertex 0.3670761277863477 -10.163766436242273 35.68237254218788
      vertex 0.08740959706477724 3.1683532367289615 36.998100123233975
      vertex 0.34581816942959875 2.3730534276967994 35.782383373139076
    endloop
  endfacet
  facet normal -0.5000000000004795 7.397248648469664e-15 -0.8660254037841619
    outer loop
      vertex 3.0916106078064516 -9.408389392193548 31.93237254218788
      vertex 3.2 0.1030848248676296 31.869793897427638
      vertex 3.265557197798583 5.57626492754672 31.831944431631307
    endloop
  endfacet
  facet normal -0.4999999999999955 -1.979404123222551e-16 -0.8660254037844413
    outer loop
      vertex 3.0916106078064516 -9.408389392193548 31.93237254218788
      vertex 3.772949016875157 4.436644243122579 31.539001628302834
      vertex 4.192608180923426 3.9705655235678172 31.296711296971676
    endloop
  endfacet
  facet normal -0.5000000000000032 3.0775844198003114e-16 -0.8660254037844367
    outer loop
      vertex 3.0916106078064516 -9.408389392193548 31.93237254218788
      vertex 3.4593636270721975 4.979790070772598 31.72005023751951
      vertex 3.772949016875157 4.436644243122579 31.539001628302834
    endloop
  endfacet
  facet normal -0.4999999999999893 -1.603810348153896e-16 -0.8660254037844448
    outer loop
      vertex 3.0916106078064516 -9.408389392193548 31.93237254218788
      vertex 3.265557197798583 5.57626492754672 31.831944431631307
      vertex 3.4593636270721975 4.979790070772598 31.72005023751951
    endloop
  endfacet
  facet normal -0.49999999999999445 0 -0.8660254037844419
    outer loop
      vertex 4.4494751769315 -8.050524823068502 31.148409067680486
      vertex 4.192608180923426 3.9705655235678172 31.296711296971676
      vertex 4.4494751769315 3.783940726926968 31.148409067680486
    endloop
  endfacet
  facet normal -0.9781476007338049 0 -0.20791169081776278
    outer loop
      vertex 0.04108578473795177 -8.89090512988461 37.216036525492584
      vertex 0.04108578473795177 3.6090948701153898 37.216036525492584
      vertex 0.08740959706477724 3.1683532367289615 36.998100123233975
    endloop
  endfacet
  facet normal -1 0 0
    outer loop
      vertex 0.04108578473795177 -8.89090512988461 37.216036525492584
      vertex 0.04108578473795177 3.6090948701153898 37.999999999999986
      vertex 0.04108578473795177 3.6090948701153898 37.216036525492584
    endloop
  endfacet
  facet normal -0.10452846326765383 0 -0.9945218953682733
    outer loop
      vertex 7.5 -5 30.49999999999999
      vertex 6.2 3.1999999999999993 30.63663550584537
      vertex 7.5 0 30.49999999999999
    endloop
  endfacet
  facet normal -0.3090169943749541 -6.902521260333085e-16 -0.9510565162951513
    outer loop
      vertex 5.940662318866806 -6.559337681133195 30.663892994496447
      vertex 4.4494751769315 3.783940726926968 31.148409067680486
      vertex 4.7 3.6019237886466833 31.067008618270265
    endloop
  endfacet
  facet normal -0.3090169943749502 -1.763902353672481e-16 -0.9510565162951528
    outer loop
      vertex 5.940662318866806 -6.559337681133195 30.663892994496447
      vertex 4.7 3.6019237886466833 31.067008618270265
      vertex 5.272949016875157 3.3468304511145384 30.880846197750245
    endloop
  endfacet
  facet normal -0.3090169943749463 1.2013182381545241e-16 -0.9510565162951539
    outer loop
      vertex 5.940662318866806 -6.559337681133195 30.663892994496447
      vertex 5.272949016875157 3.3468304511145384 30.880846197750245
      vertex 5.886414610197041 3.2164343138951796 30.68151914351876
    endloop
  endfacet
  facet normal -0.30901699437496594 0 -0.9510565162951478
    outer loop
      vertex 5.940662318866806 -6.559337681133195 30.663892994496447
      vertex 5.886414610197041 3.2164343138951796 30.68151914351876
      vertex 5.940662318866806 3.2164343138951796 30.663892994496447
    endloop
  endfacet
  facet normal -0.10452846326765063 4.988989638536538e-16 -0.9945218953682736
    outer loop
      vertex 7.5 -5 30.49999999999999
      vertex 5.940662318866806 3.2164343138951796 30.663892994496447
      vertex 6.2 3.1999999999999993 30.63663550584537
    endloop
  endfacet
  facet normal -0.10452846326765383 0 -0.9945218953682732
    outer loop
      vertex 7.5 0 30.49999999999999
      vertex 6.2 3.1999999999999993 30.63663550584537
      vertex 7.5 3.1999999999999993 30.49999999999999
    endloop
  endfacet
  facet normal -0.10452846326765075 1.7484856560009477e-17 -0.9945218953682735
    outer loop
      vertex 5.940662318866806 3.2164343138951796 30.663892994496447
      vertex 6.2 3.2164343138951796 30.63663550584537
      vertex 6.2 3.1999999999999993 30.63663550584537
    endloop
  endfacet
  facet normal -0.5000000000000145 0 -0.8660254037844303
    outer loop
      vertex 3.2 0.1030848248676296 31.869793897427638
      vertex 3.2 6.199999999999999 31.869793897427638
      vertex 3.265557197798583 5.57626492754672 31.831944431631307
    endloop
  endfacet
  facet normal 0.8090169943749753 3.575787484629706e-15 -0.5877852522924346
    outer loop
      vertex 76.81679302195377 -11.316793021953764 34.00445689749324
      vertex 76.3511410091699 0.7639320225002102 33.36354188586651
      vertex 76.97257930190958 -11.176522425435433 34.218878316681895
    endloop
  endfacet
  facet normal 0.30901699437495106 0 -0.9510565162951523
    outer loop
      vertex 73.5505248230685 -8.050524823068502 31.148409067680486
      vertex 72.0593376811332 -6.559337681133195 30.663892994496447
      vertex 73.5505248230685 3.7655410737866255 31.148409067680486
    endloop
  endfacet
  facet normal 0.10452846326765285 0 -0.9945218953682734
    outer loop
      vertex 72.0593376811332 -6.559337681133195 30.663892994496447
      vertex 70.5 -5 30.49999999999999
      vertex 72.0593376811332 3.2272574886510785 30.663892994496447
    endloop
  endfacet
  facet normal 0.6691306063588605 1.9086205827028457e-16 -0.7431448254773921
    outer loop
      vertex 76.07358619108047 -10.573586191080459 32.98152045230856
      vertex 74.90838939219356 -9.408389392193548 31.93237254218788
      vertex 75.6269465723032 0.345818169429597 32.57936433321786
    endloop
  endfacet
  facet normal 0.8090169943749446 1.33737586260316e-16 -0.5877852522924771
    outer loop
      vertex 76.07358619108047 -10.573586191080459 32.98152045230856
      vertex 76.3511410091699 0.7639320225002102 33.36354188586651
      vertex 76.81679302195377 -11.316793021953764 34.00445689749324
    endloop
  endfacet
  facet normal 0.8090169943748728 0 -0.5877852522925758
    outer loop
      vertex 76.97257930190958 -11.176522425435433 34.218878316681895
      vertex 76.97257930190958 1.323477574564567 34.218878316681895
      vertex 76.99519052838329 -11.145400742117335 34.249999999999986
    endloop
  endfacet
  facet normal 0.9135454576425979 0 -0.40673664307580726
    outer loop
      vertex 76.99519052838329 -11.145400742117335 34.249999999999986
      vertex 76.99519052838329 1.3545992578826653 34.249999999999986
      vertex 77.46410161513776 -10.5 35.3031915445419
    endloop
  endfacet
  facet normal 0.9135454576426082 2.312030136839575e-16 -0.40673664307578383
    outer loop
      vertex 77.46410161513776 -10.5 35.3031915445419
      vertex 77.46410161513776 2 35.30319154454191
      vertex 77.63292387221365 -10.120819002354025 35.68237254218788
    endloop
  endfacet
  facet normal 0.9781476007338065 0 -0.2079116908177555
    outer loop
      vertex 77.63292387221365 -10.120819002354025 35.68237254218788
      vertex 77.63292387221365 2.37918099764597 35.68237254218788
      vertex 77.80422606518061 -9.73606797749979 36.48828599703995
    endloop
  endfacet
  facet normal 0.9781476007338074 0 -0.20791169081775115
    outer loop
      vertex 77.80422606518061 -9.73606797749979 36.48828599703995
      vertex 77.80422606518061 2.76393202250021 36.48828599703995
      vertex 77.95891421526204 -9.008317449047142 37.216036525492584
    endloop
  endfacet
  facet normal 1 0 0
    outer loop
      vertex 77.95891421526204 -9.008317449047142 37.216036525492584
      vertex 77.95891421526204 3.4916825509528473 37.216036525492584
      vertex 77.95891421526204 -9.008317449047142 37.999999999999986
    endloop
  endfacet
  facet normal 0.49999999999999467 -1.429039476403565e-16 -0.8660254037844417
    outer loop
      vertex 74.90838939219356 -9.408389392193548 31.93237254218788
      vertex 73.5505248230685 -8.050524823068502 31.148409067680486
      vertex 74.65316954888546 5.272949016875156 31.785021296951417
    endloop
  endfacet
  facet normal 0.5000000000000286 4.4224628825746485e-16 -0.8660254037844222
    outer loop
      vertex 74.90838939219356 -9.408389392193548 31.93237254218788
      vertex 74.8 0.08408338821254051 31.86979389742763
      vertex 74.83164676327104 0.08740959706477724 31.888065164721148
    endloop
  endfacet
  facet normal 0.49999999999998745 0 -0.8660254037844458
    outer loop
      vertex 74.90838939219356 -9.408389392193548 31.93237254218788
      vertex 74.83164676327104 0.08740959706477724 31.888065164721148
      vertex 74.90838939219356 0.11234478874239637 31.93237254218788
    endloop
  endfacet
  facet normal 0.6691306063588619 0 -0.7431448254773908
    outer loop
      vertex 74.90838939219356 -9.408389392193548 31.93237254218788
      vertex 74.90838939219356 0.11234478874239637 31.93237254218788
      vertex 75.6269465723032 0.345818169429597 32.57936433321786
    endloop
  endfacet
  facet normal 0.6691306063588579 0 -0.7431448254773946
    outer loop
      vertex 76.07358619108047 -10.573586191080459 32.98152045230856
      vertex 75.6269465723032 0.345818169429597 32.57936433321786
      vertex 76.07358619108047 0.6036856735614036 32.98152045230856
    endloop
  endfacet
  facet normal 0.8090169943749463 0 -0.5877852522924746
    outer loop
      vertex 76.07358619108047 -10.573586191080459 32.98152045230856
      vertex 76.07358619108047 0.6036856735614036 32.98152045230856
      vertex 76.3511410091699 0.7639320225002102 33.36354188586651
    endloop
  endfacet
  facet normal 0.8090169943749516 0 -0.5877852522924674
    outer loop
      vertex 76.97257930190958 -11.176522425435433 34.218878316681895
      vertex 76.3511410091699 0.7639320225002102 33.36354188586651
      vertex 76.97257930190958 1.323477574564567 34.218878316681895
    endloop
  endfacet
  facet normal 0.8090169943748728 0 -0.5877852522925758
    outer loop
      vertex 76.99519052838329 -11.145400742117335 34.249999999999986
      vertex 76.97257930190958 1.323477574564567 34.218878316681895
      vertex 76.99519052838329 1.3545992578826653 34.249999999999986
    endloop
  endfacet
  facet normal 0.9135454576425986 2.312030136839695e-16 -0.40673664307580504
    outer loop
      vertex 77.46410161513776 -10.5 35.3031915445419
      vertex 76.99519052838329 1.3545992578826653 34.249999999999986
      vertex 77.46410161513776 2 35.30319154454191
    endloop
  endfacet
  facet normal 0.9135454576426054 0 -0.40673664307579005
    outer loop
      vertex 77.63292387221365 -10.120819002354025 35.68237254218788
      vertex 77.46410161513776 2 35.30319154454191
      vertex 77.63292387221365 2.37918099764597 35.68237254218788
    endloop
  endfacet
  facet normal 0.10452846326765405 0 -0.9945218953682733
    outer loop
      vertex 70.5 -5 30.49999999999999
      vertex 70.5 0 30.49999999999999
      vertex 71.8 3.1999999999999993 30.63663550584537
    endloop
  endfacet
  facet normal 0.10452846326764666 1.1751258819944261e-15 -0.994521895368274
    outer loop
      vertex 70.5 -5 30.49999999999999
      vertex 71.8 3.1999999999999993 30.63663550584537
      vertex 72.0593376811332 3.2272574886510785 30.663892994496447
    endloop
  endfacet
  facet normal 0.3090169943749539 0 -0.9510565162951515
    outer loop
      vertex 72.0593376811332 -6.559337681133195 30.663892994496447
      vertex 72.0593376811332 3.2272574886510785 30.663892994496447
      vertex 72.42373507245328 3.2655571977985822 30.782292884192234
    endloop
  endfacet
  facet normal 0.30901699437494917 1.9449200774650253e-16 -0.951056516295153
    outer loop
      vertex 72.0593376811332 -6.559337681133195 30.663892994496447
      vertex 72.42373507245328 3.2655571977985822 30.782292884192234
      vertex 73.02020992922739 3.4593636270721966 30.976099313465845
    endloop
  endfacet
  facet normal 0.3090169943749512 -1.973220458233998e-17 -0.9510565162951524
    outer loop
      vertex 72.0593376811332 -6.559337681133195 30.663892994496447
      vertex 73.02020992922739 3.4593636270721966 30.976099313465845
      vertex 73.5505248230685 3.7655410737866255 31.148409067680486
    endloop
  endfacet
  facet normal 0.10452846326765403 0 -0.9945218953682732
    outer loop
      vertex 70.5 0 30.49999999999999
      vertex 70.5 3.1999999999999993 30.49999999999999
      vertex 71.8 3.1999999999999993 30.63663550584537
    endloop
  endfacet
  facet normal 0.5000000000000031 5.414141632969583e-17 -0.8660254037844368
    outer loop
      vertex 74.90838939219356 -9.408389392193548 31.93237254218788
      vertex 74.65316954888546 5.272949016875156 31.785021296951417
      vertex 74.8 0.08408338821254051 31.86979389742763
    endloop
  endfacet
  facet normal 0.49999999999999245 0 -0.8660254037844429
    outer loop
      vertex 73.5505248230685 -8.050524823068502 31.148409067680486
      vertex 73.5505248230685 3.7655410737866255 31.148409067680486
      vertex 73.56335575687741 3.772949016875156 31.155817010769017
    endloop
  endfacet
  facet normal 0.49999999999999334 -1.2040770198582027e-18 -0.8660254037844425
    outer loop
      vertex 73.5505248230685 -8.050524823068502 31.148409067680486
      vertex 73.56335575687741 3.772949016875156 31.155817010769017
      vertex 74.02943447643217 4.1926081809234255 31.424907684967508
    endloop
  endfacet
  facet normal 0.5000000000000002 -3.5367223191363617e-16 -0.8660254037844387
    outer loop
      vertex 73.5505248230685 -8.050524823068502 31.148409067680486
      vertex 74.02943447643217 4.1926081809234255 31.424907684967508
      vertex 74.39807621135331 4.699999999999999 31.63774308985876
    endloop
  endfacet
  facet normal 0.4999999999999821 1.2346491587508293e-15 -0.8660254037844489
    outer loop
      vertex 73.5505248230685 -8.050524823068502 31.148409067680486
      vertex 74.39807621135331 4.699999999999999 31.63774308985876
      vertex 74.65316954888546 5.272949016875156 31.785021296951417
    endloop
  endfacet
  facet normal 0.9781476007338065 0 -0.20791169081775546
    outer loop
      vertex 77.80422606518061 -9.73606797749979 36.48828599703995
      vertex 77.63292387221365 2.37918099764597 35.68237254218788
      vertex 77.80422606518061 2.76393202250021 36.48828599703995
    endloop
  endfacet
  facet normal 0.9781476007338074 0 -0.20791169081775115
    outer loop
      vertex 77.95891421526204 -9.008317449047142 37.216036525492584
      vertex 77.80422606518061 2.76393202250021 36.48828599703995
      vertex 77.95891421526204 3.4916825509528473 37.216036525492584
    endloop
  endfacet
  facet normal 1 0 0
    outer loop
      vertex 77.95891421526204 -9.008317449047142 37.999999999999986
      vertex 77.95891421526204 3.4916825509528473 37.216036525492584
      vertex 77.95891421526204 3.491682550952847 37.999999999999986
    endloop
  endfacet
  facet normal 0.5000000000000058 1.5395563759276106e-16 -0.8660254037844354
    outer loop
      vertex 74.8 0.08408338821254051 31.86979389742763
      vertex 74.65316954888546 5.272949016875156 31.785021296951417
      vertex 74.78356568610481 5.88641461019704 31.860305541876297
    endloop
  endfacet
  facet normal 0.49999999999996503 0 -0.8660254037844588
    outer loop
      vertex 74.8 0.08408338821254051 31.86979389742763
      vertex 74.78356568610481 5.88641461019704 31.860305541876297
      vertex 74.8 6.199999999999999 31.86979389742763
    endloop
  endfacet
  facet normal 0.49999999999996503 0 -0.8660254037844588
    outer loop
      vertex 74.78356568610481 5.88641461019704 31.860305541876297
      vertex 74.78356568610481 6.199999999999999 31.860305541876297
      vertex 74.8 6.199999999999999 31.86979389742763
    endloop
  endfacet
  facet normal 0 0 1
    outer loop
      vertex 3.241085784737952 -6.69090512988461 41.999999999999986
      vertex 3.2 6.199999999999999 41.999999999999986
      vertex 3.2 -6.3 41.999999999999986
    endloop
  endfacet
  facet normal 0 0 1
    outer loop
      vertex 3.241085784737952 -6.69090512988461 41.999999999999986
      vertex 3.241085784737952 5.809094870115388 41.999999999999986
      vertex 3.2 6.199999999999999 41.999999999999986
    endloop
  endfacet
  facet normal 0 0 1
    outer loop
      vertex 74.75891421526204 -6.729561441772787 41.999999999999986
      vertex 74.78356568610481 -6.613585389802959 41.999999999999986
      vertex 74.75891421526204 5.770438558227212 41.999999999999986
    endloop
  endfacet
  facet normal 0 0 1
    outer loop
      vertex 74.78356568610481 -6.613585389802959 41.999999999999986
      vertex 74.78356568610481 -6.3 41.999999999999986
      vertex 74.75891421526204 5.770438558227212 41.999999999999986
    endloop
  endfacet
  facet normal 0 0 1
    outer loop
      vertex 74.78356568610481 -6.3 41.999999999999986
      vertex 74.8 -6.3 41.999999999999986
      vertex 74.78356568610481 5.88641461019704 41.999999999999986
    endloop
  endfacet
  facet normal 0 0 1
    outer loop
      vertex 74.78356568610481 -6.3 41.999999999999986
      vertex 74.78356568610481 5.88641461019704 41.999999999999986
      vertex 74.75891421526204 5.770438558227212 41.999999999999986
    endloop
  endfacet
  facet normal 0 0 1
    outer loop
      vertex 74.8 -6.3 41.999999999999986
      vertex 74.78356568610481 6.199999999999999 41.999999999999986
      vertex 74.78356568610481 5.88641461019704 41.999999999999986
    endloop
  endfacet
  facet normal 0 0 1
    outer loop
      vertex 74.8 -6.3 41.999999999999986
      vertex 74.8 6.2 41.999999999999986
      vertex 74.78356568610481 6.199999999999999 41.999999999999986
    endloop
  endfacet
  facet normal 0.9135454576426008 -5.80232565991562e-15 0.4067366430758008
    outer loop
      vertex 4.087405233534679 -8.412594766465322 38.51369423614443
      vertex 4.20480947161671 -8.29519052838329 38.249999999999986
      vertex 3.772949016875157 -8.06335575687742 39.21997446254451
    endloop
  endfacet
  facet normal 0.9135454576425993 -6.111055012798278e-19 0.4067366430758039
    outer loop
      vertex 3.772949016875157 -8.06335575687742 39.21997446254451
      vertex 3.567076127786348 4.793226546925389 39.68237254218788
      vertex 3.567076127786348 -7.70677345307461 39.68237254218788
    endloop
  endfacet
  facet normal 0.9781476007338066 1.184607955443226e-16 0.20791169081775485
    outer loop
      vertex 3.567076127786348 -7.70677345307461 39.68237254218788
      vertex 3.4593636270721975 4.979790070772598 40.18912001621489
      vertex 3.4593636270721975 -7.520209929227401 40.1891200162149
    endloop
  endfacet
  facet normal 0.809016994374946 0 0.5877852522924752
    outer loop
      vertex 4.20480947161671 -8.29519052838329 38.249999999999986
      vertex 5.1264138089195415 -7.373586191080457 36.98152045230856
      vertex 4.20480947161671 3.9617007669825917 38.249999999999986
    endloop
  endfacet
  facet normal 0.9135454576426012 -1.1882216892885673e-18 0.4067366430757996
    outer loop
      vertex 4.20480947161671 -8.29519052838329 38.249999999999986
      vertex 3.772949016875157 4.436644243122579 39.21997446254451
      vertex 3.772949016875157 -8.06335575687742 39.21997446254451
    endloop
  endfacet
  facet normal 0.9781476007338055 -1.1711673975336181e-16 0.20791169081776018
    outer loop
      vertex 3.4593636270721975 -7.520209929227401 40.1891200162149
      vertex 3.265557197798583 5.57626492754672 41.10090757878606
      vertex 3.265557197798583 -6.923735072453279 41.10090757878605
    endloop
  endfacet
  facet normal 0.9781476007338071 -1.1818411327212296e-16 0.20791169081775215
    outer loop
      vertex 3.265557197798583 -6.923735072453279 41.10090757878605
      vertex 3.265557197798583 5.57626492754672 41.10090757878606
      vertex 3.241085784737952 -6.69090512988461 41.216036525492584
    endloop
  endfacet
  facet normal 1 0 0
    outer loop
      vertex 3.241085784737952 -6.69090512988461 41.216036525492584
      vertex 3.241085784737952 5.809094870115388 41.999999999999986
      vertex 3.241085784737952 -6.69090512988461 41.999999999999986
    endloop
  endfacet
  facet normal 0.6691306063588617 -5.540667510591598e-18 0.7431448254773911
    outer loop
      vertex 6.291610607806452 -6.208389392193548 35.93237254218788
      vertex 5.1264138089195415 3.412072129104031 36.98152045230856
      vertex 5.1264138089195415 -7.373586191080457 36.98152045230856
    endloop
  endfacet
  facet normal 0.49999999999999334 0 0.8660254037844425
    outer loop
      vertex 6.291610607806452 -6.208389392193548 35.93237254218788
      vertex 7.6494751769315 -4.850524823068501 35.14840906768049
      vertex 6.291610607806452 3.1999999999999993 35.93237254218788
    endloop
  endfacet
  facet normal 0.3090169943749499 0 0.9510565162951528
    outer loop
      vertex 7.6494751769315 -4.850524823068501 35.14840906768049
      vertex 9.140662318866806 -3.3593376811331943 34.66389299449645
      vertex 7.6494751769315 3.1999999999999993 35.14840906768049
    endloop
  endfacet
  facet normal 0.978147600733806 0 0.20791169081775768
    outer loop
      vertex 3.567076127786348 -7.70677345307461 39.68237254218788
      vertex 3.567076127786348 4.793226546925389 39.68237254218788
      vertex 3.4593636270721975 4.979790070772598 40.18912001621489
    endloop
  endfacet
  facet normal 0.9135454576426261 0 0.40673664307574353
    outer loop
      vertex 4.20480947161671 -8.29519052838329 38.249999999999986
      vertex 4.20480947161671 3.9617007669825917 38.249999999999986
      vertex 4.192608180923426 3.9705655235678172 38.2774045475862
    endloop
  endfacet
  facet normal 0.9135454576426005 -1.5446697850933163e-16 0.4067366430758013
    outer loop
      vertex 4.20480947161671 -8.29519052838329 38.249999999999986
      vertex 4.192608180923426 3.9705655235678172 38.2774045475862
      vertex 3.772949016875157 4.436644243122579 39.21997446254451
    endloop
  endfacet
  facet normal 0.8090169943749458 -6.152283904429005e-17 0.5877852522924755
    outer loop
      vertex 5.1264138089195415 -7.373586191080457 36.98152045230856
      vertex 4.7 3.6019237886466833 37.56842870954466
      vertex 4.20480947161671 3.9617007669825917 38.249999999999986
    endloop
  endfacet
  facet normal 0.9135454576425993 0 0.4067366430758039
    outer loop
      vertex 3.772949016875157 -8.06335575687742 39.21997446254451
      vertex 3.772949016875157 4.436644243122579 39.21997446254451
      vertex 3.567076127786348 4.793226546925389 39.68237254218788
    endloop
  endfacet
  facet normal 0.9781476007338061 1.181841132721257e-16 0.20791169081775693
    outer loop
      vertex 3.4593636270721975 -7.520209929227401 40.1891200162149
      vertex 3.4593636270721975 4.979790070772598 40.18912001621489
      vertex 3.265557197798583 5.57626492754672 41.10090757878606
    endloop
  endfacet
  facet normal 0.9781476007338047 0 0.2079116908177642
    outer loop
      vertex 3.241085784737952 -6.69090512988461 41.216036525492584
      vertex 3.265557197798583 5.57626492754672 41.10090757878606
      vertex 3.241085784737952 5.809094870115388 41.216036525492584
    endloop
  endfacet
  facet normal 1 0 0
    outer loop
      vertex 3.241085784737952 -6.69090512988461 41.216036525492584
      vertex 3.241085784737952 5.809094870115388 41.216036525492584
      vertex 3.241085784737952 5.809094870115388 41.999999999999986
    endloop
  endfacet
  facet normal 0.669130606358876 3.1931361397805653e-15 0.7431448254773783
    outer loop
      vertex 6.291610607806452 -6.208389392193548 35.93237254218788
      vertex 5.272949016875157 3.3468304511145384 36.84957955843329
      vertex 5.1264138089195415 3.412072129104031 36.98152045230856
    endloop
  endfacet
  facet normal 0.6691306063588582 -2.746734616917136e-16 0.7431448254773942
    outer loop
      vertex 6.291610607806452 -6.208389392193548 35.93237254218788
      vertex 5.886414610197041 3.2164343138951796 36.29721265716869
      vertex 5.272949016875157 3.3468304511145384 36.84957955843329
    endloop
  endfacet
  facet normal 0.6691306063588608 -7.912938379053974e-17 0.743144825477392
    outer loop
      vertex 6.291610607806452 -6.208389392193548 35.93237254218788
      vertex 6.2 3.1999999999999993 36.01485910395739
      vertex 5.886414610197041 3.2164343138951796 36.29721265716869
    endloop
  endfacet
  facet normal 0.6691306063588652 0 0.7431448254773878
    outer loop
      vertex 6.291610607806452 -6.208389392193548 35.93237254218788
      vertex 6.291610607806452 3.1999999999999993 35.93237254218788
      vertex 6.2 3.1999999999999993 36.01485910395739
    endloop
  endfacet
  facet normal 0.49999999999999334 0 0.8660254037844426
    outer loop
      vertex 7.6494751769315 -4.850524823068501 35.14840906768049
      vertex 7.6494751769315 3.1999999999999993 35.14840906768049
      vertex 6.291610607806452 3.1999999999999993 35.93237254218788
    endloop
  endfacet
  facet normal 0.10452846326765781 0 0.9945218953682728
    outer loop
      vertex 9.140662318866806 -3.3593376811331943 34.66389299449645
      vertex 10.7 -1.8000000000000007 34.499999999999986
      vertex 9.140662318866806 3.1999999999999993 34.66389299449645
    endloop
  endfacet
  facet normal 0.3090169943749499 0 0.9510565162951528
    outer loop
      vertex 9.140662318866806 -3.3593376811331943 34.66389299449645
      vertex 9.140662318866806 3.1999999999999993 34.66389299449645
      vertex 7.6494751769315 3.1999999999999993 35.14840906768049
    endloop
  endfacet
  facet normal 0.8090169943749462 0 0.5877852522924748
    outer loop
      vertex 5.1264138089195415 -7.373586191080457 36.98152045230856
      vertex 5.1264138089195415 3.412072129104031 36.98152045230856
      vertex 4.7 3.6019237886466833 37.56842870954466
    endloop
  endfacet
  facet normal 0.6691306063588608 1.6813129883946281e-16 0.7431448254773919
    outer loop
      vertex 5.886414610197041 3.2164343138951796 36.29721265716869
      vertex 6.2 3.1999999999999993 36.01485910395739
      vertex 6.2 3.2164343138951796 36.01485910395739
    endloop
  endfacet
  facet normal 0.10452846326765781 8.406539858334095e-20 0.994521895368273
    outer loop
      vertex 9.140662318866806 3.1999999999999993 34.66389299449645
      vertex 10.7 -1.8000000000000007 34.499999999999986
      vertex 10.7 3.1999999999999993 34.499999999999986
    endloop
  endfacet
  facet normal -0.3090169943749511 0 0.9510565162951524
    outer loop
      vertex 70.3505248230685 -4.850524823068501 35.14840906768049
      vertex 70.3505248230685 3.1999999999999993 35.14840906768049
      vertex 68.8593376811332 -3.3593376811331943 34.66389299449645
    endloop
  endfacet
  facet normal -0.6691306063588617 -1.1983131216829408e-17 0.7431448254773911
    outer loop
      vertex 71.70838939219355 -6.208389392193548 35.93237254218788
      vertex 72.87358619108046 -7.373586191080457 36.98152045230856
      vertex 72.42373507245328 3.2655571977985822 36.576472685764735
    endloop
  endfacet
  facet normal -0.49999999999999134 0 0.8660254037844436
    outer loop
      vertex 71.70838939219355 -6.208389392193548 35.93237254218788
      vertex 71.70838939219355 3.1999999999999993 35.93237254218788
      vertex 70.3505248230685 -4.850524823068501 35.14840906768049
    endloop
  endfacet
  facet normal -0.809016994374948 1.884716983006407e-16 0.5877852522924724
    outer loop
      vertex 73.79519052838329 -8.29519052838329 38.249999999999986
      vertex 73.02020992922739 3.4593636270721966 37.18333071460589
      vertex 72.87358619108046 -7.373586191080457 36.98152045230856
    endloop
  endfacet
  facet normal -0.9135454576425996 -2.8489042777130256e-19 0.4067366430758029
    outer loop
      vertex 73.91259476646532 -8.412594766465322 38.51369423614443
      vertex 73.79519052838329 3.981693982747913 38.249999999999986
      vertex 73.79519052838329 -8.29519052838329 38.249999999999986
    endloop
  endfacet
  facet normal -0.9135454576426135 -7.989258523576599e-16 0.4067366430757715
    outer loop
      vertex 73.91259476646532 -8.412594766465322 38.51369423614443
      vertex 74.02943447643217 -8.307391819076575 38.77612052138231
      vertex 73.79519052838329 3.981693982747913 38.249999999999986
    endloop
  endfacet
  facet normal -0.9135454576425984 9.56700975719658e-16 0.40673664307580576
    outer loop
      vertex 74.02943447643217 -8.307391819076575 38.77612052138231
      vertex 74.39807621135331 -7.8 39.60410341441103
      vertex 73.79519052838329 3.981693982747913 38.249999999999986
    endloop
  endfacet
  facet normal -0.9135454576425841 0 0.4067366430758381
    outer loop
      vertex 74.39807621135331 -7.8 39.60410341441103
      vertex 74.43292387221365 -7.721730872223142 39.68237254218788
      vertex 74.39807621135331 4.699999999999999 39.60410341441103
    endloop
  endfacet
  facet normal -0.9781476007338059 0 0.2079116908177582
    outer loop
      vertex 74.43292387221365 -7.721730872223142 39.68237254218788
      vertex 74.65316954888546 -7.227050983124843 40.71854698414053
      vertex 74.43292387221365 4.778269127776856 39.68237254218788
    endloop
  endfacet
  facet normal -0.9781476007338091 0 0.2079116908177435
    outer loop
      vertex 74.65316954888546 -7.227050983124843 40.71854698414053
      vertex 74.75891421526204 -6.729561441772787 41.216036525492584
      vertex 74.65316954888546 5.272949016875156 40.71854698414053
    endloop
  endfacet
  facet normal -1 0 0
    outer loop
      vertex 74.75891421526204 -6.729561441772787 41.216036525492584
      vertex 74.75891421526204 -6.729561441772787 41.999999999999986
      vertex 74.75891421526204 5.770438558227212 41.216036525492584
    endloop
  endfacet
  facet normal -0.10452846326765734 0 0.994521895368273
    outer loop
      vertex 67.3 -1.8000000000000007 34.499999999999986
      vertex 68.8593376811332 3.1999999999999993 34.66389299449645
      vertex 67.3 3.1999999999999993 34.499999999999986
    endloop
  endfacet
  facet normal -0.10452846326765734 0 0.994521895368273
    outer loop
      vertex 68.8593376811332 -3.3593376811331943 34.66389299449645
      vertex 68.8593376811332 3.1999999999999993 34.66389299449645
      vertex 67.3 -1.8000000000000007 34.499999999999986
    endloop
  endfacet
  facet normal -0.30901699437495106 0 0.9510565162951524
    outer loop
      vertex 68.8593376811332 -3.3593376811331943 34.66389299449645
      vertex 70.3505248230685 3.1999999999999993 35.14840906768049
      vertex 68.8593376811332 3.1999999999999993 34.66389299449645
    endloop
  endfacet
  facet normal -0.669130606358894 0 0.743144825477362
    outer loop
      vertex 71.70838939219355 -6.208389392193548 35.93237254218788
      vertex 71.8 3.1999999999999993 36.01485910395739
      vertex 71.70838939219355 3.1999999999999993 35.93237254218788
    endloop
  endfacet
  facet normal -0.49999999999999134 0 0.8660254037844436
    outer loop
      vertex 70.3505248230685 -4.850524823068501 35.14840906768049
      vertex 71.70838939219355 3.1999999999999993 35.93237254218788
      vertex 70.3505248230685 3.1999999999999993 35.14840906768049
    endloop
  endfacet
  facet normal -0.669130606358857 -6.519692267630027e-16 0.7431448254773954
    outer loop
      vertex 71.70838939219355 -6.208389392193548 35.93237254218788
      vertex 72.42373507245328 3.2655571977985822 36.576472685764735
      vertex 71.8 3.1999999999999993 36.01485910395739
    endloop
  endfacet
  facet normal -0.6691306063588616 0 0.7431448254773912
    outer loop
      vertex 72.87358619108046 -7.373586191080457 36.98152045230856
      vertex 72.87358619108046 3.411722686612963 36.98152045230856
      vertex 72.42373507245328 3.2655571977985822 36.576472685764735
    endloop
  endfacet
  facet normal -0.8090169943749432 0 0.5877852522924789
    outer loop
      vertex 72.87358619108046 -7.373586191080457 36.98152045230856
      vertex 73.02020992922739 3.4593636270721966 37.18333071460589
      vertex 72.87358619108046 3.411722686612963 36.98152045230856
    endloop
  endfacet
  facet normal -0.8090169943749494 -9.739030777118489e-17 0.5877852522924701
    outer loop
      vertex 73.79519052838329 -8.29519052838329 38.249999999999986
      vertex 73.56335575687741 3.772949016875156 37.930906811962736
      vertex 73.02020992922739 3.4593636270721966 37.18333071460589
    endloop
  endfacet
  facet normal -0.8090169943749478 0 0.5877852522924726
    outer loop
      vertex 73.79519052838329 -8.29519052838329 38.249999999999986
      vertex 73.79519052838329 3.981693982747913 38.249999999999986
      vertex 73.56335575687741 3.772949016875156 37.930906811962736
    endloop
  endfacet
  facet normal -0.9135454576426025 -3.358580525370325e-16 0.4067366430757964
    outer loop
      vertex 74.39807621135331 -7.8 39.60410341441103
      vertex 74.02943447643217 4.1926081809234255 38.776120521382296
      vertex 73.79519052838329 3.981693982747913 38.249999999999986
    endloop
  endfacet
  facet normal -0.9135454576426009 0 0.40673664307580043
    outer loop
      vertex 74.39807621135331 -7.8 39.60410341441103
      vertex 74.39807621135331 4.699999999999999 39.60410341441103
      vertex 74.02943447643217 4.1926081809234255 38.776120521382296
    endloop
  endfacet
  facet normal -0.913545457642584 0 0.40673664307583807
    outer loop
      vertex 74.43292387221365 -7.721730872223142 39.68237254218788
      vertex 74.43292387221365 4.778269127776856 39.68237254218788
      vertex 74.39807621135331 4.699999999999999 39.60410341441103
    endloop
  endfacet
  facet normal -0.9781476007338059 0 0.2079116908177582
    outer loop
      vertex 74.65316954888546 -7.227050983124843 40.71854698414053
      vertex 74.65316954888546 5.272949016875156 40.71854698414053
      vertex 74.43292387221365 4.778269127776856 39.68237254218788
    endloop
  endfacet
  facet normal -0.9781476007338091 0 0.2079116908177435
    outer loop
      vertex 74.75891421526204 -6.729561441772787 41.216036525492584
      vertex 74.75891421526204 5.770438558227212 41.216036525492584
      vertex 74.65316954888546 5.272949016875156 40.71854698414053
    endloop
  endfacet
  facet normal -1 0 0
    outer loop
      vertex 74.75891421526204 -6.729561441772787 41.999999999999986
      vertex 74.75891421526204 5.770438558227212 41.999999999999986
      vertex 74.75891421526204 5.770438558227212 41.216036525492584
    endloop
  endfacet
  facet normal -0.20791168937151824 -0.9781476010412138 0
    outer loop
      vertex 31.5 28.4921875 72.05669273135182
      vertex 28 29.236135460436344 104.84499999999998
      vertex 28 29.236135460436344 79.56246695313527
    endloop
  endfacet
  facet normal -1 0 0
    outer loop
      vertex 28 29.236135460436344 79.56246695313527
      vertex 28 30.9921875 104.84499999999998
      vertex 28 30.9921875 79.56246695313527
    endloop
  endfacet
  facet normal -1 0 0
    outer loop
      vertex 31.5 28.484375 71.97005453930086
      vertex 31.5 25 71.97005453930086
      vertex 31.5 28.484375 72.05669273135182
    endloop
  endfacet
  facet normal -1 0 0
    outer loop
      vertex 31.5 28.484375 72.05669273135182
      vertex 31.5 25 71.97005453930086
      vertex 31.5 28.4921875 104.84499999999998
    endloop
  endfacet
  facet normal -1 0 0
    outer loop
      vertex 31.5 28.484375 72.05669273135182
      vertex 31.5 28.4921875 104.84499999999998
      vertex 31.5 28.4921875 72.05669273135182
    endloop
  endfacet
  facet normal 0 1 0
    outer loop
      vertex 29.830829944169107 30.9921875 75.6362394675885
      vertex 28 30.9921875 79.56246695313527
      vertex 50 30.9921875 104.84499999999998
    endloop
  endfacet
  facet normal -1 0 0
    outer loop
      vertex 28 29.236135460436344 79.56246695313527
      vertex 28 29.236135460436344 104.84499999999998
      vertex 28 30.9921875 104.84499999999998
    endloop
  endfacet
  facet normal -1 0 0
    outer loop
      vertex 31.5 28.4921875 104.84499999999998
      vertex 31.5 25 71.97005453930086
      vertex 31.5 25 104.84499999999998
    endloop
  endfacet
  facet normal -0.20791168937151822 -0.9781476010412137 0
    outer loop
      vertex 31.5 28.4921875 72.05669273135182
      vertex 31.5 28.4921875 104.84499999999998
      vertex 28 29.236135460436344 104.84499999999998
    endloop
  endfacet
  facet normal 0 1 0
    outer loop
      vertex 28 30.9921875 79.56246695313527
      vertex 28 30.9921875 104.84499999999998
      vertex 50 30.9921875 104.84499999999998
    endloop
  endfacet
  facet normal 1 0 0
    outer loop
      vertex 46.4921875 27.856766288391594 71.97005453930086
      vertex 46.4921875 28.484375 71.93948327551793
      vertex 46.4921875 28.484375 72.03993877103534
    endloop
  endfacet
  facet normal 0 1 0
    outer loop
      vertex 29.830829944169107 30.9921875 75.6362394675885
      vertex 50 30.9921875 79.56246695313527
      vertex 48.16917005583089 30.9921875 75.6362394675885
    endloop
  endfacet
  facet normal 0 1 0
    outer loop
      vertex 29.830829944169107 30.9921875 75.6362394675885
      vertex 50 30.9921875 104.84499999999998
      vertex 50 30.9921875 79.56246695313527
    endloop
  endfacet
  facet normal 1 0 0
    outer loop
      vertex 46.4921875 27.856766288391594 71.97005453930086
      vertex 46.4921875 25 104.84499999999998
      vertex 46.4921875 25 71.97005453930086
    endloop
  endfacet
  facet normal 1 0 0
    outer loop
      vertex 46.4921875 27.856766288391594 71.97005453930086
      vertex 46.4921875 28.484375 72.03993877103534
      vertex 46.4921875 25 104.84499999999998
    endloop
  endfacet
  facet normal 1 0 0
    outer loop
      vertex 46.4921875 28.484375 72.03993877103534
      vertex 46.4921875 28.4921875 72.03993877103534
      vertex 46.4921875 25 104.84499999999998
    endloop
  endfacet
  facet normal 0 -1 0
    outer loop
      vertex 46.4921875 28.4921875 72.03993877103534
      vertex 46.5 28.4921875 72.05669273135182
      vertex 46.4921875 28.4921875 104.84499999999998
    endloop
  endfacet
  facet normal 0.20791168937151822 -0.9781476010412137 0
    outer loop
      vertex 46.5 28.4921875 72.05669273135182
      vertex 50 29.236135460436344 79.56246695313527
      vertex 46.5 28.4921875 104.84499999999998
    endloop
  endfacet
  facet normal 1 0 0
    outer loop
      vertex 50 29.236135460436344 79.56246695313527
      vertex 50 30.9921875 79.56246695313527
      vertex 50 29.236135460436344 104.84499999999998
    endloop
  endfacet
  facet normal 1 0 0
    outer loop
      vertex 46.4921875 28.4921875 72.03993877103534
      vertex 46.4921875 28.4921875 104.84499999999998
      vertex 46.4921875 25 104.84499999999998
    endloop
  endfacet
  facet normal 0 -1 0
    outer loop
      vertex 46.5 28.4921875 72.05669273135182
      vertex 46.5 28.4921875 104.84499999999998
      vertex 46.4921875 28.4921875 104.84499999999998
    endloop
  endfacet
  facet normal 0.20791168937151824 -0.9781476010412138 0
    outer loop
      vertex 50 29.236135460436344 79.56246695313527
      vertex 50 29.236135460436344 104.84499999999998
      vertex 46.5 28.4921875 104.84499999999998
    endloop
  endfacet
  facet normal 1 0 0
    outer loop
      vertex 50 30.9921875 79.56246695313527
      vertex 50 30.9921875 104.84499999999998
      vertex 50 29.236135460436344 104.84499999999998
    endloop
  endfacet
  facet normal -0.9063077870366499 0 -0.42261826174069944
    outer loop
      vertex 31.5 28.4921875 72.05669273135182
      vertex 28 29.236135460436344 79.56246695313527
      vertex 28 30.9921875 79.56246695313527
    endloop
  endfacet
  facet normal 0 1 0
    outer loop
      vertex 31.5 28.484375 71.97005453930086
      vertex 31.5 28.484375 72.05669273135182
      vertex 31.5078125 28.484375 71.97005453930086
    endloop
  endfacet
  facet normal -0.9063077870366507 -7.320178325041384e-17 -0.42261826174069783
    outer loop
      vertex 31.6 28.484375 71.84224203930086
      vertex 31.5 28.484375 72.05669273135182
      vertex 31.5 28.4921875 72.05669273135182
    endloop
  endfacet
  facet normal 0 1 0
    outer loop
      vertex 31.5078125 28.484375 71.7992543020647
      vertex 31.5078125 28.484375 71.97005453930086
      vertex 31.6 28.484375 71.84224203930086
    endloop
  endfacet
  facet normal 0 1 0
    outer loop
      vertex 31.6 28.484375 71.84224203930086
      vertex 31.5078125 28.484375 71.97005453930086
      vertex 31.5 28.484375 72.05669273135182
    endloop
  endfacet
  facet normal -0.42261826174066414 0 0.9063077870366664
    outer loop
      vertex 31.5078125 28.484375 71.7992543020647
      vertex 31.6 28.484375 71.84224203930086
      vertex 31.5078125 28.952026298345817 71.7992543020647
    endloop
  endfacet
  facet normal -0.42261826174066414 0 0.9063077870366664
    outer loop
      vertex 31.6 28.484375 71.84224203930086
      vertex 31.6 28.97488328368007 71.84224203930086
      vertex 31.5078125 28.952026298345817 71.7992543020647
    endloop
  endfacet
  facet normal -0.9063077870366502 0 -0.4226182617406991
    outer loop
      vertex 31.6 28.484375 71.84224203930086
      vertex 29.830829944169107 30.9921875 75.6362394675885
      vertex 31.6 28.97488328368007 71.84224203930086
    endloop
  endfacet
  facet normal -0.9063077870366508 -6.816011840362017e-15 -0.4226182617406976
    outer loop
      vertex 31.6 28.484375 71.84224203930086
      vertex 31.5 28.4921875 72.05669273135182
      vertex 28 30.9921875 79.56246695313527
    endloop
  endfacet
  facet normal -0.9063077870366497 1.137224198823895e-15 -0.4226182617406997
    outer loop
      vertex 31.6 28.484375 71.84224203930086
      vertex 28 30.9921875 79.56246695313527
      vertex 29.830829944169107 30.9921875 75.6362394675885
    endloop
  endfacet
  facet normal 0 1 0
    outer loop
      vertex 46.4 28.484375 71.84224203930086
      vertex 46.4921875 28.484375 71.93948327551793
      vertex 46.4921875 28.484375 71.7992543020647
    endloop
  endfacet
  facet normal 0 1 0
    outer loop
      vertex 46.4 28.484375 71.84224203930086
      vertex 46.4921875 28.484375 72.03993877103534
      vertex 46.4921875 28.484375 71.93948327551793
    endloop
  endfacet
  facet normal 0.9063077870366528 7.666642538217863e-16 -0.42261826174069317
    outer loop
      vertex 46.4 28.484375 71.84224203930086
      vertex 46.4921875 28.4921875 72.03993877103534
      vertex 46.4921875 28.484375 72.03993877103534
    endloop
  endfacet
  facet normal 0.42261826174066414 6.726361696088806e-18 0.9063077870366664
    outer loop
      vertex 46.4 28.484375 71.84224203930086
      vertex 46.4921875 28.484375 71.7992543020647
      vertex 46.4921875 28.952026298345817 71.7992543020647
    endloop
  endfacet
  facet normal 0.9063077870366528 0 -0.42261826174069317
    outer loop
      vertex 46.4 28.484375 71.84224203930086
      vertex 46.4 28.97488328368007 71.84224203930086
      vertex 46.4921875 28.4921875 72.03993877103534
    endloop
  endfacet
  facet normal 0.42261826174066414 0 0.9063077870366664
    outer loop
      vertex 46.4 28.484375 71.84224203930086
      vertex 46.4921875 28.952026298345817 71.7992543020647
      vertex 46.4 28.97488328368007 71.84224203930086
    endloop
  endfacet
  facet normal 0.9063077870366499 -3.0626857223310044e-15 -0.42261826174069933
    outer loop
      vertex 46.4921875 28.4921875 72.03993877103534
      vertex 46.4 28.97488328368007 71.84224203930086
      vertex 50 29.236135460436344 79.56246695313527
    endloop
  endfacet
  facet normal 0.9063077870366252 6.538993719928851e-13 -0.42261826174075273
    outer loop
      vertex 46.4921875 28.4921875 72.03993877103534
      vertex 50 29.236135460436344 79.56246695313527
      vertex 46.5 28.4921875 72.05669273135182
    endloop
  endfacet
  facet normal 0.90630778703665 2.4768137837551777e-15 -0.4226182617406995
    outer loop
      vertex 46.4 28.97488328368007 71.84224203930086
      vertex 48.16917005583089 30.9921875 75.6362394675885
      vertex 50 29.236135460436344 79.56246695313527
    endloop
  endfacet
  facet normal 0.9063077870366495 0 -0.4226182617407004
    outer loop
      vertex 50 29.236135460436344 79.56246695313527
      vertex 48.16917005583089 30.9921875 75.6362394675885
      vertex 50 30.9921875 79.56246695313527
    endloop
  endfacet
  facet normal -1 0 0
    outer loop
      vertex 31.5078125 28.484375 71.97005453930086
      vertex 31.5078125 25 64.36657385102102
      vertex 31.5078125 25 71.97005453930086
    endloop
  endfacet
  facet normal 0 0 -1
    outer loop
      vertex 31.5 28.484375 71.97005453930086
      vertex 31.5078125 25 71.97005453930086
      vertex 31.5 25 71.97005453930086
    endloop
  endfacet
  facet normal -1 0 0
    outer loop
      vertex 31.5078125 28.484375 71.7992543020647
      vertex 31.5078125 25 64.36657385102102
      vertex 31.5078125 28.484375 71.97005453930086
    endloop
  endfacet
  facet normal -1 0 0
    outer loop
      vertex 31.5078125 28.484375 71.7992543020647
      vertex 31.5078125 28.952026298345817 71.7992543020647
      vertex 31.5078125 25 64.36657385102102
    endloop
  endfacet
  facet normal 0 0 -1
    outer loop
      vertex 31.5 28.484375 71.97005453930086
      vertex 31.5078125 28.484375 71.97005453930086
      vertex 31.5078125 25 71.97005453930086
    endloop
  endfacet
  facet normal 1 0 0
    outer loop
      vertex 46.4921875 28.484375 71.7992543020647
      vertex 46.4921875 25 71.97005453930086
      vertex 46.4921875 25 64.36657385102102
    endloop
  endfacet
  facet normal 1 0 0
    outer loop
      vertex 46.4921875 28.484375 71.7992543020647
      vertex 46.4921875 25 64.36657385102102
      vertex 46.4921875 28.952026298345817 71.7992543020647
    endloop
  endfacet
  facet normal 1 0 0
    outer loop
      vertex 46.4921875 27.856766288391594 71.97005453930086
      vertex 46.4921875 25 71.97005453930086
      vertex 46.4921875 28.484375 71.7992543020647
    endloop
  endfacet
  facet normal 1 0 0
    outer loop
      vertex 46.4921875 27.856766288391594 71.97005453930086
      vertex 46.4921875 28.484375 71.7992543020647
      vertex 46.4921875 28.484375 71.93948327551793
    endloop
  endfacet
  facet normal -1.0271435268070377e-17 0.882947592858927 -0.46947156278589064
    outer loop
      vertex 31.5078125 28.952026298345817 71.7992543020647
      vertex 46.4921875 25 64.36657385102102
      vertex 31.5078125 25 64.36657385102102
    endloop
  endfacet
  facet normal -1.2052445826675827e-14 0.8829475928589169 -0.46947156278590957
    outer loop
      vertex 31.5078125 28.952026298345817 71.7992543020647
      vertex 31.6 28.97488328368007 71.84224203930086
      vertex 46.4921875 25 64.36657385102102
    endloop
  endfacet
  facet normal 7.420484934670808e-16 0.8829475928589275 -0.4694715627858898
    outer loop
      vertex 31.6 28.97488328368007 71.84224203930086
      vertex 29.830829944169107 30.9921875 75.6362394675885
      vertex 46.4921875 25 64.36657385102102
    endloop
  endfacet
  facet normal -2.5684973724067477e-16 0.8829475928589269 -0.46947156278589086
    outer loop
      vertex 29.830829944169107 30.9921875 75.6362394675885
      vertex 46.4 28.97488328368007 71.84224203930086
      vertex 46.4921875 25 64.36657385102102
    endloop
  endfacet
  facet normal 2.339065993140033e-14 0.8829475928589271 -0.46947156278589064
    outer loop
      vertex 46.4 28.97488328368007 71.84224203930086
      vertex 46.4921875 28.952026298345817 71.7992543020647
      vertex 46.4921875 25 64.36657385102102
    endloop
  endfacet
  facet normal 0 0.8829475928589273 -0.46947156278589003
    outer loop
      vertex 29.830829944169107 30.9921875 75.6362394675885
      vertex 48.16917005583089 30.9921875 75.6362394675885
      vertex 46.4 28.97488328368007 71.84224203930086
    endloop
  endfacet
  facet normal 0 0 1
    outer loop
      vertex 28 29.236135460436344 104.84499999999998
      vertex 31.5 28.4921875 104.84499999999998
      vertex 28 30.9921875 104.84499999999998
    endloop
  endfacet
  facet normal 0 0 1
    outer loop
      vertex 31.5 28.4921875 104.84499999999998
      vertex 31.5 25 104.84499999999998
      vertex 46.4921875 28.4921875 104.84499999999998
    endloop
  endfacet
  facet normal 0 0 1
    outer loop
      vertex 31.5 28.4921875 104.84499999999998
      vertex 50 30.9921875 104.84499999999998
      vertex 28 30.9921875 104.84499999999998
    endloop
  endfacet
  facet normal 0 0 1
    outer loop
      vertex 46.4921875 28.4921875 104.84499999999998
      vertex 31.5 25 104.84499999999998
      vertex 46.4921875 25 104.84499999999998
    endloop
  endfacet
  facet normal 0 0 1
    outer loop
      vertex 31.5 28.4921875 104.84499999999998
      vertex 46.4921875 28.4921875 104.84499999999998
      vertex 50 30.9921875 104.84499999999998
    endloop
  endfacet
  facet normal 0 0 1
    outer loop
      vertex 46.4921875 28.4921875 104.84499999999998
      vertex 46.5 28.4921875 104.84499999999998
      vertex 50 30.9921875 104.84499999999998
    endloop
  endfacet
  facet normal 0 0 1
    outer loop
      vertex 46.5 28.4921875 104.84499999999998
      vertex 50 29.236135460436344 104.84499999999998
      vertex 50 30.9921875 104.84499999999998
    endloop
  endfacet
  facet normal 0 0 1
    outer loop
      vertex 3.581886146929385 0.021912418526905952 30.49999999999999
      vertex 3.772949016875157 4.43664424312258 30.49999999999999
      vertex 3.2 0.1030848248676296 30.49999999999999
    endloop
  endfacet
  facet normal 1 0 0
    outer loop
      vertex 3.2 0.1030848248676296 30.49999999999999
      vertex 3.2 6.2 30.49999999999999
      vertex 3.2 0.1030848248676296 31.869793897427638
    endloop
  endfacet
  facet normal 0 0 1
    outer loop
      vertex 3.581886146929385 0.021912418526905952 30.49999999999999
      vertex 4 0.021912418526905952 30.49999999999999
      vertex 4.7 3.601923788646684 30.49999999999999
    endloop
  endfacet
  facet normal 0 0 1
    outer loop
      vertex 4 0.021912418526905952 30.49999999999999
      vertex 4 0 30.49999999999999
      vertex 4.7 3.601923788646684 30.49999999999999
    endloop
  endfacet
  facet normal 0 0 1
    outer loop
      vertex 4 0 30.49999999999999
      vertex 5.272949016875157 3.3468304511145393 30.49999999999999
      vertex 4.7 3.601923788646684 30.49999999999999
    endloop
  endfacet
  facet normal 0 0 1
    outer loop
      vertex 3.2 0.1030848248676296 30.49999999999999
      vertex 3.772949016875157 4.43664424312258 30.49999999999999
      vertex 3.4593636270721975 4.9797900707726 30.49999999999999
    endloop
  endfacet
  facet normal 0 0 1
    outer loop
      vertex 3.2 0.1030848248676296 30.49999999999999
      vertex 3.4593636270721975 4.9797900707726 30.49999999999999
      vertex 3.265557197798583 5.576264927546722 30.49999999999999
    endloop
  endfacet
  facet normal 0 0 1
    outer loop
      vertex 3.581886146929385 0.021912418526905952 30.49999999999999
      vertex 4.7 3.601923788646684 30.49999999999999
      vertex 4.192608180923426 3.970565523567818 30.49999999999999
    endloop
  endfacet
  facet normal 0 0 1
    outer loop
      vertex 3.581886146929385 0.021912418526905952 30.49999999999999
      vertex 4.192608180923426 3.970565523567818 30.49999999999999
      vertex 3.772949016875157 4.43664424312258 30.49999999999999
    endloop
  endfacet
  facet normal 0 0 1
    outer loop
      vertex 4 0 30.49999999999999
      vertex 7.5 0 30.49999999999999
      vertex 7.5 3.1999999999999993 30.49999999999999
    endloop
  endfacet
  facet normal 0 0 1
    outer loop
      vertex 4 0 30.49999999999999
      vertex 5.886414610197041 3.2164343138951805 30.49999999999999
      vertex 5.272949016875157 3.3468304511145393 30.49999999999999
    endloop
  endfacet
  facet normal 0 0 1
    outer loop
      vertex 4 0 30.49999999999999
      vertex 6.2 3.2 30.49999999999999
      vertex 5.886414610197041 3.2164343138951805 30.49999999999999
    endloop
  endfacet
  facet normal 0 0 1
    outer loop
      vertex 4 0 30.49999999999999
      vertex 7.5 3.1999999999999993 30.49999999999999
      vertex 6.2 3.2 30.49999999999999
    endloop
  endfacet
  facet normal 0 0 1
    outer loop
      vertex 5.886414610197041 3.2164343138951805 30.49999999999999
      vertex 6.2 3.2 30.49999999999999
      vertex 6.2 3.2164343138951805 30.49999999999999
    endloop
  endfacet
  facet normal 0 0 1
    outer loop
      vertex 3.2 0.1030848248676296 30.49999999999999
      vertex 3.265557197798583 5.576264927546722 30.49999999999999
      vertex 3.2 6.2 30.49999999999999
    endloop
  endfacet
  facet normal 1 0 0
    outer loop
      vertex 3.2 0.1030848248676296 31.869793897427638
      vertex 3.2 6.2 30.49999999999999
      vertex 3.2 6.199999999999999 31.869793897427638
    endloop
  endfacet
  facet normal 0 0 1
    outer loop
      vertex 70.5 0 30.49999999999999
      vertex 74 0 30.49999999999999
      vertex 71.8 3.2 30.49999999999999
    endloop
  endfacet
  facet normal 0 0 1
    outer loop
      vertex 70.5 0 30.49999999999999
      vertex 71.8 3.2 30.49999999999999
      vertex 70.5 3.1999999999999993 30.49999999999999
    endloop
  endfacet
  facet normal 0 0 1
    outer loop
      vertex 74 0 30.49999999999999
      vertex 72.42373507245328 3.265557197798583 30.49999999999999
      vertex 71.8 3.2 30.49999999999999
    endloop
  endfacet
  facet normal 0 0 1
    outer loop
      vertex 74 0 30.49999999999999
      vertex 73.02020992922739 3.4593636270721975 30.49999999999999
      vertex 72.42373507245328 3.265557197798583 30.49999999999999
    endloop
  endfacet
  facet normal 0 0 1
    outer loop
      vertex 74 0 30.49999999999999
      vertex 73.56335575687741 3.772949016875157 30.49999999999999
      vertex 73.02020992922739 3.4593636270721975 30.49999999999999
    endloop
  endfacet
  facet normal 0 0 1
    outer loop
      vertex 74 0 30.49999999999999
      vertex 74.8 0.08408338821254051 30.49999999999999
      vertex 74.78356568610481 5.88641461019704 30.49999999999999
    endloop
  endfacet
  facet normal -1 0 0
    outer loop
      vertex 74.8 0.08408338821254051 30.49999999999999
      vertex 74.8 0.08408338821254051 31.86979389742763
      vertex 74.8 6.2 30.49999999999999
    endloop
  endfacet
  facet normal 0 0 1
    outer loop
      vertex 74 0 30.49999999999999
      vertex 74.02943447643217 4.192608180923426 30.49999999999999
      vertex 73.56335575687741 3.772949016875157 30.49999999999999
    endloop
  endfacet
  facet normal 0 0 1
    outer loop
      vertex 74 0 30.49999999999999
      vertex 74.39807621135331 4.7 30.49999999999999
      vertex 74.02943447643217 4.192608180923426 30.49999999999999
    endloop
  endfacet
  facet normal 0 0 1
    outer loop
      vertex 74 0 30.49999999999999
      vertex 74.65316954888546 5.272949016875158 30.49999999999999
      vertex 74.39807621135331 4.7 30.49999999999999
    endloop
  endfacet
  facet normal 0 0 1
    outer loop
      vertex 74 0 30.49999999999999
      vertex 74.78356568610481 5.88641461019704 30.49999999999999
      vertex 74.65316954888546 5.272949016875158 30.49999999999999
    endloop
  endfacet
  facet normal 0 0 1
    outer loop
      vertex 74.8 0.08408338821254051 30.49999999999999
      vertex 74.8 6.2 30.49999999999999
      vertex 74.78356568610481 5.88641461019704 30.49999999999999
    endloop
  endfacet
  facet normal -1 0 0
    outer loop
      vertex 74.8 0.08408338821254051 31.86979389742763
      vertex 74.8 6.199999999999999 31.86979389742763
      vertex 74.8 6.2 30.49999999999999
    endloop
  endfacet
  facet normal 0 0 1
    outer loop
      vertex 74.78356568610481 5.88641461019704 30.49999999999999
      vertex 74.8 6.2 30.49999999999999
      vertex 74.78356568610481 6.2 30.49999999999999
    endloop
  endfacet
  facet normal -1 0 0
    outer loop
      vertex 74.8 0.08408338821254054 77.17796193984039
      vertex 74.8 0.08408338821254054 79.03799100098485
      vertex 74.8 0.39122160834868014 77.17796193984039
    endloop
  endfacet
  facet normal -1 0 0
    outer loop
      vertex 74.8 6.2 80.000796812749
      vertex 74.8 0.08408338821254056 117.69999999999999
      vertex 74.8 6.2 117.69999999999999
    endloop
  endfacet
  facet normal 0 -1 0
    outer loop
      vertex 77.97808758147309 -8.5 37.999999999999986
      vertex 78 -8.5 37.999999999999986
      vertex 77.97808758147309 -8.5 117.69999999999999
    endloop
  endfacet
  facet normal 0 -1 0
    outer loop
      vertex 78 -8.5 37.999999999999986
      vertex 78 -8.5 117.69999999999999
      vertex 77.97808758147309 -8.5 117.69999999999999
    endloop
  endfacet
  facet normal 1 0 0
    outer loop
      vertex 74 25 31.40791368207594
      vertex 74 24.97808758147309 117.69999999999999
      vertex 74 24.978087581473094 31.40791368207594
    endloop
  endfacet
  facet normal 1 0 0
    outer loop
      vertex 74 25 31.40791368207594
      vertex 74 25 117.69999999999999
      vertex 74 24.97808758147309 117.69999999999999
    endloop
  endfacet
  facet normal -1 0 0
    outer loop
      vertex 4 -12.478087581473094 37.999999999999986
      vertex 4 -12.5 37.999999999999986
      vertex 4 -12.478087581473094 117.69999999999999
    endloop
  endfacet
  facet normal -1 0 0
    outer loop
      vertex 4 -12.5 37.999999999999986
      vertex 4 -12.5 117.69999999999999
      vertex 4 -12.478087581473094 117.69999999999999
    endloop
  endfacet
  facet normal 0 1 0
    outer loop
      vertex 0 21 37.999999999999986
      vertex 0.021912418526909505 21 117.69999999999999
      vertex 0.021912418526909505 21 37.999999999999986
    endloop
  endfacet
  facet normal 0 1 0
    outer loop
      vertex 0 21 37.999999999999986
      vertex 0 21 117.69999999999999
      vertex 0.021912418526909505 21 117.69999999999999
    endloop
  endfacet
  facet normal 0.6691306063588635 -0.7431448254773895 2.20272173791827e-14
    outer loop
      vertex 76.61866251869881 -11.49519052838329 34.249999999999986
      vertex 76.81679302195377 -11.316793021953764 34.00445689749324
      vertex 76.97257930190958 -11.176522425435433 34.218878316681895
    endloop
  endfacet
  facet normal 0.8090169943749286 -0.5877852522924991 1.6976723248243657e-14
    outer loop
      vertex 76.97257930190958 -11.176522425435433 34.218878316681895
      vertex 76.99519052838329 -11.145400742117335 34.249999999999986
      vertex 77.46410161513776 -10.5 35.3031915445419
    endloop
  endfacet
  facet normal 0.10452846326765083 -0.9945218953682736 0
    outer loop
      vertex 74.3909051298846 -12.458914215262048 37.216036525492584
      vertex 74.83164676327104 -12.412590402935223 36.99810012323397
      vertex 74.3909051298846 -12.458914215262048 37.999999999999986
    endloop
  endfacet
  facet normal 0.9781476007338084 -0.2079116908177468 4.886039511986578e-18
    outer loop
      vertex 77.80422606518061 -9.73606797749979 36.48828599703995
      vertex 77.95891421526204 -9.008317449047142 37.216036525492584
      vertex 77.95891421526204 -9.008317449047142 37.999999999999986
    endloop
  endfacet
  facet normal 0.10452846326765564 -0.9945218953682731 0
    outer loop
      vertex 74 -12.5 37.999999999999986
      vertex 74.3909051298846 -12.458914215262048 37.999999999999986
      vertex 74 -12.5 117.69999999999999
    endloop
  endfacet
  facet normal 0.10452846326765083 -0.9945218953682736 0
    outer loop
      vertex 74.83164676327104 -12.412590402935223 36.99810012323397
      vertex 74.83164676327104 -12.412590402935223 117.69999999999999
      vertex 74.3909051298846 -12.458914215262048 37.999999999999986
    endloop
  endfacet
  facet normal 0.3090169943749481 -0.9510565162951534 0
    outer loop
      vertex 75.6269465723032 -12.154181830570405 35.7823833731391
      vertex 75.6269465723032 -12.154181830570405 117.69999999999999
      vertex 74.83164676327104 -12.412590402935223 36.99810012323397
    endloop
  endfacet
  facet normal 0.6691306063588551 -0.7431448254773969 5.4557946386708134e-17
    outer loop
      vertex 76.3511410091699 -11.73606797749979 34.79101960871989
      vertex 76.61866251869881 -11.49519052838329 34.249999999999986
      vertex 76.97257930190958 -11.176522425435433 117.69999999999999
    endloop
  endfacet
  facet normal 0.6691306063588623 -0.7431448254773905 -7.705232706320359e-20
    outer loop
      vertex 76.61866251869881 -11.49519052838329 34.249999999999986
      vertex 76.97257930190958 -11.176522425435433 34.218878316681895
      vertex 76.97257930190958 -11.176522425435433 117.69999999999999
    endloop
  endfacet
  facet normal 0.50000000000006 -0.866025403784404 -7.243459800990705e-16
    outer loop
      vertex 75.6269465723032 -12.154181830570405 35.7823833731391
      vertex 75.66376643624227 -12.132923872213652 35.68237254218788
      vertex 76.3511410091699 -11.73606797749979 117.69999999999999
    endloop
  endfacet
  facet normal 0.4999999999999951 -0.8660254037844415 -2.847934832839182e-20
    outer loop
      vertex 75.66376643624227 -12.132923872213652 35.68237254218788
      vertex 76.3511410091699 -11.73606797749979 34.79101960871989
      vertex 76.3511410091699 -11.73606797749979 117.69999999999999
    endloop
  endfacet
  facet normal 0.8090169943749416 -0.5877852522924812 -2.9905633952137635e-19
    outer loop
      vertex 76.97257930190958 -11.176522425435433 34.218878316681895
      vertex 77.46410161513776 -10.5 35.3031915445419
      vertex 77.46410161513776 -10.5 117.69999999999999
    endloop
  endfacet
  facet normal 0.9135454576426082 -0.4067366430757835 -8.221937997091726e-17
    outer loop
      vertex 77.46410161513776 -10.5 35.3031915445419
      vertex 77.63292387221365 -10.120819002354025 35.68237254218788
      vertex 77.80422606518061 -9.73606797749979 117.69999999999999
    endloop
  endfacet
  facet normal 0.9135454576426016 -0.40673664307579815 -1.98896508989815e-19
    outer loop
      vertex 77.63292387221365 -10.120819002354025 35.68237254218788
      vertex 77.80422606518061 -9.73606797749979 36.48828599703995
      vertex 77.80422606518061 -9.73606797749979 117.69999999999999
    endloop
  endfacet
  facet normal 0.9781476007338084 -0.20791169081774658 -9.887734682150167e-17
    outer loop
      vertex 77.80422606518061 -9.73606797749979 36.48828599703995
      vertex 77.95891421526204 -9.008317449047142 37.999999999999986
      vertex 77.97808758147309 -8.918113853070615 117.69999999999999
    endloop
  endfacet
  facet normal 0.9781476007337906 -0.20791169081783034 -1.4635160095146352e-20
    outer loop
      vertex 77.95891421526204 -9.008317449047142 37.999999999999986
      vertex 77.97808758147309 -8.918113853070615 37.999999999999986
      vertex 77.97808758147309 -8.918113853070615 117.69999999999999
    endloop
  endfacet
  facet normal 1 0 0
    outer loop
      vertex 77.97808758147309 -8.918113853070615 37.999999999999986
      vertex 77.97808758147309 -8.5 37.999999999999986
      vertex 77.97808758147309 -8.5 117.69999999999999
    endloop
  endfacet
  facet normal 0.10452846326765308 -0.9945218953682734 -1.26267678790354e-17
    outer loop
      vertex 74.3909051298846 -12.458914215262048 37.999999999999986
      vertex 74.83164676327104 -12.412590402935223 117.69999999999999
      vertex 74 -12.5 117.69999999999999
    endloop
  endfacet
  facet normal 0.30901699437494806 -0.9510565162951534 0
    outer loop
      vertex 74.83164676327104 -12.412590402935223 36.99810012323397
      vertex 75.6269465723032 -12.154181830570405 117.69999999999999
      vertex 74.83164676327104 -12.412590402935223 117.69999999999999
    endloop
  endfacet
  facet normal 0.49999999999999856 -0.8660254037844395 0
    outer loop
      vertex 75.6269465723032 -12.154181830570405 35.7823833731391
      vertex 76.3511410091699 -11.73606797749979 117.69999999999999
      vertex 75.6269465723032 -12.154181830570405 117.69999999999999
    endloop
  endfacet
  facet normal 0.6691306063588592 -0.7431448254773932 0
    outer loop
      vertex 76.3511410091699 -11.73606797749979 34.79101960871989
      vertex 76.97257930190958 -11.176522425435433 117.69999999999999
      vertex 76.3511410091699 -11.73606797749979 117.69999999999999
    endloop
  endfacet
  facet normal 0.8090169943749416 -0.5877852522924814 0
    outer loop
      vertex 76.97257930190958 -11.176522425435433 34.218878316681895
      vertex 77.46410161513776 -10.5 117.69999999999999
      vertex 76.97257930190958 -11.176522425435433 117.69999999999999
    endloop
  endfacet
  facet normal 0.9135454576426051 -0.406736643075791 0
    outer loop
      vertex 77.46410161513776 -10.5 35.3031915445419
      vertex 77.80422606518061 -9.73606797749979 117.69999999999999
      vertex 77.46410161513776 -10.5 117.69999999999999
    endloop
  endfacet
  facet normal 0.9781476007338064 -0.207911690817756 0
    outer loop
      vertex 77.80422606518061 -9.73606797749979 36.48828599703995
      vertex 77.97808758147309 -8.918113853070615 117.69999999999999
      vertex 77.80422606518061 -9.73606797749979 117.69999999999999
    endloop
  endfacet
  facet normal 1 0 0
    outer loop
      vertex 77.97808758147309 -8.918113853070615 37.999999999999986
      vertex 77.97808758147309 -8.5 117.69999999999999
      vertex 77.97808758147309 -8.918113853070615 117.69999999999999
    endloop
  endfacet
  facet normal 0.5877852522924729 0.8090169943749476 -8.466976928836686e-17
    outer loop
      vertex 76.67652242543544 23.972579301909576 33.811390984471714
      vertex 76.48926290365984 24.108631308253496 33.5536503642637
      vertex 76.31452331158792 24.235587053220055 64.70882261623842
    endloop
  endfacet
  facet normal 0.5877852522924653 0.8090169943749531 -3.8930848522233516e-17
    outer loop
      vertex 76.07358619108047 24.410638117843867 32.98152045230856
      vertex 76.02452873036016 24.446280449373123 89.46050681743618
      vertex 76.3594934665989 24.20291432311358 33.37503805726331
    endloop
  endfacet
  facet normal 0.5877852522924946 0.8090169943749319 3.0009212524808818e-21
    outer loop
      vertex 76.07358619108047 24.410638117843867 32.98152045230856
      vertex 76.02452873036016 24.446280449373123 32.93734891627301
      vertex 76.02452873036016 24.446280449373123 89.46050681743618
    endloop
  endfacet
  facet normal 0.994521895368277 0.10452846326761846 3.2709376291670056e-20
    outer loop
      vertex 77.94644739923598 21.509518961140273 37.157384767447056
      vertex 77.91259040293522 21.83164676327104 36.99810012323397
      vertex 77.91259040293522 21.83164676327104 117.69999999999999
    endloop
  endfacet
  facet normal 0.4067366430758072 0.9135454576425978 0
    outer loop
      vertex 75.23606797749979 24.804226065180615 32.22741566562742
      vertex 75.23606797749979 24.804226065180615 117.69999999999999
      vertex 75.66963594336852 24.61118916974498 32.61780201557361
    endloop
  endfacet
  facet normal 0.7431448254773975 0.6691306063588547 -1.1140909794458307e-18
    outer loop
      vertex 77.23606797749979 23.351141009169893 34.79101960871988
      vertex 76.99519052838329 23.61866251869881 34.249999999999986
      vertex 76.67652242543544 23.972579301909576 117.69999999999999
    endloop
  endfacet
  facet normal 0.7431448254773976 0.6691306063588545 8.489751473506111e-20
    outer loop
      vertex 76.99519052838329 23.61866251869881 34.249999999999986
      vertex 76.67652242543544 23.972579301909576 33.811390984471714
      vertex 76.67652242543544 23.972579301909576 117.69999999999999
    endloop
  endfacet
  facet normal 0.8660254037844388 0.49999999999999967 -5.558524901792228e-17
    outer loop
      vertex 77.63292387221365 22.663766436242263 35.68237254218788
      vertex 77.53123964795326 22.839888678989496 35.453986035173116
      vertex 77.23606797749979 23.351141009169893 117.69999999999999
    endloop
  endfacet
  facet normal 0.8660254037843679 0.5000000000001226 -1.4290656350629122e-15
    outer loop
      vertex 77.64709584445148 22.63921986028289 35.74904642948868
      vertex 77.63292387221365 22.663766436242263 35.68237254218788
      vertex 77.23606797749979 23.351141009169893 117.69999999999999
    endloop
  endfacet
  facet normal 0.7431448254773976 0.6691306063588547 0
    outer loop
      vertex 77.23606797749979 23.351141009169893 34.79101960871988
      vertex 76.67652242543544 23.972579301909576 117.69999999999999
      vertex 77.23606797749979 23.351141009169893 117.69999999999999
    endloop
  endfacet
  facet normal -0.2079116908177603 -0.9781476007338055 9.210702315615232e-18
    outer loop
      vertex 2.7639320225002137 -12.304226065180615 36.48828599703995
      vertex 3.491682550952845 -12.458914215262048 37.216036525492584
      vertex 3.491682550952845 -12.458914215262048 37.999999999999986
    endloop
  endfacet
  facet normal -0.9945218953682735 -0.10452846326765293 -3.8819640805253724e-18
    outer loop
      vertex 0.08740959706477724 -9.331646763271038 36.99810012323397
      vertex 0.04108578473795177 -8.89090512988461 37.999999999999986
      vertex 0.04108578473795177 -8.89090512988461 37.216036525492584
    endloop
  endfacet
  facet normal -0.7431448254773971 -0.6691306063588551 -3.371321816872232e-18
    outer loop
      vertex 1.1832069780462362 -11.316793021953764 34.004456897493256
      vertex 1.3234775745645635 -11.472579301909576 117.69999999999999
      vertex 1.00480947161671 -11.118662518698809 34.249999999999986
    endloop
  endfacet
  facet normal -0.7431448254773975 -0.6691306063588547 -7.575333127981147e-19
    outer loop
      vertex 1.00480947161671 -11.118662518698809 34.249999999999986
      vertex 1.3234775745645635 -11.472579301909576 117.69999999999999
      vertex 0.7639320225002137 -10.851141009169893 34.79101960871988
    endloop
  endfacet
  facet normal -0.58778525229247 -0.8090169943749497 0
    outer loop
      vertex 2 -11.964101615137753 35.3031915445419
      vertex 2 -11.964101615137753 117.69999999999999
      vertex 1.3545992578826613 -11.49519052838329 34.249999999999986
    endloop
  endfacet
  facet normal -0.5877852522924881 -0.8090169943749366 2.1308468718646e-16
    outer loop
      vertex 1.3545992578826613 -11.49519052838329 34.249999999999986
      vertex 2 -11.964101615137753 117.69999999999999
      vertex 1.3234775745645635 -11.472579301909576 34.218878316681895
    endloop
  endfacet
  facet normal -0.7431448254773979 -0.6691306063588539 0
    outer loop
      vertex 1.3234775745645635 -11.472579301909576 34.218878316681895
      vertex 1.3234775745645635 -11.472579301909576 117.69999999999999
      vertex 1.1832069780462362 -11.316793021953764 34.004456897493256
    endloop
  endfacet
  facet normal -0.4067366430757987 -0.9135454576426015 -1.4724932560141737e-17
    outer loop
      vertex 2 -11.964101615137753 35.3031915445419
      vertex 2.3791809976459817 -12.132923872213652 35.68237254218788
      vertex 2.7639320225002137 -12.304226065180615 117.69999999999999
    endloop
  endfacet
  facet normal -0.8660254037844384 -0.5000000000000006 0
    outer loop
      vertex 0.7639320225002137 -10.851141009169893 34.79101960871988
      vertex 0.7639320225002137 -10.851141009169893 117.69999999999999
      vertex 0.3670761277863477 -10.163766436242273 35.68237254218788
    endloop
  endfacet
  facet normal -0.8660254037844393 -0.49999999999999883 1.7841160799382468e-17
    outer loop
      vertex 0.3670761277863477 -10.163766436242273 35.68237254218788
      vertex 0.7639320225002137 -10.851141009169893 117.69999999999999
      vertex 0.34581816942959875 -10.1269465723032 35.78238337313908
    endloop
  endfacet
  facet normal -0.9510565162951524 -0.30901699437495056 0
    outer loop
      vertex 0.34581816942959875 -10.1269465723032 35.78238337313908
      vertex 0.34581816942959875 -10.1269465723032 117.69999999999999
      vertex 0.08740959706477724 -9.331646763271038 36.99810012323397
    endloop
  endfacet
  facet normal -0.4067366430758014 -0.9135454576426003 1.3939879899636652e-19
    outer loop
      vertex 2.3791809976459817 -12.132923872213652 35.68237254218788
      vertex 2.7639320225002137 -12.304226065180615 36.48828599703995
      vertex 2.7639320225002137 -12.304226065180615 117.69999999999999
    endloop
  endfacet
  facet normal -0.2079116908177603 -0.9781476007338055 -6.769979600889688e-18
    outer loop
      vertex 2.7639320225002137 -12.304226065180615 36.48828599703995
      vertex 3.491682550952845 -12.458914215262048 37.999999999999986
      vertex 3.581886146929385 -12.478087581473094 117.69999999999999
    endloop
  endfacet
  facet normal -0.20791169081776606 -0.9781476007338041 -2.5294075340797347e-21
    outer loop
      vertex 3.491682550952845 -12.458914215262048 37.999999999999986
      vertex 3.581886146929385 -12.478087581473094 37.999999999999986
      vertex 3.581886146929385 -12.478087581473094 117.69999999999999
    endloop
  endfacet
  facet normal 0 -1 0
    outer loop
      vertex 3.581886146929385 -12.478087581473094 37.999999999999986
      vertex 4 -12.478087581473094 37.999999999999986
      vertex 4 -12.478087581473094 117.69999999999999
    endloop
  endfacet
  facet normal -0.9945218953682735 -0.10452846326765293 0
    outer loop
      vertex 0.08740959706477724 -9.331646763271038 36.99810012323397
      vertex 0.08740959706477724 -9.331646763271038 117.69999999999999
      vertex 0.04108578473795177 -8.89090512988461 37.999999999999986
    endloop
  endfacet
  facet normal -0.9945218953682733 -0.10452846326765329 -3.4117884714859604e-20
    outer loop
      vertex 0.04108578473795177 -8.89090512988461 37.999999999999986
      vertex 0 -8.5 117.69999999999999
      vertex 0 -8.5 37.999999999999986
    endloop
  endfacet
  facet normal -0.4067366430758 -0.9135454576426009 0
    outer loop
      vertex 2 -11.964101615137753 35.3031915445419
      vertex 2.7639320225002137 -12.304226065180615 117.69999999999999
      vertex 2 -11.964101615137753 117.69999999999999
    endloop
  endfacet
  facet normal -0.5877852522924708 -0.809016994374949 0
    outer loop
      vertex 1.3234775745645635 -11.472579301909576 34.218878316681895
      vertex 2 -11.964101615137753 117.69999999999999
      vertex 1.3234775745645635 -11.472579301909576 117.69999999999999
    endloop
  endfacet
  facet normal -0.7431448254773976 -0.6691306063588547 0
    outer loop
      vertex 0.7639320225002137 -10.851141009169893 34.79101960871988
      vertex 1.3234775745645635 -11.472579301909576 117.69999999999999
      vertex 0.7639320225002137 -10.851141009169893 117.69999999999999
    endloop
  endfacet
  facet normal -0.8660254037844384 -0.5000000000000004 0
    outer loop
      vertex 0.34581816942959875 -10.1269465723032 35.78238337313908
      vertex 0.7639320225002137 -10.851141009169893 117.69999999999999
      vertex 0.34581816942959875 -10.1269465723032 117.69999999999999
    endloop
  endfacet
  facet normal -0.2079116908177609 -0.9781476007338052 0
    outer loop
      vertex 2.7639320225002137 -12.304226065180615 36.48828599703995
      vertex 3.581886146929385 -12.478087581473094 117.69999999999999
      vertex 2.7639320225002137 -12.304226065180615 117.69999999999999
    endloop
  endfacet
  facet normal 0 -1 0
    outer loop
      vertex 3.581886146929385 -12.478087581473094 37.999999999999986
      vertex 4 -12.478087581473094 117.69999999999999
      vertex 3.581886146929385 -12.478087581473094 117.69999999999999
    endloop
  endfacet
  facet normal -0.9510565162951524 -0.3090169943749506 0
    outer loop
      vertex 0.08740959706477724 -9.331646763271038 36.99810012323397
      vertex 0.34581816942959875 -10.1269465723032 117.69999999999999
      vertex 0.08740959706477724 -9.331646763271038 117.69999999999999
    endloop
  endfacet
  facet normal -0.9945218953682734 -0.10452846326765311 -9.586763847109865e-19
    outer loop
      vertex 0.04108578473795177 -8.89090512988461 37.999999999999986
      vertex 0.08740959706477724 -9.331646763271038 117.69999999999999
      vertex 0 -8.5 117.69999999999999
    endloop
  endfacet
  facet normal -0.49999999999999983 0.8660254037844388 -3.339152778466322e-15
    outer loop
      vertex 1.9264138089195413 24.3963143264386 32.98152045230856
      vertex 1.8779838484726479 24.368353275737743 33.115439220380054
      vertex 2.373053427696803 24.6541818305704 32.57936433321787
    endloop
  endfacet
  facet normal -0.8090169943749471 0.5877852522924735 -8.317831428562901e-18
    outer loop
      vertex 1.027420698090424 23.676522425435433 34.218878316681895
      vertex 1.007835133063708 23.64956520783045 34.24583553428687
      vertex 1.0095837354273591 23.65197195250987 51.87011076497056
    endloop
  endfacet
  facet normal -0.6691306063588665 0.7431448254773868 2.0804512137092085e-19
    outer loop
      vertex 1.027420698090424 23.676522425435433 34.218878316681895
      vertex 1.2043790896958058 23.835856476909363 60.724999999999994
      vertex 1.2043790896958058 23.835856476909363 33.97531598580059
    endloop
  endfacet
  facet normal -1 0 0
    outer loop
      vertex 0.021912418526909505 21 37.999999999999986
      vertex 0.021912418526909505 21 117.69999999999999
      vertex 0.021912418526909505 21.30239268683964 37.999999999999986
    endloop
  endfacet
  facet normal -0.8090169943749448 0.5877852522924768 0
    outer loop
      vertex 0.535898384862243 23 35.3031915445419
      vertex 0.535898384862243 23 117.69999999999999
      vertex 0.8781292904701028 23.47104043110513 34.53452834538011
    endloop
  endfacet
  facet normal -0.9135454576426019 0.40673664307579793 1.3860827231739809e-19
    outer loop
      vertex 0.3670761277863477 22.620819002354025 35.68237254218788
      vertex 0.535898384862243 23 117.69999999999999
      vertex 0.535898384862243 23 35.3031915445419
    endloop
  endfacet
  facet normal -0.49999999999999706 0.8660254037844403 -7.229129045177911e-17
    outer loop
      vertex 2.373053427696803 24.6541818305704 32.57936433321787
      vertex 1.8779838484726479 24.368353275737743 33.115439220380054
      vertex 2.373053427696803 24.65418183057041 117.69999999999999
    endloop
  endfacet
  facet normal -0.5000000000000034 0.8660254037844367 0
    outer loop
      vertex 1.8779838484726479 24.368353275737743 33.115439220380054
      vertex 1.8779838484726479 24.368353275737743 80.19412418072929
      vertex 1.8902571364523386 24.37543926185666 80.22746112437969
    endloop
  endfacet
  facet normal -0.3090169943749519 0.9510565162951522 -7.938924488254755e-17
    outer loop
      vertex 2.373053427696803 24.6541818305704 32.57936433321787
      vertex 2.373053427696803 24.65418183057041 117.69999999999999
      vertex 3.0916106078064516 24.887655211257606 31.93237254218788
    endloop
  endfacet
  facet normal -0.30901699437495256 0.9510565162951519 -3.1957928545531634e-21
    outer loop
      vertex 3.0916106078064516 24.887655211257606 31.93237254218788
      vertex 3.1683532367289615 24.912590402935223 117.69999999999999
      vertex 3.1683532367289615 24.912590402935223 31.88806516472115
    endloop
  endfacet
  facet normal -0.10452846326765308 0.9945218953682733 -1.640585364328069e-20
    outer loop
      vertex 3.1683532367289615 24.912590402935223 31.88806516472115
      vertex 4 25 117.69999999999999
      vertex 4 25 31.40791368207594
    endloop
  endfacet
  facet normal -0.8090169943749528 0.5877852522924655 -2.5014430375507688e-17
    outer loop
      vertex 1.027420698090424 23.676522425435433 34.218878316681895
      vertex 1.0095837354273591 23.65197195250987 51.87011076497056
      vertex 1.027420698090424 23.676522425435437 117.69999999999999
    endloop
  endfacet
  facet normal -0.6691306063588639 0.7431448254773891 -3.1626081844213106e-17
    outer loop
      vertex 1.027420698090424 23.676522425435433 34.218878316681895
      vertex 1.027420698090424 23.676522425435437 117.69999999999999
      vertex 1.2043790896958058 23.835856476909363 60.724999999999994
    endloop
  endfacet
  facet normal -0.6691306063588497 0.7431448254774018 7.363101519861264e-20
    outer loop
      vertex 1.2043790896958058 23.835856476909363 60.724999999999994
      vertex 1.3381398444602652 23.95629520146761 117.69999999999999
      vertex 1.3381398444602652 23.95629520146761 60.99550980435995
    endloop
  endfacet
  facet normal -0.5000000000000066 0.8660254037844348 1.1049561609266322e-18
    outer loop
      vertex 1.8779838484726479 24.368353275737743 33.115439220380054
      vertex 1.8902571364523386 24.37543926185666 80.22746112437969
      vertex 2.373053427696803 24.65418183057041 117.69999999999999
    endloop
  endfacet
  facet normal -0.3090169943749442 0.9510565162951546 -8.31943095003638e-18
    outer loop
      vertex 3.0916106078064516 24.887655211257606 31.93237254218788
      vertex 2.373053427696803 24.65418183057041 117.69999999999999
      vertex 3.1683532367289615 24.912590402935223 117.69999999999999
    endloop
  endfacet
  facet normal -0.10452846326765308 0.9945218953682734 0
    outer loop
      vertex 3.1683532367289615 24.912590402935223 31.88806516472115
      vertex 3.1683532367289615 24.912590402935223 117.69999999999999
      vertex 4 25 117.69999999999999
    endloop
  endfacet
  facet normal -0.8090169943749471 0.5877852522924737 -2.9612148842512557e-17
    outer loop
      vertex 1.0095837354273591 23.65197195250987 51.87011076497056
      vertex 0.535898384862243 23 117.69999999999999
      vertex 1.027420698090424 23.676522425435437 117.69999999999999
    endloop
  endfacet
  facet normal -0.6691306063588547 0.7431448254773975 2.0649496195880285e-17
    outer loop
      vertex 1.2043790896958058 23.835856476909363 60.724999999999994
      vertex 1.027420698090424 23.676522425435437 117.69999999999999
      vertex 1.3381398444602652 23.95629520146761 117.69999999999999
    endloop
  endfacet
  facet normal -0.5000000000000066 0.8660254037844349 0
    outer loop
      vertex 1.8902571364523386 24.37543926185666 80.22746112437969
      vertex 1.8902571364523386 24.37543926185666 117.69999999999999
      vertex 2.373053427696803 24.65418183057041 117.69999999999999
    endloop
  endfacet
  facet normal -1 0 0
    outer loop
      vertex 0 -8.5 37.999999999999986
      vertex 0 4 83.92881355932202
      vertex 0 4 37.999999999999986
    endloop
  endfacet
  facet normal 0 0 -1
    outer loop
      vertex 7.5 -5 30.49999999999999
      vertex 7.5 0 30.49999999999999
      vertex 70.5 -5 30.49999999999999
    endloop
  endfacet
  facet normal 0 0 1
    outer loop
      vertex 2.7639320225002137 -12.304226065180615 117.69999999999999
      vertex 3.581886146929385 -12.478087581473094 117.69999999999999
      vertex 4 -12.478087581473094 117.69999999999999
    endloop
  endfacet
  facet normal 0 0 1
    outer loop
      vertex 0.08740959706477724 -9.331646763271038 117.69999999999999
      vertex 4.192608180923426 -8.529434476432183 117.69999999999999
      vertex 0 -8.5 117.69999999999999
    endloop
  endfacet
  facet normal 0 0 1
    outer loop
      vertex 0 -8.5 117.69999999999999
      vertex 3.772949016875157 -8.06335575687742 117.69999999999999
      vertex 3.4593636270721975 -7.520209929227401 117.69999999999999
    endloop
  endfacet
  facet normal 0 0 1
    outer loop
      vertex 0 -8.5 117.69999999999999
      vertex 3.4593636270721975 -7.520209929227401 117.69999999999999
      vertex 3.265557197798583 -6.923735072453279 117.69999999999999
    endloop
  endfacet
  facet normal 0 0 1
    outer loop
      vertex 0 -8.5 117.69999999999999
      vertex 3.265557197798583 -6.923735072453279 117.69999999999999
      vertex 3.2 -6.3 117.69999999999999
    endloop
  endfacet
  facet normal 0 0 1
    outer loop
      vertex 0.08740959706477724 -9.331646763271038 117.69999999999999
      vertex 5.272949016875157 -9.153169548885462 117.69999999999999
      vertex 4.7 -8.898076211353317 117.69999999999999
    endloop
  endfacet
  facet normal 0 0 1
    outer loop
      vertex 0.08740959706477724 -9.331646763271038 117.69999999999999
      vertex 4.7 -8.898076211353317 117.69999999999999
      vertex 4.192608180923426 -8.529434476432183 117.69999999999999
    endloop
  endfacet
  facet normal 0 0 1
    outer loop
      vertex 0.08740959706477724 -9.331646763271038 117.69999999999999
      vertex 5.886414610197041 -9.283565686104819 117.69999999999999
      vertex 5.272949016875157 -9.153169548885462 117.69999999999999
    endloop
  endfacet
  facet normal 0 0 1
    outer loop
      vertex 0.08740959706477724 -9.331646763271038 117.69999999999999
      vertex 6.2 -9.3 117.69999999999999
      vertex 5.886414610197041 -9.283565686104819 117.69999999999999
    endloop
  endfacet
  facet normal 0 0 1
    outer loop
      vertex 0 -8.5 117.69999999999999
      vertex 4.192608180923426 -8.529434476432183 117.69999999999999
      vertex 3.772949016875157 -8.06335575687742 117.69999999999999
    endloop
  endfacet
  facet normal 0 0 1
    outer loop
      vertex 1.3234775745645635 -11.472579301909576 117.69999999999999
      vertex 26.5 -9.3 117.69999999999999
      vertex 0.7639320225002137 -10.851141009169893 117.69999999999999
    endloop
  endfacet
  facet normal 0 0 1
    outer loop
      vertex 0.7639320225002137 -10.851141009169893 117.69999999999999
      vertex 26.5 -9.3 117.69999999999999
      vertex 0.34581816942959875 -10.1269465723032 117.69999999999999
    endloop
  endfacet
  facet normal 0 0 1
    outer loop
      vertex 5.886414610197041 -9.283565686104819 117.69999999999999
      vertex 6.2 -9.3 117.69999999999999
      vertex 6.2 -9.283565686104819 117.69999999999999
    endloop
  endfacet
  facet normal 0 0 1
    outer loop
      vertex 0.34581816942959875 -10.1269465723032 117.69999999999999
      vertex 26.5 -9.3 117.69999999999999
      vertex 0.08740959706477724 -9.331646763271038 117.69999999999999
    endloop
  endfacet
  facet normal -1 0 0
    outer loop
      vertex 0 -8.5 37.999999999999986
      vertex 0 -8.5 117.69999999999999
      vertex 0 4 117.69999999999999
    endloop
  endfacet
  facet normal 0 0 1
    outer loop
      vertex 0 -8.5 117.69999999999999
      vertex 3.2 -6.3 117.69999999999999
      vertex 1.9715050226393116 0.5566011977493365 117.69999999999999
    endloop
  endfacet
  facet normal 0 0 1
    outer loop
      vertex 0 -8.5 117.69999999999999
      vertex 1.9715050226393116 0.5566011977493365 117.69999999999999
      vertex 1.388180458746697 0.9804113010474989 117.69999999999999
    endloop
  endfacet
  facet normal 0 0 1
    outer loop
      vertex 2 -11.964101615137753 117.69999999999999
      vertex 2.7639320225002137 -12.304226065180615 117.69999999999999
      vertex 26.5 -9.3 117.69999999999999
    endloop
  endfacet
  facet normal 0 0 1
    outer loop
      vertex 2.7639320225002137 -12.304226065180615 117.69999999999999
      vertex 4 -12.478087581473094 117.69999999999999
      vertex 26.5 -9.3 117.69999999999999
    endloop
  endfacet
  facet normal 0 0 1
    outer loop
      vertex 4 -12.5 117.69999999999999
      vertex 26.5 -9.3 117.69999999999999
      vertex 4 -12.478087581473094 117.69999999999999
    endloop
  endfacet
  facet normal 0 0 1
    outer loop
      vertex 2 -11.964101615137753 117.69999999999999
      vertex 26.5 -9.3 117.69999999999999
      vertex 1.3234775745645635 -11.472579301909576 117.69999999999999
    endloop
  endfacet
  facet normal 0 0 1
    outer loop
      vertex 0.08740959706477724 -9.331646763271038 117.69999999999999
      vertex 26.5 -9.3 117.69999999999999
      vertex 6.2 -9.3 117.69999999999999
    endloop
  endfacet
  facet normal 0 -1 0
    outer loop
      vertex 4 -12.5 117.69999999999999
      vertex 26.5 -12.5 110.49999999999999
      vertex 26.5 -12.5 117.69999999999999
    endloop
  endfacet
  facet normal 0 0 1
    outer loop
      vertex 4 -12.5 117.69999999999999
      vertex 26.5 -12.5 117.69999999999999
      vertex 26.5 -9.3 117.69999999999999
    endloop
  endfacet
  facet normal -1 0 0
    outer loop
      vertex 0 -8.5 37.999999999999986
      vertex 0 4 117.69999999999999
      vertex 0 4 83.92881355932202
    endloop
  endfacet
  facet normal -1 0 0
    outer loop
      vertex 0 4 37.999999999999986
      vertex 0 4 83.92881355932202
      vertex 0 12.932621308016879 59.795595991561164
    endloop
  endfacet
  facet normal 0 0 1
    outer loop
      vertex 0 -8.5 117.69999999999999
      vertex 1.388180458746697 0.9804113010474989 117.69999999999999
      vertex 0.009219765075886037 3.912279794885707 117.69999999999999
    endloop
  endfacet
  facet normal 0 0 1
    outer loop
      vertex 0 -8.5 117.69999999999999
      vertex 0.009219765075886037 3.912279794885707 117.69999999999999
      vertex 0 4 117.69999999999999
    endloop
  endfacet
  facet normal 0 0 1
    outer loop
      vertex 3.2 -6.3 117.69999999999999
      vertex 3.2 6.2 117.69999999999999
      vertex 1.9715050226393116 0.5566011977493365 117.69999999999999
    endloop
  endfacet
  facet normal 0 0 1
    outer loop
      vertex 1.388180458746697 0.9804113010474989 117.69999999999999
      vertex 1.5518845816068072 17.319124518885328 117.69999999999999
      vertex 0.009219765075886037 3.912279794885707 117.69999999999999
    endloop
  endfacet
  facet normal 0 -1 0
    outer loop
      vertex 4 -12.5 37.999999999999986
      vertex 74 -12.5 37.999999999999986
      vertex 4 -12.5 117.69999999999999
    endloop
  endfacet
  facet normal 0 -1 0
    outer loop
      vertex 4 -12.5 117.69999999999999
      vertex 74 -12.5 37.999999999999986
      vertex 26.5 -12.5 110.49999999999999
    endloop
  endfacet
  facet normal -1 0 0
    outer loop
      vertex 0 4 37.999999999999986
      vertex 0 12.932621308016879 59.795595991561164
      vertex 0 21 37.999999999999986
    endloop
  endfacet
  facet normal 0 1 0
    outer loop
      vertex 4.4494751769315 25 31.148409067680486
      vertex 4 25 31.40791368207594
      vertex 74 25 31.40791368207594
    endloop
  endfacet
  facet normal 0 1 0
    outer loop
      vertex 4 25 31.40791368207594
      vertex 31.5 25 71.97005453930086
      vertex 31.5078125 25 64.36657385102102
    endloop
  endfacet
  facet normal 0 1 0
    outer loop
      vertex 4 25 31.40791368207594
      vertex 31.5078125 25 64.36657385102102
      vertex 46.4921875 25 64.36657385102102
    endloop
  endfacet
  facet normal -1 0 0
    outer loop
      vertex 0 21 37.999999999999986
      vertex 0 12.932621308016879 59.795595991561164
      vertex 0 21 117.69999999999999
    endloop
  endfacet
  facet normal -1 0 0
    outer loop
      vertex 0 4 117.69999999999999
      vertex 0 21 117.69999999999999
      vertex 0 12.932621308016879 59.795595991561164
    endloop
  endfacet
  facet normal 0 0 1
    outer loop
      vertex 0.009219765075886037 3.912279794885707 117.69999999999999
      vertex 1.5518845816068072 17.319124518885328 117.69999999999999
      vertex 0.021912418526909505 21 117.69999999999999
    endloop
  endfacet
  facet normal 0 0 1
    outer loop
      vertex 0 4 117.69999999999999
      vertex 0.021912418526909505 21 117.69999999999999
      vertex 0 21 117.69999999999999
    endloop
  endfacet
  facet normal 0 0 1
    outer loop
      vertex 3.2 18.8 117.69999999999999
      vertex 3.2046135229896144 18.888031262776792 117.69999999999999
      vertex 3.1679362101183455 18.912369501149495 117.69999999999999
    endloop
  endfacet
  facet normal 0 0 1
    outer loop
      vertex 3.2164343138951823 18.8 117.69999999999999
      vertex 3.2164343138951823 18.880187252289346 117.69999999999999
      vertex 3.2 18.8 117.69999999999999
    endloop
  endfacet
  facet normal 0 0 1
    outer loop
      vertex 3.2 18.8 117.69999999999999
      vertex 3.2164343138951823 18.880187252289346 117.69999999999999
      vertex 3.2046135229896144 18.888031262776792 117.69999999999999
    endloop
  endfacet
  facet normal 0 0 1
    outer loop
      vertex 3.2164343138951823 18.880187252289346 117.69999999999999
      vertex 3.2164343138951823 19.11358538980296 117.69999999999999
      vertex 3.2046135229896144 18.888031262776792 117.69999999999999
    endloop
  endfacet
  facet normal 0 1 0
    outer loop
      vertex 4 25 31.40791368207594
      vertex 4 25 117.69999999999999
      vertex 31.5 25 71.97005453930086
    endloop
  endfacet
  facet normal 0 0 1
    outer loop
      vertex 0.5683347431612301 22.09506184989597 117.69999999999999
      vertex 0.535898384862243 23 117.69999999999999
      vertex 0.5454708499898023 22.103715334014172 117.69999999999999
    endloop
  endfacet
  facet normal 0 0 1
    outer loop
      vertex 0.535898384862243 23 117.69999999999999
      vertex 1.0392543642131529 22.771216961792422 117.69999999999999
      vertex 1.027420698090424 23.676522425435437 117.69999999999999
    endloop
  endfacet
  facet normal 0 0 1
    outer loop
      vertex 1.8902571364523386 24.37543926185666 117.69999999999999
      vertex 48.65768447589893 22.751393943523468 117.69999999999999
      vertex 2.373053427696803 24.65418183057041 117.69999999999999
    endloop
  endfacet
  facet normal 0 1 0
    outer loop
      vertex 31.5078125 25 71.97005453930086
      vertex 31.5078125 25 64.36657385102102
      vertex 31.5 25 71.97005453930086
    endloop
  endfacet
  facet normal 0 1 0
    outer loop
      vertex 4 25 117.69999999999999
      vertex 31.5 25 104.84499999999998
      vertex 31.5 25 71.97005453930086
    endloop
  endfacet
  facet normal 0 0 1
    outer loop
      vertex 3.1683532367289615 24.912590402935223 117.69999999999999
      vertex 71.79999999999808 21.80000000000009 117.69999999999999
      vertex 4 25 117.69999999999999
    endloop
  endfacet
  facet normal 0 1 0
    outer loop
      vertex 4 25 117.69999999999999
      vertex 74 25 117.69999999999999
      vertex 31.5 25 104.84499999999998
    endloop
  endfacet
  facet normal 0 0 -1
    outer loop
      vertex 7.5 0 30.49999999999999
      vertex 70.5 0 30.49999999999999
      vertex 70.5 -5 30.49999999999999
    endloop
  endfacet
  facet normal 0 -1 0
    outer loop
      vertex 26.5 -12.5 110.49999999999999
      vertex 74 -12.5 37.999999999999986
      vertex 51.5 -12.5 110.49999999999999
    endloop
  endfacet
  facet normal 1 0 0
    outer loop
      vertex 78 -8.5 37.999999999999986
      vertex 78 4 37.999999999999986
      vertex 78 -8.5 117.69999999999999
    endloop
  endfacet
  facet normal 0 -1 0
    outer loop
      vertex 74 -12.5 37.999999999999986
      vertex 74 -12.5 117.69999999999999
      vertex 51.5 -12.5 110.49999999999999
    endloop
  endfacet
  facet normal 0 -1 0
    outer loop
      vertex 51.5 -12.5 110.49999999999999
      vertex 74 -12.5 117.69999999999999
      vertex 51.5 -12.5 117.69999999999999
    endloop
  endfacet
  facet normal 0 0 1
    outer loop
      vertex 51.5 -12.5 117.69999999999999
      vertex 74 -12.5 117.69999999999999
      vertex 51.5 -9.3 117.69999999999999
    endloop
  endfacet
  facet normal 0 0 1
    outer loop
      vertex 51.5 -9.3 117.69999999999999
      vertex 74 -12.5 117.69999999999999
      vertex 74.83164676327104 -12.412590402935223 117.69999999999999
    endloop
  endfacet
  facet normal 0 0 1
    outer loop
      vertex 51.5 -9.3 117.69999999999999
      vertex 74.83164676327104 -12.412590402935223 117.69999999999999
      vertex 75.6269465723032 -12.154181830570405 117.69999999999999
    endloop
  endfacet
  facet normal 0 0 1
    outer loop
      vertex 51.5 -9.3 117.69999999999999
      vertex 76.3511410091699 -11.73606797749979 117.69999999999999
      vertex 71.8 -9.3 117.69999999999999
    endloop
  endfacet
  facet normal 0 0 1
    outer loop
      vertex 51.5 -9.3 117.69999999999999
      vertex 75.6269465723032 -12.154181830570405 117.69999999999999
      vertex 76.3511410091699 -11.73606797749979 117.69999999999999
    endloop
  endfacet
  facet normal 0 0 1
    outer loop
      vertex 71.8 -9.3 117.69999999999999
      vertex 76.3511410091699 -11.73606797749979 117.69999999999999
      vertex 72.42373507245328 -9.234442802201418 117.69999999999999
    endloop
  endfacet
  facet normal 0 0 1
    outer loop
      vertex 72.42373507245328 -9.234442802201418 117.69999999999999
      vertex 76.97257930190958 -11.176522425435433 117.69999999999999
      vertex 73.02020992922739 -9.040636372927803 117.69999999999999
    endloop
  endfacet
  facet normal 0 0 1
    outer loop
      vertex 72.42373507245328 -9.234442802201418 117.69999999999999
      vertex 76.3511410091699 -11.73606797749979 117.69999999999999
      vertex 76.97257930190958 -11.176522425435433 117.69999999999999
    endloop
  endfacet
  facet normal 0 0 1
    outer loop
      vertex 76.97257930190958 -11.176522425435433 117.69999999999999
      vertex 77.46410161513776 -10.5 117.69999999999999
      vertex 73.56335575687741 -8.727050983124844 117.69999999999999
    endloop
  endfacet
  facet normal 0 0 1
    outer loop
      vertex 73.02020992922739 -9.040636372927803 117.69999999999999
      vertex 76.97257930190958 -11.176522425435433 117.69999999999999
      vertex 73.56335575687741 -8.727050983124844 117.69999999999999
    endloop
  endfacet
  facet normal 0 0 1
    outer loop
      vertex 77.46410161513776 -10.5 117.69999999999999
      vertex 74.02943447643217 -8.307391819076575 117.69999999999999
      vertex 73.56335575687741 -8.727050983124844 117.69999999999999
    endloop
  endfacet
  facet normal 0 0 1
    outer loop
      vertex 74.02943447643217 -8.307391819076575 117.69999999999999
      vertex 77.97808758147309 -8.918113853070615 117.69999999999999
      vertex 74.39807621135331 -7.8 117.69999999999999
    endloop
  endfacet
  facet normal 0 0 1
    outer loop
      vertex 77.46410161513776 -10.5 117.69999999999999
      vertex 77.80422606518061 -9.73606797749979 117.69999999999999
      vertex 74.02943447643217 -8.307391819076575 117.69999999999999
    endloop
  endfacet
  facet normal 0 0 1
    outer loop
      vertex 74.02943447643217 -8.307391819076575 117.69999999999999
      vertex 77.80422606518061 -9.73606797749979 117.69999999999999
      vertex 77.97808758147309 -8.918113853070615 117.69999999999999
    endloop
  endfacet
  facet normal 0 0 1
    outer loop
      vertex 77.97808758147309 -8.5 117.69999999999999
      vertex 74.65316954888546 -7.227050983124843 117.69999999999999
      vertex 74.39807621135331 -7.8 117.69999999999999
    endloop
  endfacet
  facet normal 0 0 1
    outer loop
      vertex 77.97808758147309 -8.5 117.69999999999999
      vertex 74.78356568610481 -6.613585389802959 117.69999999999999
      vertex 74.65316954888546 -7.227050983124843 117.69999999999999
    endloop
  endfacet
  facet normal 0 0 1
    outer loop
      vertex 77.97808758147309 -8.5 117.69999999999999
      vertex 74.8 -6.3 117.69999999999999
      vertex 74.78356568610481 -6.613585389802959 117.69999999999999
    endloop
  endfacet
  facet normal 0 0 1
    outer loop
      vertex 77.97808758147309 -8.918113853070615 117.69999999999999
      vertex 77.97808758147309 -8.5 117.69999999999999
      vertex 74.39807621135331 -7.8 117.69999999999999
    endloop
  endfacet
  facet normal 0 0 1
    outer loop
      vertex 74.78356568610481 -6.613585389802959 117.69999999999999
      vertex 74.8 -6.3 117.69999999999999
      vertex 74.78356568610481 -6.3 117.69999999999999
    endloop
  endfacet
  facet normal 0 0 1
    outer loop
      vertex 74.8 -6.3 117.69999999999999
      vertex 75.58884399536123 0.42982533542555923 117.69999999999999
      vertex 74.8 0.08408338821254056 117.69999999999999
    endloop
  endfacet
  facet normal 0 0 1
    outer loop
      vertex 78 -8.5 117.69999999999999
      vertex 77.9873725045777 4 117.69999999999999
      vertex 77.97808758147309 -8.5 117.69999999999999
    endloop
  endfacet
  facet normal 0 0 1
    outer loop
      vertex 77.97808758147309 -8.5 117.69999999999999
      vertex 77.9873725045777 4 117.69999999999999
      vertex 74.8 -6.3 117.69999999999999
    endloop
  endfacet
  facet normal 1 0 0
    outer loop
      vertex 78 4 37.999999999999986
      vertex 78 4 117.69999999999999
      vertex 78 -8.5 117.69999999999999
    endloop
  endfacet
  facet normal 0 0 1
    outer loop
      vertex 74.8 -6.3 117.69999999999999
      vertex 77.9873725045777 4 117.69999999999999
      vertex 75.58884399536123 0.42982533542555923 117.69999999999999
    endloop
  endfacet
  facet normal 0 0 1
    outer loop
      vertex 78 -8.5 117.69999999999999
      vertex 78 4 117.69999999999999
      vertex 77.9873725045777 4 117.69999999999999
    endloop
  endfacet
  facet normal 0 0 1
    outer loop
      vertex 75.58884399536123 0.42982533542555923 117.69999999999999
      vertex 77.9873725045777 4 117.69999999999999
      vertex 78 21 117.69999999999999
    endloop
  endfacet
  facet normal 0 1 0
    outer loop
      vertex 4 25 31.40791368207594
      vertex 46.4921875 25 64.36657385102102
      vertex 74 25 31.40791368207594
    endloop
  endfacet
  facet normal 0 1 0
    outer loop
      vertex 4.4494751769315 25 31.148409067680486
      vertex 74 25 31.40791368207594
      vertex 73.5505248230685 25 31.148409067680486
    endloop
  endfacet
  facet normal 0 1 0
    outer loop
      vertex 74 25 31.40791368207594
      vertex 46.4921875 25 64.36657385102102
      vertex 46.4921875 25 71.97005453930086
    endloop
  endfacet
  facet normal 0 1 0
    outer loop
      vertex 74 25 117.69999999999999
      vertex 46.4921875 25 71.97005453930086
      vertex 46.4921875 25 104.84499999999998
    endloop
  endfacet
  facet normal 0 1 0
    outer loop
      vertex 74 25 117.69999999999999
      vertex 46.4921875 25 104.84499999999998
      vertex 31.5 25 104.84499999999998
    endloop
  endfacet
  facet normal 0 0 1
    outer loop
      vertex 4 25 117.69999999999999
      vertex 71.79999999999808 21.80000000000009 117.69999999999999
      vertex 71.99743191721396 22.085207238310964 117.69999999999999
    endloop
  endfacet
  facet normal 0 0 1
    outer loop
      vertex 4 25 117.69999999999999
      vertex 74 24.97808758147309 117.69999999999999
      vertex 74 25 117.69999999999999
    endloop
  endfacet
  facet normal 0 0 1
    outer loop
      vertex 74.8 18.8 117.69999999999999
      vertex 74.7645866445157 19.372911097967307 117.69999999999999
      vertex 74.78894095837028 18.90521975257958 117.69999999999999
    endloop
  endfacet
  facet normal 0 0 1
    outer loop
      vertex 74.78894095837028 18.90521975257958 117.69999999999999
      vertex 74.7645866445157 19.372911097967307 117.69999999999999
      vertex 74.7410297611095 19.361064344756706 117.69999999999999
    endloop
  endfacet
  facet normal 0 1 0
    outer loop
      vertex 74 25 31.40791368207594
      vertex 46.4921875 25 71.97005453930086
      vertex 74 25 117.69999999999999
    endloop
  endfacet
  facet normal 0 0 1
    outer loop
      vertex 72.4203181864639 21.71836761749514 117.69999999999999
      vertex 72.72705098312484 21.653169548885458 117.69999999999999
      vertex 72.77908581857945 21.789083525354435 117.69999999999999
    endloop
  endfacet
  facet normal 0 0 1
    outer loop
      vertex 72.72705098312484 21.653169548885458 117.69999999999999
      vertex 73.01352549156242 21.52562288011939 117.69999999999999
      vertex 73.35409833345732 21.67475142404152 117.69999999999999
    endloop
  endfacet
  facet normal 0 0 1
    outer loop
      vertex 72.72705098312484 21.653169548885458 117.69999999999999
      vertex 73.35409833345732 21.67475142404152 117.69999999999999
      vertex 72.77908581857945 21.789083525354435 117.69999999999999
    endloop
  endfacet
  facet normal 0 0 1
    outer loop
      vertex 77.25569970857615 22.639785210137088 117.69999999999999
      vertex 77.23606797749979 23.351141009169893 117.69999999999999
      vertex 77.2436612299608 22.640173076137803 117.69999999999999
    endloop
  endfacet
  facet normal 0 0 1
    outer loop
      vertex 76.66798927505276 23.363930904939785 117.69999999999999
      vertex 77.23606797749979 23.351141009169893 117.69999999999999
      vertex 76.67652242543544 23.972579301909576 117.69999999999999
    endloop
  endfacet
  facet normal 0 1 0
    outer loop
      vertex 74.78356568610481 -6.3 41.999999999999986
      vertex 74.78356568610481 -6.3 117.69999999999999
      vertex 74.8 -6.3 41.999999999999986
    endloop
  endfacet
  facet normal 0 1 0
    outer loop
      vertex 74.8 -6.3 41.999999999999986
      vertex 74.78356568610481 -6.3 117.69999999999999
      vertex 74.8 -6.3 117.69999999999999
    endloop
  endfacet
  facet normal -1 0 0
    outer loop
      vertex 71.8 21.783565686104822 36.01485910395739
      vertex 71.8 21.783565686104822 117.69999999999999
      vertex 71.8 21.799999999999997 36.01485910400395
    endloop
  endfacet
  facet normal 1 0 0
    outer loop
      vertex 6.2 -9.3 41.999999999999986
      vertex 6.2 -9.283565686104819 41.999999999999986
      vertex 6.2 -9.283565686104819 117.69999999999999
    endloop
  endfacet
  facet normal 1 0 0
    outer loop
      vertex 6.2 -9.3 41.999999999999986
      vertex 6.2 -9.283565686104819 117.69999999999999
      vertex 6.2 -9.3 117.69999999999999
    endloop
  endfacet
  facet normal 0 -1 0
    outer loop
      vertex 3.2164343138951823 18.8 41.999999999999986
      vertex 3.2164343138951823 18.8 117.69999999999999
      vertex 3.2 18.8 41.999999999999986
    endloop
  endfacet
  facet normal 0 -1 0
    outer loop
      vertex 3.2 18.8 92.85390625
      vertex 3.2164343138951823 18.8 117.69999999999999
      vertex 3.2 18.8 117.69999999999999
    endloop
  endfacet
  facet normal -0.10452846326764564 0.9945218953682741 0
    outer loop
      vertex 72.1909051298846 -9.258914215262049 41.216036525492584
      vertex 72.1909051298846 -9.258914215262049 41.999999999999986
      vertex 72.42373507245328 -9.234442802201418 41.10090757878605
    endloop
  endfacet
  facet normal -0.6691306063588676 0.7431448254773857 -7.600358407106082e-15
    outer loop
      vertex 73.91259476646532 -8.412594766465322 38.51369423614443
      vertex 73.56335575687741 -8.727050983124844 39.21997446254451
      vertex 74.02943447643217 -8.307391819076575 38.77612052138231
    endloop
  endfacet
  facet normal -0.913545457642602 0.406736643075798 1.835138297008289e-15
    outer loop
      vertex 74.39807621135331 -7.8 39.60410341441103
      vertex 74.65316954888546 -7.227050983124843 40.71854698414053
      vertex 74.43292387221365 -7.721730872223142 39.68237254218788
    endloop
  endfacet
  facet normal -0.9781476007338092 0.20791169081774205 -2.4571711070191375e-19
    outer loop
      vertex 74.65316954888546 -7.227050983124843 40.71854698414053
      vertex 74.75891421526204 -6.729561441772787 41.999999999999986
      vertex 74.75891421526204 -6.729561441772787 41.216036525492584
    endloop
  endfacet
  facet normal -0.49999999999999023 0.8660254037844443 0
    outer loop
      vertex 73.02020992922739 -9.040636372927803 40.189120016214886
      vertex 73.02020992922739 -9.040636372927803 117.69999999999999
      vertex 73.2067734530746 -8.932923872213653 39.68237254218788
    endloop
  endfacet
  facet normal -0.10452846326764566 0.9945218953682743 0
    outer loop
      vertex 72.42373507245328 -9.234442802201418 41.10090757878605
      vertex 72.1909051298846 -9.258914215262049 41.999999999999986
      vertex 72.42373507245328 -9.234442802201418 117.69999999999999
    endloop
  endfacet
  facet normal -0.10452846326765564 0.9945218953682731 0
    outer loop
      vertex 71.8 -9.3 41.999999999999986
      vertex 71.8 -9.3 117.69999999999999
      vertex 72.1909051298846 -9.258914215262049 41.999999999999986
    endloop
  endfacet
  facet normal -0.3090169943749544 0.9510565162951513 0
    outer loop
      vertex 73.02020992922739 -9.040636372927803 40.189120016214886
      vertex 72.42373507245328 -9.234442802201418 41.10090757878605
      vertex 73.02020992922739 -9.040636372927803 117.69999999999999
    endloop
  endfacet
  facet normal -0.49999999999999967 0.8660254037844387 0
    outer loop
      vertex 73.56335575687741 -8.727050983124844 39.21997446254451
      vertex 73.2067734530746 -8.932923872213653 39.68237254218788
      vertex 73.56335575687741 -8.727050983124844 117.69999999999999
    endloop
  endfacet
  facet normal -0.6691306063588637 0.7431448254773894 1.0512608414117452e-19
    outer loop
      vertex 73.56335575687741 -8.727050983124844 39.21997446254451
      vertex 74.02943447643217 -8.307391819076575 117.69999999999999
      vertex 74.02943447643217 -8.307391819076575 38.77612052138231
    endloop
  endfacet
  facet normal -0.8090169943749416 0.5877852522924812 0
    outer loop
      vertex 74.02943447643217 -8.307391819076575 38.77612052138231
      vertex 74.02943447643217 -8.307391819076575 117.69999999999999
      vertex 74.39807621135331 -7.8 39.60410341441103
    endloop
  endfacet
  facet normal -0.9135454576426006 0.40673664307580093 0
    outer loop
      vertex 74.39807621135331 -7.8 39.60410341441103
      vertex 74.39807621135331 -7.8 117.69999999999999
      vertex 74.65316954888546 -7.227050983124843 40.71854698414053
    endloop
  endfacet
  facet normal -0.9781476007338094 0.20791169081774205 0
    outer loop
      vertex 74.65316954888546 -7.227050983124843 40.71854698414053
      vertex 74.65316954888546 -7.227050983124843 117.69999999999999
      vertex 74.75891421526204 -6.729561441772787 41.999999999999986
    endloop
  endfacet
  facet normal -0.9781476007338068 0.20791169081775393 8.170979759994811e-17
    outer loop
      vertex 74.75891421526204 -6.729561441772787 41.999999999999986
      vertex 74.65316954888546 -7.227050983124843 117.69999999999999
      vertex 74.78356568610481 -6.613585389802959 41.999999999999986
    endloop
  endfacet
  facet normal -1 0 0
    outer loop
      vertex 74.78356568610481 -6.613585389802959 41.999999999999986
      vertex 74.78356568610481 -6.613585389802959 117.69999999999999
      vertex 74.78356568610481 -6.3 41.999999999999986
    endloop
  endfacet
  facet normal -0.1045284632676519 0.9945218953682734 1.945927175954183e-17
    outer loop
      vertex 72.1909051298846 -9.258914215262049 41.999999999999986
      vertex 71.8 -9.3 117.69999999999999
      vertex 72.42373507245328 -9.234442802201418 117.69999999999999
    endloop
  endfacet
  facet normal -0.3090169943749543 0.9510565162951513 0
    outer loop
      vertex 72.42373507245328 -9.234442802201418 41.10090757878605
      vertex 72.42373507245328 -9.234442802201418 117.69999999999999
      vertex 73.02020992922739 -9.040636372927803 117.69999999999999
    endloop
  endfacet
  facet normal -0.49999999999999645 0.8660254037844407 -1.968204595439621e-17
    outer loop
      vertex 73.2067734530746 -8.932923872213653 39.68237254218788
      vertex 73.02020992922739 -9.040636372927803 117.69999999999999
      vertex 73.56335575687741 -8.727050983124844 117.69999999999999
    endloop
  endfacet
  facet normal -0.6691306063588637 0.7431448254773894 0
    outer loop
      vertex 73.56335575687741 -8.727050983124844 39.21997446254451
      vertex 73.56335575687741 -8.727050983124844 117.69999999999999
      vertex 74.02943447643217 -8.307391819076575 117.69999999999999
    endloop
  endfacet
  facet normal -0.8090169943749416 0.5877852522924812 0
    outer loop
      vertex 74.39807621135331 -7.8 39.60410341441103
      vertex 74.02943447643217 -8.307391819076575 117.69999999999999
      vertex 74.39807621135331 -7.8 117.69999999999999
    endloop
  endfacet
  facet normal -0.9135454576426006 0.406736643075801 0
    outer loop
      vertex 74.65316954888546 -7.227050983124843 40.71854698414053
      vertex 74.39807621135331 -7.8 117.69999999999999
      vertex 74.65316954888546 -7.227050983124843 117.69999999999999
    endloop
  endfacet
  facet normal -0.9781476007338088 0.20791169081774433 0
    outer loop
      vertex 74.78356568610481 -6.613585389802959 41.999999999999986
      vertex 74.65316954888546 -7.227050983124843 117.69999999999999
      vertex 74.78356568610481 -6.613585389802959 117.69999999999999
    endloop
  endfacet
  facet normal -1 0 0
    outer loop
      vertex 74.78356568610481 -6.3 41.999999999999986
      vertex 74.78356568610481 -6.613585389802959 117.69999999999999
      vertex 74.78356568610481 -6.3 117.69999999999999
    endloop
  endfacet
  facet normal -0.40673664307583657 -0.9135454576425847 8.094581776489585e-17
    outer loop
      vertex 73.12352117449093 21.476649646819517 37.32552644476799
      vertex 73.3 21.398076211353313 37.56842870954466
      vertex 73.3 21.398076211353317 77.63421435477233
    endloop
  endfacet
  facet normal -0.5877852522924683 -0.8090169943749511 7.17371616707661e-17
    outer loop
      vertex 73.3 21.398076211353313 37.56842870954466
      vertex 73.54759526419164 21.218187722185363 37.909214354772324
      vertex 73.3 21.398076211353317 77.63421435477233
    endloop
  endfacet
  facet normal -0.9945218953682731 -0.10452846326765611 3.275182422168713e-16
    outer loop
      vertex 74.78239282452013 18.967521084524847 102.30059713115789
      vertex 74.78894095837028 18.90521975257958 117.69999999999999
      vertex 74.74492994432968 19.32395658016162 102.30059713115789
    endloop
  endfacet
  facet normal -0.9945218953682726 -0.10452846326765992 2.225787088458426e-16
    outer loop
      vertex 74.74492994432968 19.32395658016162 102.30059713115789
      vertex 74.78894095837028 18.90521975257958 117.69999999999999
      vertex 74.7410297611095 19.361064344756706 117.69999999999999
    endloop
  endfacet
  facet normal -0.40673664307583063 -0.9135454576425873 4.945055226185749e-17
    outer loop
      vertex 73.12352117449093 21.476649646819517 37.32552644476799
      vertex 73.3 21.398076211353317 77.63421435477233
      vertex 73.27655695798542 21.4085137261291 85.19697649539928
    endloop
  endfacet
  facet normal -0.40673664307576424 -0.913545457642617 -8.028567880902158e-17
    outer loop
      vertex 72.72705098312484 21.65316954888546 77.27478977921663
      vertex 72.77589605244339 21.631422322888962 90.79384015076951
      vertex 72.72705098312484 21.653169548885458 117.69999999999999
    endloop
  endfacet
  facet normal -0.20791169081778402 -0.9781476007338004 -8.596314878843253e-17
    outer loop
      vertex 72.72705098312484 21.65316954888546 77.27478977921663
      vertex 72.72705098312484 21.653169548885458 117.69999999999999
      vertex 72.61953388027995 21.676023014586896 94.74812790416397
    endloop
  endfacet
  facet normal -0.2079116908176901 -0.9781476007338205 -5.458816759908754e-16
    outer loop
      vertex 72.61953388027995 21.676023014586896 94.74812790416397
      vertex 72.72705098312484 21.653169548885458 117.69999999999999
      vertex 72.5944692144514 21.68135067377482 94.74812790416397
    endloop
  endfacet
  facet normal -0.40673664307579155 -0.9135454576426048 -1.3969645294076995e-16
    outer loop
      vertex 72.77589605244339 21.631422322888962 90.79384015076951
      vertex 73.01352549156242 21.52562288011939 117.69999999999999
      vertex 72.72705098312484 21.653169548885458 117.69999999999999
    endloop
  endfacet
  facet normal -0.20791169081776825 -0.9781476007338037 -7.386209891825278e-17
    outer loop
      vertex 72.5944692144514 21.68135067377482 94.74812790416397
      vertex 72.72705098312484 21.653169548885458 117.69999999999999
      vertex 72.4203181864639 21.71836761749514 117.69999999999999
    endloop
  endfacet
  facet normal 0.20791169081775399 0.9781476007338068 7.719110219171733e-18
    outer loop
      vertex 5.272949016875157 -9.153169548885462 40.71854698414053
      vertex 5.770438558227217 -9.258914215262049 41.999999999999986
      vertex 5.770438558227217 -9.258914215262049 41.216036525492584
    endloop
  endfacet
  facet normal 0.9945218953682734 0.10452846326765276 1.2750833741403395e-18
    outer loop
      vertex 3.265557197798583 -6.923735072453279 41.10090757878605
      vertex 3.241085784737952 -6.69090512988461 41.216036525492584
      vertex 3.241085784737952 -6.69090512988461 41.999999999999986
    endloop
  endfacet
  facet normal 0.40673664307580726 0.9135454576425979 0
    outer loop
      vertex 4.7 -8.898076211353317 39.60410341441103
      vertex 4.7 -8.898076211353317 117.69999999999999
      vertex 4.7782691277768565 -8.932923872213653 39.68237254218788
    endloop
  endfacet
  facet normal 0.5877852522924745 0.8090169943749463 0
    outer loop
      vertex 4.192608180923426 -8.529434476432183 38.77612052138231
      vertex 4.192608180923426 -8.529434476432183 117.69999999999999
      vertex 4.7 -8.898076211353317 39.60410341441103
    endloop
  endfacet
  facet normal 0.8660254037844402 0.49999999999999745 5.934865429014964e-20
    outer loop
      vertex 3.567076127786348 -7.70677345307461 39.68237254218788
      vertex 3.4593636270721975 -7.520209929227401 40.1891200162149
      vertex 3.4593636270721975 -7.520209929227401 117.69999999999999
    endloop
  endfacet
  facet normal 0.74314482547739 0.669130606358863 1.539777342861132e-19
    outer loop
      vertex 4.087405233534679 -8.412594766465322 38.51369423614443
      vertex 3.772949016875157 -8.06335575687742 39.21997446254451
      vertex 3.772949016875157 -8.06335575687742 117.69999999999999
    endloop
  endfacet
  facet normal 0.7431448254773975 0.6691306063588547 6.58196041116093e-17
    outer loop
      vertex 4.087405233534679 -8.412594766465322 38.51369423614443
      vertex 3.772949016875157 -8.06335575687742 117.69999999999999
      vertex 4.192608180923426 -8.529434476432183 38.77612052138231
    endloop
  endfacet
  facet normal 0.8660254037844394 0.4999999999999988 0
    outer loop
      vertex 3.772949016875157 -8.06335575687742 39.21997446254451
      vertex 3.567076127786348 -7.70677345307461 39.68237254218788
      vertex 3.772949016875157 -8.06335575687742 117.69999999999999
    endloop
  endfacet
  facet normal 0.9510565162951535 0.3090169943749477 0
    outer loop
      vertex 3.4593636270721975 -7.520209929227401 40.1891200162149
      vertex 3.265557197798583 -6.923735072453279 41.10090757878605
      vertex 3.4593636270721975 -7.520209929227401 117.69999999999999
    endloop
  endfacet
  facet normal 0.40673664307580004 0.913545457642601 -8.714049464626216e-18
    outer loop
      vertex 4.7782691277768565 -8.932923872213653 39.68237254218788
      vertex 4.7 -8.898076211353317 117.69999999999999
      vertex 5.272949016875157 -9.153169548885462 40.71854698414053
    endloop
  endfacet
  facet normal 0.20791169081775399 0.9781476007338067 0
    outer loop
      vertex 5.272949016875157 -9.153169548885462 40.71854698414053
      vertex 5.272949016875157 -9.153169548885462 117.69999999999999
      vertex 5.770438558227217 -9.258914215262049 41.999999999999986
    endloop
  endfacet
  facet normal 0.20791169081776006 0.9781476007338056 4.140162848863027e-17
    outer loop
      vertex 5.886414610197041 -9.283565686104819 41.999999999999986
      vertex 5.770438558227217 -9.258914215262049 41.999999999999986
      vertex 5.272949016875157 -9.153169548885462 117.69999999999999
    endloop
  endfacet
  facet normal 0 1 0
    outer loop
      vertex 5.886414610197041 -9.283565686104819 41.999999999999986
      vertex 5.886414610197041 -9.283565686104819 117.69999999999999
      vertex 6.2 -9.283565686104819 41.999999999999986
    endloop
  endfacet
  facet normal 0.9945218953682735 0.10452846326765276 0
    outer loop
      vertex 3.265557197798583 -6.923735072453279 41.10090757878605
      vertex 3.241085784737952 -6.69090512988461 41.999999999999986
      vertex 3.265557197798583 -6.923735072453279 117.69999999999999
    endloop
  endfacet
  facet normal 0.9945218953682733 0.10452846326765329 -3.5920679151576094e-20
    outer loop
      vertex 3.241085784737952 -6.69090512988461 41.999999999999986
      vertex 3.2 -6.3 41.999999999999986
      vertex 3.2 -6.3 117.69999999999999
    endloop
  endfacet
  facet normal 0.5877852522924744 0.8090169943749463 0
    outer loop
      vertex 4.7 -8.898076211353317 39.60410341441103
      vertex 4.192608180923426 -8.529434476432183 117.69999999999999
      vertex 4.7 -8.898076211353317 117.69999999999999
    endloop
  endfacet
  facet normal 0.8660254037844396 0.4999999999999983 -2.7512431801111652e-18
    outer loop
      vertex 3.567076127786348 -7.70677345307461 39.68237254218788
      vertex 3.4593636270721975 -7.520209929227401 117.69999999999999
      vertex 3.772949016875157 -8.06335575687742 117.69999999999999
    endloop
  endfacet
  facet normal 0.7431448254773918 0.6691306063588608 0
    outer loop
      vertex 4.192608180923426 -8.529434476432183 38.77612052138231
      vertex 3.772949016875157 -8.06335575687742 117.69999999999999
      vertex 4.192608180923426 -8.529434476432183 117.69999999999999
    endloop
  endfacet
  facet normal 0.9510565162951535 0.3090169943749477 0
    outer loop
      vertex 3.265557197798583 -6.923735072453279 41.10090757878605
      vertex 3.265557197798583 -6.923735072453279 117.69999999999999
      vertex 3.4593636270721975 -7.520209929227401 117.69999999999999
    endloop
  endfacet
  facet normal 0.20791169081775512 0.9781476007338065 0
    outer loop
      vertex 5.886414610197041 -9.283565686104819 41.999999999999986
      vertex 5.272949016875157 -9.153169548885462 117.69999999999999
      vertex 5.886414610197041 -9.283565686104819 117.69999999999999
    endloop
  endfacet
  facet normal 0.406736643075801 0.9135454576426006 0
    outer loop
      vertex 5.272949016875157 -9.153169548885462 40.71854698414053
      vertex 4.7 -8.898076211353317 117.69999999999999
      vertex 5.272949016875157 -9.153169548885462 117.69999999999999
    endloop
  endfacet
  facet normal 0 1 0
    outer loop
      vertex 6.2 -9.283565686104819 41.999999999999986
      vertex 5.886414610197041 -9.283565686104819 117.69999999999999
      vertex 6.2 -9.283565686104819 117.69999999999999
    endloop
  endfacet
  facet normal 0.9945218953682734 0.1045284632676531 1.0198904158899293e-18
    outer loop
      vertex 3.241085784737952 -6.69090512988461 41.999999999999986
      vertex 3.2 -6.3 117.69999999999999
      vertex 3.265557197798583 -6.923735072453279 117.69999999999999
    endloop
  endfacet
  facet normal 0.5000000000000127 -0.8660254037844314 0
    outer loop
      vertex 4.614935395023989 21.32998742766925 37.68551009390566
      vertex 4.614935395023989 21.32998742766925 63.44118627109394
      vertex 4.436644243122584 21.22705098312484 37.93090681196274
    endloop
  endfacet
  facet normal 0.6691306063588448 -0.7431448254774063 6.61184195153201e-17
    outer loop
      vertex 4.320726857369647 21.122678500188467 38.090453405981364
      vertex 4.436644243122584 21.22705098312484 37.93090681196274
      vertex 4.436644243122584 21.227050983124844 77.81545340598137
    endloop
  endfacet
  facet normal 0.9135454576425841 -0.40673664307583807 3.701619615566846e-17
    outer loop
      vertex 3.584499958216516 20.260865436111573 39.64323797829945
      vertex 3.601923788646684 20.299999999999997 39.60410341441103
      vertex 3.601923788646684 20.3 78.65205170720552
    endloop
  endfacet
  facet normal 0.8090169943749465 -0.5877852522924745 5.251790331029619e-17
    outer loop
      vertex 3.601923788646684 20.299999999999997 39.60410341441103
      vertex 3.970565523567818 20.80739181907657 38.77612052138231
      vertex 3.970565523567818 20.807391819076575 78.23806026069116
    endloop
  endfacet
  facet normal 0.6691306063588711 -0.7431448254773827 -7.30689020293753e-17
    outer loop
      vertex 3.970565523567818 20.80739181907657 38.77612052138231
      vertex 4.087687497592264 20.912848918164332 38.51306026069115
      vertex 4.203604883345201 21.01722140110071 78.23806026069116
    endloop
  endfacet
  facet normal 0.49999999999981004 -0.8660254037845483 1.8723736374233395e-15
    outer loop
      vertex 4.436644243122584 21.22705098312484 37.93090681196274
      vertex 4.614935395023989 21.32998742766925 63.44118627109394
      vertex 4.6164865519964495 21.330882988564856 64.3434412831935
    endloop
  endfacet
  facet normal 0.5000000000003889 -0.8660254037842142 -3.3845545787224545e-15
    outer loop
      vertex 4.436644243122584 21.22705098312484 37.93090681196274
      vertex 4.6164865519964495 21.330882988564856 64.3434412831935
      vertex 4.611970640095512 21.32827572561321 64.3434412831935
    endloop
  endfacet
  facet normal 0.10452846326763972 -0.9945218953682748 8.65534581062982e-17
    outer loop
      vertex 6.004547435057703 21.779457107631025 36.19084538389982
      vertex 6.2 21.799999999999997 36.01485910395739
      vertex 6.2 21.8 76.8574295519787
    endloop
  endfacet
  facet normal 1 0 0
    outer loop
      vertex 3.2164343138951823 19.11358538980296 41.999999999999986
      vertex 3.2164343138951823 19.11358538980296 117.69999999999999
      vertex 3.2164343138951823 18.880187252289346 117.69999999999999
    endloop
  endfacet
  facet normal 0.49999999999999967 -0.8660254037844388 7.714116270473319e-17
    outer loop
      vertex 4.436644243122584 21.22705098312484 37.93090681196274
      vertex 4.611970640095512 21.32827572561321 64.3434412831935
      vertex 4.436644243122584 21.227050983124844 77.81545340598137
    endloop
  endfacet
  facet normal 0.8090169943749466 -0.5877852522924746 5.347867934976802e-17
    outer loop
      vertex 3.601923788646684 20.299999999999997 39.60410341441103
      vertex 3.786244656107251 20.553695909538288 78.65205170720552
      vertex 3.601923788646684 20.3 78.65205170720552
    endloop
  endfacet
  facet normal 0.8090169943749465 -0.5877852522924744 5.2726655256145984e-17
    outer loop
      vertex 3.601923788646684 20.299999999999997 39.60410341441103
      vertex 3.970565523567818 20.807391819076575 78.23806026069116
      vertex 3.786244656107251 20.553695909538288 78.65205170720552
    endloop
  endfacet
  facet normal 0.6691306063588581 -0.7431448254773944 6.69044857968148e-17
    outer loop
      vertex 3.970565523567818 20.80739181907657 38.77612052138231
      vertex 4.203604883345201 21.01722140110071 78.23806026069116
      vertex 3.970565523567818 20.807391819076575 78.23806026069116
    endloop
  endfacet
  facet normal 0 0 1
    outer loop
      vertex 10.7 -1.8000000000000007 34.499999999999986
      vertex 67.3 -1.8000000000000007 34.499999999999986
      vertex 10.7 3.1999999999999993 34.499999999999986
    endloop
  endfacet
  facet normal 1 0 0
    outer loop
      vertex 3.2 -6.3 41.999999999999986
      vertex 3.2 6.2 117.69999999999999
      vertex 3.2 -6.3 117.69999999999999
    endloop
  endfacet
  facet normal 0 1 0
    outer loop
      vertex 6.2 -9.3 41.999999999999986
      vertex 6.2 -9.3 117.69999999999999
      vertex 26.5 -9.3 110.49999999999999
    endloop
  endfacet
  facet normal 1 0 0
    outer loop
      vertex 3.2 -6.3 41.999999999999986
      vertex 3.2 6.199999999999999 41.999999999999986
      vertex 3.2 6.2 117.69999999999999
    endloop
  endfacet
  facet normal 0 1 0
    outer loop
      vertex 6.2 -9.3 41.999999999999986
      vertex 26.5 -9.3 110.49999999999999
      vertex 51.5 -9.3 110.49999999999999
    endloop
  endfacet
  facet normal 0 1 0
    outer loop
      vertex 6.2 -9.3 117.69999999999999
      vertex 26.5 -9.3 117.69999999999999
      vertex 26.5 -9.3 110.49999999999999
    endloop
  endfacet
  facet normal 0 -1 0
    outer loop
      vertex 7.6494751769315 21.799999999999997 35.14840906768049
      vertex 9.140662318866806 21.799999999999997 34.66389299449645
      vertex 68.8593376811332 21.799999999999997 34.66389299449645
    endloop
  endfacet
  facet normal 0 -1 0
    outer loop
      vertex 9.140662318866806 21.799999999999997 34.66389299449645
      vertex 10.700000000000017 21.799999999999997 34.499999999999986
      vertex 67.3 21.799999999999997 34.499999999999986
    endloop
  endfacet
  facet normal 0 -1 0
    outer loop
      vertex 6.291610607806452 21.799999999999997 35.93237254218788
      vertex 7.6494751769315 21.799999999999997 35.14840906768049
      vertex 70.3505248230685 21.799999999999997 35.14840906768049
    endloop
  endfacet
  facet normal 0 -1 0
    outer loop
      vertex 6.2 21.799999999999997 36.01485910395739
      vertex 6.291610607806452 21.799999999999997 35.93237254218788
      vertex 71.8 21.799999999999997 36.01485910400395
    endloop
  endfacet
  facet normal 1.2997732971221725e-15 -1 8.698555550811613e-17
    outer loop
      vertex 6.2 21.799999999999997 36.01485910395739
      vertex 71.79999999999808 21.80000000000009 117.69999999999999
      vertex 6.2 21.8 76.8574295519787
    endloop
  endfacet
  facet normal 2.707861035671272e-15 -1 -2.174638887703031e-15
    outer loop
      vertex 6.2 21.8 76.8574295519787
      vertex 71.79999999999808 21.80000000000009 117.69999999999999
      vertex 39 21.8 117.69999999999999
    endloop
  endfacet
  facet normal 0 0 1
    outer loop
      vertex 10.7 3.1999999999999993 34.499999999999986
      vertex 67.3 -1.8000000000000007 34.499999999999986
      vertex 67.3 3.1999999999999993 34.499999999999986
    endloop
  endfacet
  facet normal -1 0 0
    outer loop
      vertex 74.8 -6.3 41.999999999999986
      vertex 74.8 0.39122160834868014 77.17796193984039
      vertex 74.8 6.2 41.999999999999986
    endloop
  endfacet
  facet normal -1 0 0
    outer loop
      vertex 74.8 6.2 41.999999999999986
      vertex 74.8 0.39122160834868014 77.17796193984039
      vertex 74.8 18.8 41.999999999999986
    endloop
  endfacet
  facet normal 0 1 0
    outer loop
      vertex 6.2 -9.3 41.999999999999986
      vertex 51.5 -9.3 110.49999999999999
      vertex 71.8 -9.3 41.999999999999986
    endloop
  endfacet
  facet normal 0 1 0
    outer loop
      vertex 71.8 -9.3 41.999999999999986
      vertex 51.5 -9.3 110.49999999999999
      vertex 51.5 -9.3 117.69999999999999
    endloop
  endfacet
  facet normal -1 0 0
    outer loop
      vertex 74.8 -6.3 41.999999999999986
      vertex 74.8 0.08408338821254054 77.17796193984039
      vertex 74.8 0.39122160834868014 77.17796193984039
    endloop
  endfacet
  facet normal -1 0 0
    outer loop
      vertex 74.8 -6.3 41.999999999999986
      vertex 74.8 -6.3 117.69999999999999
      vertex 74.8 0.08408338821254054 77.17796193984039
    endloop
  endfacet
  facet normal 0 1 0
    outer loop
      vertex 71.8 -9.3 41.999999999999986
      vertex 51.5 -9.3 117.69999999999999
      vertex 71.8 -9.3 117.69999999999999
    endloop
  endfacet
  facet normal -1 0 0
    outer loop
      vertex 74.8 -6.3 117.69999999999999
      vertex 74.8 0.08408338821254054 79.03799100098485
      vertex 74.8 0.08408338821254054 77.17796193984039
    endloop
  endfacet
  facet normal -1 0 0
    outer loop
      vertex 74.8 0.08408338821254054 79.03799100098485
      vertex 74.8 18.8 41.999999999999986
      vertex 74.8 0.39122160834868014 77.17796193984039
    endloop
  endfacet
  facet normal -1 0 0
    outer loop
      vertex 74.8 0.08408338821254054 79.03799100098485
      vertex 74.8 6.2 80.000796812749
      vertex 74.8 18.8 41.999999999999986
    endloop
  endfacet
  facet normal -1 0 0
    outer loop
      vertex 74.8 -6.3 117.69999999999999
      vertex 74.8 6.2 80.000796812749
      vertex 74.8 0.08408338821254054 79.03799100098485
    endloop
  endfacet
  facet normal -1 0 0
    outer loop
      vertex 74.8 -6.3 117.69999999999999
      vertex 74.8 0.08408338821254056 117.69999999999999
      vertex 74.8 6.2 80.000796812749
    endloop
  endfacet
  facet normal 0 -1 0
    outer loop
      vertex 9.140662318866806 21.799999999999997 34.66389299449645
      vertex 67.3 21.799999999999997 34.499999999999986
      vertex 68.8593376811332 21.799999999999997 34.66389299449645
    endloop
  endfacet
  facet normal 0 -1 0
    outer loop
      vertex 7.6494751769315 21.799999999999997 35.14840906768049
      vertex 68.8593376811332 21.799999999999997 34.66389299449645
      vertex 70.3505248230685 21.799999999999997 35.14840906768049
    endloop
  endfacet
  facet normal 0 -1 0
    outer loop
      vertex 6.291610607806452 21.799999999999997 35.93237254218788
      vertex 70.3505248230685 21.799999999999997 35.14840906768049
      vertex 71.7083893921936 21.799999999999997 35.93237254218792
    endloop
  endfacet
  facet normal 0 -1 0
    outer loop
      vertex 6.291610607806452 21.799999999999997 35.93237254218788
      vertex 71.7083893921936 21.799999999999997 35.93237254218792
      vertex 71.8 21.799999999999997 36.01485910400395
    endloop
  endfacet
  facet normal -8.0263302651200025e-28 -1 1.1308122216061545e-15
    outer loop
      vertex 6.2 21.799999999999997 36.01485910395739
      vertex 71.8 21.799999999999997 36.01485910400395
      vertex 71.79999999999808 21.80000000000009 117.69999999999999
    endloop
  endfacet
  facet normal 1 0 0
    outer loop
      vertex 26.5 -12.5 110.49999999999999
      vertex 26.5 -9.3 117.69999999999999
      vertex 26.5 -12.5 117.69999999999999
    endloop
  endfacet
  facet normal 1 0 0
    outer loop
      vertex 26.5 -12.5 110.49999999999999
      vertex 26.5 -9.3 110.49999999999999
      vertex 26.5 -9.3 117.69999999999999
    endloop
  endfacet
  facet normal 0 0 1
    outer loop
      vertex 26.5 -12.5 110.49999999999999
      vertex 51.5 -9.3 110.49999999999999
      vertex 26.5 -9.3 110.49999999999999
    endloop
  endfacet
  facet normal 0 0 1
    outer loop
      vertex 26.5 -12.5 110.49999999999999
      vertex 51.5 -12.5 110.49999999999999
      vertex 51.5 -9.3 110.49999999999999
    endloop
  endfacet
  facet normal -1 0 0
    outer loop
      vertex 51.5 -12.5 110.49999999999999
      vertex 51.5 -12.5 117.69999999999999
      vertex 51.5 -9.3 110.49999999999999
    endloop
  endfacet
  facet normal -1 0 0
    outer loop
      vertex 51.5 -12.5 117.69999999999999
      vertex 51.5 -9.3 117.69999999999999
      vertex 51.5 -9.3 110.49999999999999
    endloop
  endfacet
endsolid OpenSCAD_Model
